Age,Annual_Income,Loan_Amount,Credit_Score,Employment_Years,Debt_to_Income_Ratio,Loan_Term_Months,Num_Credit_Lines,Home_Ownership,Loan_Purpose,Marital_Status,Education,Has_CoSigner,Previous_Defaults,Default
45,39660.86,8308.66,637,0.3,0.556,60,4,Mortgage,Education,Single,PhD,1,0,1
38,39077.14,10787.58,647,21.3,0.134,60,1,Mortgage,Auto,Single,High School,0,1,0
47,19973.83,8794.07,655,8.0,0.135,36,6,Own,Home Improvement,Single,Bachelor,1,0,0
58,41562.55,14433.29,735,10.2,0.341,12,8,Own,Education,Married,Master,0,0,0
37,70715.11,30884.97,582,5.9,0.389,48,3,Mortgage,Debt Consolidation,Married,Bachelor,1,0,0
37,25922.95,7787.46,573,1.0,0.344,24,1,Own,Medical,Married,High School,0,0,0
58,82804.8,26918.64,761,0.2,0.223,48,2,Rent,Auto,Married,Bachelor,0,0,1
49,62560.38,7729.73,608,10.0,0.179,36,3,Rent,Auto,Single,Master,1,0,0
34,33958.12,7380.97,536,2.5,0.38,48,5,Own,Auto,Married,Bachelor,0,0,0
46,45671.75,23694.93,606,1.5,0.202,36,4,Mortgage,Debt Consolidation,Divorced,Bachelor,0,1,0
34,109006.29,25472.52,620,4.1,0.211,60,3,Mortgage,Education,Married,Bachelor,0,0,0
34,70740.53,24245.52,789,2.7,0.203,24,2,Rent,Debt Consolidation,Married,Master,0,0,0
42,49236.57,5318.47,733,5.3,0.447,12,4,Rent,Medical,Married,Master,0,1,0
21,43527.94,9641.52,753,3.3,0.397,48,2,Mortgage,Home Improvement,Married,Bachelor,0,0,0
21,50934.95,23767.92,723,6.0,0.072,36,3,Mortgage,Medical,Single,Bachelor,0,0,0
33,37953.55,13753.92,735,9.6,0.378,36,1,Mortgage,Auto,Divorced,Bachelor,0,0,0
27,17113.54,6300.69,588,1.1,0.068,60,0,Mortgage,Education,Married,High School,0,0,0
43,136092.35,18413.19,632,2.0,0.262,36,2,Own,Business,Divorced,Bachelor,1,1,1
29,52979.62,8100.13,560,2.9,0.398,48,2,Mortgage,Home Improvement,Married,High School,0,0,0
23,59818.7,46918.5,631,16.4,0.237,12,4,Rent,Medical,Single,High School,0,0,0
57,47621.81,39394.8,711,2.3,0.035,48,4,Rent,Home Improvement,Married,High School,0,1,1
37,33943.12,20391.39,662,,0.498,36,3,Rent,Business,Single,High School,0,1,0
40,44669.12,34637.93,768,5.3,0.449,36,3,Own,Auto,Single,Bachelor,1,1,1
22,22033.13,13979.59,547,2.7,0.277,48,3,Mortgage,Medical,Married,High School,0,0,0
33,153053.57,22829.44,695,15.1,0.298,36,1,Rent,Home Improvement,Married,Bachelor,1,0,0
41,26442.93,37586.65,537,11.2,0.413,60,1,Own,Home Improvement,Single,Master,1,0,0
26,29261.18,15864.66,658,3.6,0.108,48,2,Rent,Debt Consolidation,Married,Bachelor,1,0,0
44,39335.02,11174.27,716,5.2,0.143,48,4,Own,Auto,Divorced,Master,1,0,0
32,93343.16,4051.18,630,0.3,0.211,36,4,Rent,Education,Single,High School,0,0,0
36,49377.72,12604.47,699,5.9,0.764,36,4,Own,Medical,Single,High School,1,1,0
32,26421.47,23775.15,563,6.1,0.306,12,5,Mortgage,Auto,Married,Master,1,0,0
62,91781.79,25898.58,500,2.2,0.384,12,6,Own,Education,Single,PhD,0,0,0
39,70650.49,19016.37,700,1.2,0.374,12,5,Own,Debt Consolidation,Divorced,Bachelor,0,0,0
27,64165.28,9146.17,806,12.3,0.32,60,2,Rent,Education,Married,Bachelor,0,0,0
49,70113.25,3348.36,560,2.8,0.061,36,5,Own,Business,Single,Bachelor,0,0,0
25,162296.62,9446.03,759,5.3,0.08,48,5,Rent,Education,Married,Bachelor,0,0,0
42,146173.19,10796.3,653,0.2,0.399,36,2,Rent,Auto,Single,Bachelor,1,0,0
21,34774.59,10731.62,529,2.7,0.409,36,6,Rent,Debt Consolidation,Single,High School,1,1,1
24,110408.51,20598.83,548,8.5,0.261,36,4,Rent,Business,Single,High School,0,0,0
42,59372.36,53635.88,651,2.5,0.251,36,4,Rent,Auto,Married,High School,0,0,1
48,62915.5,14566.37,613,4.6,0.065,60,4,Own,Business,Single,High School,0,0,0
42,21033.35,11479.15,531,1.2,0.135,60,3,Rent,Education,Single,High School,0,1,0
38,45017.52,11142.75,497,2.7,0.368,48,6,Own,Medical,Married,High School,1,0,1
36,32649.61,14575.09,573,13.1,0.227,60,7,Own,Home Improvement,Married,High School,1,1,1
22,74163.65,7481.54,667,4.2,0.4,12,7,Own,Education,Single,High School,0,0,0
31,83745.71,14532.44,649,11.6,0.326,24,2,Rent,Business,Married,Bachelor,1,1,0
34,17374.46,18316.7,604,11.6,0.281,36,3,Own,Home Improvement,Single,High School,0,3,1
52,48483.68,15471.89,668,14.4,0.116,48,2,Mortgage,Medical,Single,PhD,0,0,0
44,85899.28,18403.19,743,,0.235,36,3,Mortgage,Education,Single,Bachelor,0,1,0
21,44652.27,18099.21,685,0.0,0.242,36,6,Mortgage,Education,Married,Master,0,0,0
43,70582.1,3864.83,639,13.6,0.268,12,6,Own,Business,Married,Bachelor,0,0,0
35,58429.88,20864.6,733,0.7,0.187,60,1,Mortgage,Home Improvement,Single,High School,0,0,1
31,58152.85,8352.28,563,0.2,0.331,48,6,Mortgage,Business,Married,Master,0,1,0
47,42802.1,6203.77,629,0.3,0.562,36,4,Mortgage,Debt Consolidation,Married,High School,0,1,1
52,26681.07,6166.48,631,2.1,0.181,60,7,Mortgage,Business,Single,High School,1,1,0
51,27979.71,18096.6,538,4.8,0.686,12,2,Rent,Business,Married,High School,0,0,1
29,69889.89,11432.3,612,2.6,0.392,36,3,Rent,Education,Single,Bachelor,1,1,0
36,49500.06,4115.94,463,0.1,0.154,12,6,Own,Auto,Single,Bachelor,1,1,0
43,45740.7,18669.13,822,3.2,0.135,36,5,Own,Auto,Married,High School,1,1,1
51,39658.28,4876.95,565,2.9,0.547,24,4,Rent,Medical,Married,Bachelor,0,0,0
34,42083.27,14733.44,792,7.1,0.074,36,3,Mortgage,Medical,Married,PhD,0,0,0
37,82739.79,15787.11,653,1.6,0.225,60,4,Rent,Medical,Married,Master,0,1,0
26,41455.59,24832.39,700,1.2,0.227,36,6,Mortgage,Home Improvement,Single,High School,1,0,0
25,25071.01,46498.69,606,1.5,0.266,36,6,Rent,Medical,Single,Bachelor,1,0,0
49,71098.81,5139.58,668,1.8,0.397,48,7,Own,Medical,Divorced,Bachelor,0,1,0
56,44247.83,12877.9,708,4.6,0.155,48,4,Rent,Auto,Single,High School,0,0,0
39,49796.4,11010.07,709,3.2,0.215,60,6,Rent,Business,Married,Bachelor,0,0,0
52,109511.97,18099.23,719,2.1,0.325,36,4,Mortgage,Education,Divorced,Bachelor,1,0,0
44,48519.44,15536.82,616,2.3,0.323,48,4,Mortgage,Medical,Single,High School,0,0,0
32,56646.86,10438.1,606,2.3,0.481,36,2,Mortgage,Medical,Divorced,Bachelor,0,1,0
44,27188.2,9812.07,506,18.0,0.101,24,2,Rent,Business,Married,Master,0,1,0
58,43921.77,6114.9,697,1.3,0.385,36,11,Rent,Auto,Divorced,Bachelor,0,0,1
39,66487.09,26675.56,747,8.5,0.238,36,2,Mortgage,Education,Single,Master,0,1,0
58,22523.47,18424.62,795,6.2,0.336,36,4,Rent,Auto,Married,Bachelor,1,0,0
21,54199.26,25398.31,677,0.0,0.178,48,5,Rent,Business,Divorced,Master,0,0,0
49,51554.54,10750.66,581,24.9,0.412,36,4,Own,Auto,Single,Master,1,0,0
41,50043.29,8435.59,497,7.1,0.161,60,3,Rent,Education,Single,Bachelor,1,0,0
36,82337.3,6280.34,743,5.7,0.382,60,5,Mortgage,Auto,Single,High School,1,0,0
41,57943.24,17175.55,488,2.6,0.365,36,3,Mortgage,Debt Consolidation,Divorced,High School,0,0,0
21,102645.43,6452.0,619,4.1,0.205,36,7,Rent,Home Improvement,Single,PhD,1,1,0
37,29828.07,48730.68,629,1.5,0.635,36,2,Mortgage,Business,Single,Bachelor,1,0,1
44,52468.19,5348.92,643,0.2,0.372,36,4,Own,Home Improvement,Married,Bachelor,1,1,0
57,51135.46,16180.5,653,9.0,0.155,60,7,Rent,Business,Married,Bachelor,0,0,0
33,28720.68,40006.54,662,11.3,0.297,12,6,Mortgage,Debt Consolidation,Married,Bachelor,0,1,0
30,79074.64,20320.04,432,0.9,0.158,36,2,Own,Education,Married,Bachelor,0,0,0
33,156738.9,15107.88,651,7.7,0.356,24,5,Own,Business,Married,Bachelor,0,0,0
50,48605.74,6782.23,449,6.8,0.415,48,4,Mortgage,Business,Married,Master,1,0,0
43,63102.18,5078.45,715,1.0,0.147,24,7,Own,Business,Divorced,High School,0,0,0
33,51136.78,22903.27,600,2.7,0.06,60,6,Mortgage,Debt Consolidation,Single,Master,0,0,0
46,34310.53,38342.07,455,2.7,0.047,36,6,Mortgage,Education,Divorced,Bachelor,0,0,0
41,19724.56,9826.17,576,7.1,0.528,60,4,Rent,Auto,Single,High School,0,2,0
51,34444.8,6018.88,598,9.1,0.304,60,4,Mortgage,Medical,Single,High School,0,0,0
31,24441.09,2390.56,757,0.5,0.3,48,6,Mortgage,Education,Married,Master,0,0,1
36,114926.84,6724.18,667,4.1,0.222,48,8,Own,Home Improvement,Divorced,High School,0,0,0
35,46279.07,12338.01,681,7.2,0.164,24,0,Own,Home Improvement,Single,Bachelor,1,1,0
22,41234.9,40920.49,756,7.7,0.068,60,2,Rent,Home Improvement,Single,High School,0,0,0
43,76464.12,21401.01,641,0.8,0.55,48,4,Own,Medical,Married,High School,0,0,0
43,27976.62,16540.38,717,3.7,0.118,24,1,Mortgage,Auto,Divorced,Master,0,0,0
40,33408.58,10096.22,711,9.7,0.341,36,1,Rent,Debt Consolidation,Single,Bachelor,0,0,0
37,50718.0,8882.02,534,1.9,0.346,12,3,Rent,Business,Single,Master,0,0,0
23,81992.62,35737.41,782,2.8,0.21,48,4,Own,Business,Married,Bachelor,0,0,0
34,62997.01,15375.29,522,8.2,0.143,24,1,Own,Auto,Single,Bachelor,0,0,0
35,55501.35,3066.15,732,0.5,0.326,48,5,Own,Debt Consolidation,Single,Bachelor,0,0,0
30,50973.38,8337.53,513,9.8,0.178,48,3,Own,Education,Divorced,Bachelor,0,0,0
38,59881.2,7326.47,704,1.9,0.12,36,5,Mortgage,Business,Married,PhD,0,0,0
44,54221.16,9114.44,817,0.0,0.142,60,5,Mortgage,Education,Single,Bachelor,0,0,0
62,29290.36,19811.89,630,1.3,0.201,48,5,Rent,Debt Consolidation,Divorced,Bachelor,0,1,0
42,50163.33,12391.78,626,0.5,0.07,36,5,Mortgage,Auto,Married,Bachelor,1,0,0
43,28657.08,12659.89,704,0.5,0.034,60,5,Mortgage,Auto,Married,Bachelor,1,0,0
39,51049.0,33504.37,620,5.9,0.052,60,3,Own,Auto,Married,Bachelor,0,0,0
21,38548.64,8204.82,813,1.2,0.266,48,5,Rent,Business,Divorced,Master,0,0,0
39,174501.88,49263.55,667,13.6,0.033,24,3,Rent,Debt Consolidation,Divorced,Master,0,1,0
40,48052.66,8350.57,621,3.6,0.038,36,3,Mortgage,Home Improvement,Single,PhD,0,1,0
69,24291.46,14220.48,601,3.1,0.467,60,3,Own,Home Improvement,Single,PhD,0,0,0
37,45839.89,10972.61,566,2.8,0.14,48,3,Rent,Business,Married,High School,0,1,0
43,63556.17,14565.24,593,5.9,0.264,36,5,Rent,Medical,Single,Bachelor,0,0,0
39,113174.03,18237.12,618,3.0,0.436,60,5,Own,Medical,Married,Master,1,2,1
25,36507.53,18100.32,606,0.7,0.161,12,3,Mortgage,Auto,Single,PhD,0,0,0
53,22220.84,7885.79,590,10.6,0.429,12,3,Own,Debt Consolidation,Divorced,High School,0,0,0
49,73748.69,6087.3,838,2.8,0.267,60,3,Own,Home Improvement,Single,Master,0,0,0
49,24580.3,77050.8,557,0.4,0.339,12,4,Own,Auto,Single,High School,1,2,1
29,39415.81,9520.58,663,3.8,0.501,36,5,Rent,Education,Single,Bachelor,0,1,1
56,43096.19,21795.28,703,5.2,0.185,60,5,Mortgage,Education,Single,Bachelor,0,1,0
23,47343.43,4335.76,706,1.6,0.367,48,6,Mortgage,Business,Married,Master,0,0,0
47,,10984.84,644,8.1,0.016,48,4,Own,Medical,Married,Master,0,0,0
66,34828.21,12221.6,628,5.5,0.036,48,2,Own,Business,Married,Master,0,0,1
28,42750.47,18601.0,690,5.3,0.357,36,6,Rent,Debt Consolidation,Single,Master,1,0,0
33,48672.27,1986.8,673,2.7,0.199,36,5,Rent,Debt Consolidation,Married,Bachelor,1,0,0
41,52828.12,15007.4,626,16.3,0.276,48,2,Mortgage,Debt Consolidation,Single,High School,1,2,0
33,51478.19,5974.05,509,1.6,0.116,36,0,Own,Medical,Married,High School,1,0,0
21,60961.81,16764.89,607,4.3,0.347,48,6,Rent,Medical,Single,High School,0,1,0
40,74751.14,6467.66,546,1.8,0.515,36,2,Rent,Auto,Married,Master,0,1,1
27,59654.03,7340.5,589,6.8,0.238,12,4,Mortgage,Business,Married,Bachelor,0,0,0
45,61500.02,11030.95,652,0.2,0.28,24,3,Own,Home Improvement,Single,PhD,1,1,0
28,22223.12,6395.62,682,0.2,0.278,36,3,Rent,Home Improvement,Divorced,Master,0,0,0
58,50267.49,9577.06,810,8.3,0.134,60,4,Own,Home Improvement,Single,PhD,0,0,0
30,62302.31,5794.34,601,2.8,0.207,36,3,Own,Medical,Divorced,Master,1,1,1
36,,3702.56,719,2.1,0.067,12,5,Mortgage,Auto,Single,Bachelor,1,1,0
49,34676.75,27243.49,677,4.7,0.627,24,4,Own,Debt Consolidation,Single,High School,1,0,0
25,35259.15,5392.51,766,6.1,0.368,36,5,Rent,Debt Consolidation,Divorced,High School,0,0,0
42,,11789.01,701,1.1,0.349,24,11,Rent,Auto,Single,Bachelor,0,1,0
55,64100.47,22629.82,559,1.0,0.283,12,2,Mortgage,Medical,Married,High School,1,1,0
21,82202.46,8686.62,494,,0.667,48,4,Rent,Home Improvement,Married,Bachelor,0,0,0
42,39985.41,7497.94,678,4.5,0.026,48,4,Mortgage,Business,Divorced,Bachelor,0,0,0
43,77186.6,15652.2,602,2.5,0.09,60,3,Mortgage,Education,Divorced,High School,0,0,0
49,52142.72,29218.39,561,8.1,0.448,48,6,Mortgage,Education,Married,Master,0,1,0
25,46067.23,5892.76,535,3.7,0.486,36,5,Mortgage,Education,Married,Master,0,0,0
24,44104.09,12026.85,664,1.4,0.235,48,2,Own,Medical,Single,High School,0,0,1
46,71204.1,3972.91,785,1.2,0.573,36,6,Rent,Home Improvement,Single,High School,0,0,0
43,57687.1,10145.23,613,2.5,0.341,12,7,Mortgage,Debt Consolidation,Married,High School,0,0,1
43,152957.09,13683.46,703,9.8,0.689,36,8,Rent,Auto,Single,Bachelor,0,1,0
44,32012.69,7344.91,640,0.3,0.44,12,2,Rent,Auto,Single,Master,0,0,0
31,63516.24,9702.18,533,1.2,0.328,12,4,Rent,Home Improvement,Single,Bachelor,0,0,0
42,37624.08,4985.26,716,11.2,0.219,12,6,Mortgage,Medical,Single,Bachelor,1,1,0
43,31740.75,14100.35,551,0.6,0.423,60,5,Rent,Home Improvement,Married,High School,0,0,0
31,48755.17,27972.75,651,5.0,0.094,48,4,Own,Medical,Single,Bachelor,1,0,0
62,52505.66,6198.11,619,1.2,0.164,36,7,Rent,Debt Consolidation,Divorced,High School,0,1,1
45,210888.91,8639.76,730,4.7,0.239,24,2,Rent,Auto,Single,Master,0,0,0
25,44708.87,18992.18,554,2.4,0.5,12,5,Mortgage,Education,Single,High School,0,0,0
47,27858.98,31209.05,685,0.5,0.362,36,4,Mortgage,Medical,Single,High School,0,3,1
28,56190.63,4697.41,574,4.4,0.421,48,3,Mortgage,Debt Consolidation,Married,Bachelor,0,0,0
49,17373.13,11870.96,604,5.7,0.428,48,8,Own,Business,Married,High School,0,0,0
53,46817.93,16288.12,322,5.7,0.485,12,3,Mortgage,Home Improvement,Single,Bachelor,1,0,0
30,49415.17,12438.61,838,5.1,0.292,36,4,Rent,Medical,Single,Master,1,0,0
51,72933.27,2359.6,699,3.5,0.371,60,5,Rent,Home Improvement,Married,Master,0,0,0
44,79762.69,18972.83,580,3.7,0.343,24,5,Mortgage,Home Improvement,Married,PhD,1,0,0
49,38109.36,38697.7,548,5.0,0.491,36,8,Rent,Auto,Married,Bachelor,1,0,1
62,45464.77,14496.51,605,5.9,0.239,24,6,Mortgage,Education,Married,Bachelor,0,1,0
37,33421.0,6491.35,714,5.3,0.172,24,6,Mortgage,Home Improvement,Married,High School,0,0,0
30,27888.47,9328.33,479,4.4,0.058,48,4,Rent,Business,Married,Master,0,1,0
29,57236.52,46117.1,637,0.8,0.242,48,3,Mortgage,Auto,Married,Bachelor,1,0,0
30,25931.33,25259.91,809,1.2,0.172,36,4,Rent,Home Improvement,Divorced,Bachelor,0,1,0
39,39842.38,20910.75,547,1.5,0.282,36,5,Rent,Business,Married,Bachelor,1,0,0
44,29804.45,17145.46,657,12.6,0.072,48,1,Rent,Medical,Single,Bachelor,1,1,0
43,64527.17,8410.23,848,7.1,0.064,12,4,Own,Debt Consolidation,Divorced,PhD,0,1,0
49,120657.96,11609.75,706,4.0,0.119,24,2,Mortgage,Business,Married,High School,0,0,0
40,25570.79,12650.53,661,1.5,0.606,60,5,Mortgage,Medical,Married,Bachelor,0,0,0
57,19408.97,19627.8,695,0.6,0.214,48,5,Mortgage,Medical,Married,Bachelor,0,0,0
36,46053.39,38416.53,613,11.5,0.281,48,3,Rent,Medical,Married,High School,1,0,0
70,49407.07,29226.66,766,11.2,0.479,48,7,Rent,Debt Consolidation,Married,High School,0,0,0
47,54684.18,4946.48,614,0.6,0.297,24,3,Mortgage,Home Improvement,Married,Bachelor,0,0,0
29,39215.99,15627.64,473,8.0,0.293,60,2,Mortgage,Home Improvement,Divorced,Bachelor,0,0,0
27,44341.68,22375.78,614,3.0,0.126,36,1,Rent,Home Improvement,Married,Bachelor,1,0,1
45,58909.36,20603.21,562,2.0,0.536,24,4,Rent,Education,Single,Master,1,0,0
37,82472.11,8600.16,624,6.7,0.165,36,5,Rent,Business,Single,High School,1,0,0
48,18443.65,100000.0,626,,0.158,12,1,Rent,Debt Consolidation,Married,Bachelor,0,0,0
45,40763.01,5464.57,757,7.6,0.34,24,4,Rent,Auto,Married,Bachelor,1,0,0
39,54551.71,6258.95,712,0.4,0.411,24,4,Own,Debt Consolidation,Divorced,Bachelor,0,0,0
29,30977.36,15733.01,673,,0.225,24,6,Rent,Education,Single,High School,0,0,0
21,116492.81,58792.06,649,,0.128,12,1,Mortgage,Auto,Married,High School,0,0,0
34,35678.2,7440.28,554,2.0,0.168,24,6,Mortgage,Medical,Single,High School,0,1,0
50,48019.08,11091.34,453,3.5,0.239,24,6,Rent,Home Improvement,Married,Bachelor,0,1,0
42,64732.01,28398.9,660,1.7,0.334,12,4,Mortgage,Auto,Married,Master,0,0,1
25,36474.1,13193.72,721,2.9,0.16,24,5,Own,Home Improvement,Divorced,Bachelor,0,0,0
42,19471.62,10570.02,640,2.3,0.836,24,8,Mortgage,Debt Consolidation,Married,Master,0,0,0
44,39563.91,19849.68,601,6.6,0.58,36,5,Rent,Home Improvement,Married,High School,0,0,0
29,82020.15,16167.57,691,4.6,0.257,36,3,Mortgage,Education,Single,Bachelor,0,0,0
41,41421.38,27482.57,642,5.3,0.126,36,4,Rent,Home Improvement,Married,High School,1,0,0
40,32105.51,32992.26,801,1.2,0.108,24,3,Rent,Education,Married,PhD,0,1,1
26,77873.12,16562.6,760,2.0,0.578,60,3,Rent,Business,Single,High School,0,0,0
44,41548.33,16386.5,736,0.1,0.371,36,6,Mortgage,Auto,Married,Master,0,0,0
46,37983.97,15519.89,718,0.6,0.07,48,5,Mortgage,Business,Single,High School,1,1,0
52,52824.38,18814.66,533,1.5,0.409,48,4,Mortgage,Debt Consolidation,Single,Bachelor,0,1,1
52,72068.7,13885.76,709,0.3,0.106,24,1,Mortgage,Education,Single,Master,0,0,0
23,161273.47,13354.04,683,4.6,0.151,36,7,Own,Education,Married,Bachelor,0,0,0
28,74133.15,30873.05,704,31.4,0.394,48,0,Own,Medical,Single,Bachelor,1,0,0
46,,38610.57,694,0.5,0.222,36,3,Rent,Medical,Married,High School,0,0,0
46,38063.72,4650.42,690,8.6,0.549,48,2,Mortgage,Home Improvement,Single,Bachelor,0,0,1
46,29350.53,13453.77,850,0.6,0.435,48,3,Own,Medical,Single,Bachelor,0,0,0
70,50572.62,8249.55,643,5.5,0.301,36,2,Mortgage,Business,Single,Bachelor,0,1,0
46,,10746.33,734,5.2,0.067,12,1,Rent,Education,Single,High School,0,1,0
53,28588.04,17707.82,607,11.7,0.22,36,5,Mortgage,Education,Single,High School,1,0,0
51,44907.17,21345.73,721,0.6,0.138,24,7,Mortgage,Home Improvement,Single,PhD,0,0,0
47,59853.72,12351.24,734,1.9,0.215,24,1,Rent,Home Improvement,Single,PhD,0,1,0
36,58700.1,3500.5,682,0.5,0.414,36,2,Own,Auto,Married,Master,1,0,0
49,63079.05,6798.57,800,2.6,0.283,24,4,Mortgage,Home Improvement,Single,Bachelor,1,1,0
30,56697.33,25022.98,570,12.1,0.183,60,6,Rent,Medical,Divorced,PhD,1,0,0
37,38043.89,1961.96,606,7.6,0.185,48,2,Mortgage,Auto,Married,High School,0,1,0
34,37913.01,30674.87,669,6.4,0.117,36,4,Rent,Education,Married,Bachelor,0,0,0
40,26917.3,19242.2,729,3.8,0.15,12,4,Mortgage,Business,Single,High School,1,1,0
67,119657.35,33567.82,666,10.7,0.31,24,3,Own,Medical,Married,Bachelor,0,0,0
21,49351.59,11626.03,765,3.0,0.396,48,3,Own,Medical,Single,High School,0,0,0
48,43808.08,3155.86,590,0.8,0.173,36,2,Mortgage,Education,Divorced,High School,1,0,0
21,30810.29,18056.37,547,9.1,0.393,12,4,Mortgage,Medical,Single,High School,0,1,1
34,212740.62,32606.18,677,,0.247,48,3,Mortgage,Business,Single,Bachelor,0,1,0
53,28662.24,25522.23,643,0.3,0.506,36,1,Mortgage,Auto,Married,Master,0,1,1
40,39560.09,8401.08,698,0.7,0.354,36,2,Mortgage,Auto,Divorced,Bachelor,0,0,0
27,60350.13,14196.24,647,4.7,0.305,60,1,Own,Medical,Married,Bachelor,0,0,0
31,66178.21,9200.51,619,4.7,0.338,12,8,Mortgage,Home Improvement,Single,Master,1,0,0
48,79139.39,7528.97,643,1.5,0.406,48,6,Rent,Home Improvement,Divorced,Bachelor,0,0,0
31,121031.27,26076.04,652,6.5,0.191,60,3,Own,Education,Married,Bachelor,0,0,0
42,63138.05,5777.51,622,7.4,0.588,12,5,Own,Medical,Single,Bachelor,0,0,1
40,28911.21,7146.15,631,12.7,0.131,60,2,Mortgage,Home Improvement,Single,High School,0,1,1
32,43110.74,6168.32,613,4.4,0.342,36,6,Own,Business,Married,Bachelor,0,0,0
65,57177.53,4707.1,727,7.6,0.353,60,3,Mortgage,Auto,Single,Master,0,1,0
47,137876.42,14801.59,667,7.0,0.416,36,4,Rent,Business,Married,High School,0,1,1
21,24369.73,30123.24,850,1.5,0.092,60,2,Rent,Medical,Single,High School,1,1,0
42,89436.87,11737.99,664,1.9,0.673,48,3,Rent,Home Improvement,Married,Bachelor,0,1,0
32,53635.0,4656.3,600,3.3,0.15,48,6,Own,Medical,Single,Master,0,1,0
50,74526.89,24051.71,850,0.1,0.383,48,4,Mortgage,Business,Married,Bachelor,0,0,0
30,46583.54,43477.17,687,1.8,0.334,36,2,Mortgage,Auto,Married,Bachelor,0,0,0
38,32169.81,8498.38,739,3.2,0.406,24,5,Rent,Debt Consolidation,Married,Master,1,0,0
46,71355.98,9556.84,703,0.6,0.251,24,4,Rent,Medical,Divorced,High School,0,0,0
50,67996.77,19167.33,706,0.7,0.085,36,7,Own,Medical,Married,High School,0,1,0
25,79700.29,41577.38,698,3.1,0.408,48,6,Mortgage,Medical,Married,Bachelor,0,0,0
35,48695.78,9284.63,550,6.6,0.268,48,4,Own,Medical,Single,High School,0,0,0
34,36318.73,5256.84,683,9.0,0.296,36,5,Rent,Auto,Single,High School,0,0,0
32,22485.06,20785.13,530,4.0,0.046,36,2,Mortgage,Auto,Single,Master,0,0,0
61,73842.27,23373.25,634,3.2,0.653,48,5,Mortgage,Business,Single,High School,0,0,0
44,60593.61,13417.19,584,2.4,0.12,24,5,Rent,Debt Consolidation,Single,Bachelor,1,0,0
24,30245.68,9039.03,682,1.1,0.153,48,3,Rent,Medical,Single,Bachelor,0,1,0
51,37448.17,26797.53,680,0.8,0.304,24,2,Mortgage,Business,Single,High School,1,2,1
65,38817.27,19334.09,693,7.8,0.35,24,5,Rent,Auto,Married,Bachelor,0,0,0
52,23353.63,7801.69,675,3.1,0.442,48,8,Mortgage,Home Improvement,Married,Bachelor,0,0,0
21,32570.39,13826.83,595,7.8,0.114,12,5,Mortgage,Education,Married,Bachelor,0,0,0
34,27808.16,5186.45,626,6.1,0.668,24,4,Mortgage,Auto,Single,High School,0,0,0
55,39885.2,21592.98,732,1.1,0.21,48,3,Rent,Auto,Married,High School,0,0,1
31,33882.41,11119.29,746,3.6,0.383,36,4,Mortgage,Home Improvement,Divorced,Bachelor,0,0,0
45,21731.05,9847.79,546,2.9,0.187,36,4,Mortgage,Home Improvement,Married,High School,1,0,0
49,134765.99,13055.8,512,2.8,0.537,60,3,Rent,Business,Married,High School,0,0,0
28,91699.33,13742.04,584,3.9,0.181,48,1,Rent,Debt Consolidation,Married,PhD,0,0,0
39,33206.15,24995.5,744,20.1,0.22,36,3,Rent,Debt Consolidation,Married,High School,0,0,1
21,56174.08,20206.58,759,8.4,0.457,36,4,Mortgage,Auto,Single,Bachelor,1,0,0
27,60399.28,11974.25,566,11.7,0.514,48,4,Rent,Home Improvement,Single,High School,0,0,0
36,88924.5,22801.18,677,0.2,0.394,12,5,Own,Auto,Single,Master,0,0,0
25,32555.37,17685.78,815,0.8,0.265,36,2,Mortgage,Debt Consolidation,Married,Bachelor,1,0,0
59,84630.79,9910.8,687,0.4,0.275,12,2,Rent,Debt Consolidation,Single,Bachelor,0,0,0
22,37273.85,12242.85,777,1.5,0.471,24,4,Rent,Medical,Married,Bachelor,0,0,0
34,25136.31,12043.06,739,2.9,0.514,36,2,Rent,Debt Consolidation,Married,Bachelor,0,0,0
41,,19028.31,568,5.1,0.149,48,7,Own,Education,Married,Master,0,1,0
57,93468.45,10332.86,632,3.5,0.063,36,3,Mortgage,Medical,Divorced,High School,0,0,0
22,178787.72,10165.08,653,11.7,0.086,36,1,Rent,Auto,Married,High School,0,0,0
53,26906.88,53004.4,659,14.1,0.49,36,2,Own,Business,Single,High School,0,0,1
40,69526.26,25791.88,732,0.9,0.256,48,5,Mortgage,Debt Consolidation,Divorced,Master,0,0,0
28,39938.63,7844.59,686,9.6,0.189,12,3,Mortgage,Medical,Divorced,High School,1,0,0
45,72524.47,19923.57,385,3.3,0.172,36,0,Mortgage,Business,Single,Bachelor,0,1,1
42,23499.99,14513.65,531,3.0,0.597,12,5,Mortgage,Business,Married,Bachelor,1,0,0
32,26071.95,17572.42,453,7.7,0.505,36,1,Own,Auto,Single,Bachelor,0,0,1
40,33258.4,14707.88,665,0.5,0.289,36,7,Mortgage,Home Improvement,Single,Bachelor,0,0,0
35,50994.96,30722.48,671,10.7,0.413,12,4,Mortgage,Business,Married,Master,0,0,0
41,35577.17,17016.42,675,5.6,0.357,36,5,Mortgage,Auto,Single,High School,0,0,0
47,68154.14,12791.52,563,10.4,0.201,60,7,Own,Home Improvement,Divorced,Bachelor,1,1,0
59,81915.81,27709.58,710,,0.351,48,3,Mortgage,Education,Married,Bachelor,0,0,0
25,66157.18,15729.6,714,3.6,0.236,48,3,Rent,Business,Married,Master,1,1,0
65,110127.47,14545.47,537,0.5,0.508,36,2,Rent,Auto,Single,High School,0,0,1
21,60349.82,16644.18,518,0.9,0.304,60,1,Rent,Auto,Divorced,Bachelor,0,1,0
38,26676.86,12512.38,649,2.0,0.355,24,3,Rent,Medical,Single,Master,1,0,0
47,96924.56,13446.3,811,0.5,0.252,36,2,Rent,Auto,Married,High School,0,0,0
43,36222.0,8860.1,802,8.4,0.307,36,3,Rent,Business,Married,Master,0,0,0
32,77281.45,7896.56,700,1.8,0.408,60,1,Own,Business,Single,High School,1,0,1
37,107674.4,6640.89,584,18.6,0.297,36,5,Mortgage,Debt Consolidation,Divorced,High School,0,0,0
34,61595.49,5042.27,729,6.1,0.465,12,1,Mortgage,Business,Single,High School,1,0,0
32,23200.3,7217.02,609,1.0,0.4,60,2,Rent,Home Improvement,Married,Bachelor,0,0,0
50,30973.71,11825.5,580,3.2,0.355,12,3,Rent,Debt Consolidation,Married,Bachelor,0,1,0
44,94975.31,14359.72,457,3.1,0.28,24,3,Own,Auto,Single,High School,0,1,0
31,45045.96,11048.97,659,3.4,0.327,36,2,Mortgage,Debt Consolidation,Divorced,High School,0,1,0
50,51010.5,2568.32,593,3.8,0.389,36,6,Rent,Home Improvement,Single,Bachelor,1,0,1
43,71640.24,40223.65,658,0.2,0.133,48,5,Mortgage,Debt Consolidation,Single,High School,0,1,0
49,69436.05,28582.1,443,5.8,0.198,36,2,Mortgage,Home Improvement,Single,Bachelor,0,0,0
47,56353.52,18252.04,665,3.3,0.088,36,1,Own,Auto,Single,Bachelor,1,0,0
30,44164.02,50779.27,431,7.8,0.353,24,5,Rent,Debt Consolidation,Married,Master,1,1,0
33,41926.18,6740.2,747,8.4,0.21,36,6,Own,Business,Single,High School,0,1,0
48,75278.47,50078.03,696,1.3,0.154,36,5,Mortgage,Business,Married,Bachelor,0,0,0
47,64652.68,6797.77,624,0.2,0.252,12,6,Rent,Home Improvement,Married,High School,0,0,0
39,43103.09,15789.75,700,6.1,0.109,60,4,Mortgage,Home Improvement,Divorced,High School,1,0,0
41,84208.92,5477.01,561,19.0,0.101,12,7,Rent,Home Improvement,Married,Bachelor,0,0,0
55,45957.99,13497.85,656,3.0,0.182,48,3,Rent,Education,Single,High School,0,0,1
32,32021.69,17506.31,721,1.5,0.173,60,3,Own,Auto,Single,High School,0,0,0
46,33540.69,11988.66,371,0.9,0.333,24,3,Rent,Education,Married,High School,0,2,0
37,30050.35,22020.17,609,1.7,0.077,24,4,Own,Home Improvement,Divorced,Bachelor,0,1,0
37,42778.67,14318.53,647,2.0,0.283,36,4,Mortgage,Business,Married,High School,0,1,0
53,90840.65,9267.88,632,2.8,0.069,24,4,Rent,Business,Married,Master,0,0,0
49,32776.02,8984.27,781,5.3,0.512,48,4,Rent,Home Improvement,Single,Bachelor,1,1,1
49,53865.09,23567.87,548,1.6,0.181,36,3,Mortgage,Medical,Married,High School,1,2,0
55,35300.6,8453.88,594,0.3,0.188,60,4,Own,Education,Single,High School,1,0,0
40,43038.29,25356.29,477,2.3,0.487,60,4,Mortgage,Home Improvement,Married,Bachelor,1,0,1
48,23039.82,31441.95,785,9.7,0.091,60,5,Rent,Medical,Married,High School,0,0,0
36,43902.69,4154.3,627,3.4,0.351,12,3,Own,Debt Consolidation,Divorced,Bachelor,1,0,0
43,44495.68,29526.65,610,16.7,0.564,24,4,Rent,Debt Consolidation,Married,High School,0,1,1
38,64224.75,56516.95,645,3.5,0.249,24,5,Mortgage,Business,Married,Bachelor,0,1,1
41,54810.69,15937.06,707,1.6,0.138,48,2,Rent,Debt Consolidation,Single,PhD,0,0,0
47,26924.82,20319.96,681,1.1,0.113,12,2,Mortgage,Debt Consolidation,Married,Bachelor,0,1,0
30,84296.79,27609.18,850,,0.335,48,5,Mortgage,Debt Consolidation,Single,Bachelor,0,0,0
65,54456.17,11016.64,690,3.8,0.244,36,5,Own,Auto,Single,Bachelor,0,0,0
27,54132.86,15177.91,608,4.6,0.032,36,3,Own,Auto,Divorced,Bachelor,1,0,0
25,48796.25,5324.43,599,7.0,0.29,36,6,Mortgage,Education,Single,Bachelor,1,0,0
53,37839.97,14721.21,614,6.5,0.301,36,6,Rent,Home Improvement,Single,Bachelor,1,0,0
49,54660.75,18933.32,514,0.2,0.175,24,4,Rent,Medical,Single,Bachelor,0,0,0
47,,19174.07,653,8.1,0.421,24,5,Own,Business,Single,High School,1,1,0
47,20466.65,28163.93,720,3.8,0.018,36,2,Rent,Education,Single,Bachelor,0,1,1
39,37444.67,7766.99,594,2.5,0.346,48,3,Own,Education,Married,Bachelor,1,0,0
29,43153.83,9201.99,577,3.9,0.427,24,5,Rent,Auto,Divorced,High School,1,1,1
40,55719.49,50355.1,786,4.7,0.485,48,2,Rent,Auto,Married,High School,0,2,1
31,89023.49,12025.33,521,,0.348,48,6,Rent,Education,Married,Bachelor,0,0,1
51,33327.21,15367.71,463,2.7,0.213,24,4,Mortgage,Business,Married,Bachelor,0,0,1
38,38216.36,12747.53,546,2.0,0.279,36,5,Rent,Education,Married,Bachelor,1,0,0
30,37938.93,7516.26,511,2.2,0.129,36,3,Rent,Auto,Divorced,Master,0,1,0
36,32834.54,41625.59,684,0.5,0.179,24,7,Mortgage,Business,Married,Bachelor,1,1,0
44,41208.79,9233.64,617,,0.191,48,3,Rent,Home Improvement,Single,Bachelor,0,0,0
33,72070.57,6068.7,630,0.9,0.336,60,2,Own,Home Improvement,Married,High School,1,0,1
30,28942.96,9744.73,753,2.3,0.046,36,2,Rent,Education,Married,Bachelor,0,0,0
42,60712.64,3290.54,587,11.2,0.304,60,4,Rent,Debt Consolidation,Single,Master,0,0,0
42,20932.3,8468.42,719,1.2,0.174,48,4,Mortgage,Business,Single,High School,0,0,0
33,37024.35,6783.92,786,2.7,0.53,36,1,Own,Business,Married,Master,1,1,0
34,41575.04,20582.57,608,1.9,0.34,36,4,Mortgage,Home Improvement,Married,Bachelor,0,0,1
42,113258.7,8338.26,716,7.7,0.066,24,3,Rent,Auto,Divorced,High School,0,0,0
22,42727.54,24871.12,628,0.3,0.328,12,4,Rent,Business,Married,Master,0,0,0
23,16307.47,35558.65,733,1.1,0.443,36,5,Rent,Education,Married,Bachelor,1,2,1
31,18043.77,23082.33,508,1.2,0.306,36,8,Mortgage,Business,Single,Master,0,0,1
37,49862.02,11489.95,501,24.8,0.197,36,1,Rent,Auto,Divorced,Bachelor,0,0,0
43,66628.35,14746.78,614,4.2,0.327,48,4,Rent,Home Improvement,Single,High School,1,0,0
57,59143.85,4594.02,569,0.7,0.415,24,3,Rent,Business,Married,Bachelor,1,1,0
50,53304.98,12165.44,603,1.6,0.724,36,1,Mortgage,Business,Married,Bachelor,1,0,0
38,87652.01,7315.08,900,0.9,0.496,36,5,Mortgage,Auto,Single,High School,0,1,0
39,37429.12,21720.86,714,,0.394,24,5,Own,Debt Consolidation,Single,Bachelor,0,0,0
27,76684.53,80896.57,613,8.0,0.293,60,3,Mortgage,Auto,Married,Bachelor,1,0,0
39,21676.69,18955.99,575,3.4,0.094,48,1,Rent,Education,Single,High School,0,0,0
36,31179.81,3314.96,618,5.0,0.332,12,7,Own,Auto,Single,Master,0,0,0
43,19860.33,10374.84,580,2.0,0.2,48,7,Own,Debt Consolidation,Married,Bachelor,1,0,0
30,42726.62,14555.78,565,4.0,0.477,36,5,Mortgage,Business,Single,Bachelor,0,0,0
46,47899.93,14202.17,504,1.5,0.146,36,8,Mortgage,Debt Consolidation,Married,High School,0,0,1
58,51898.79,8009.88,656,1.8,0.313,60,5,Mortgage,Medical,Married,Master,0,0,0
38,50561.3,15862.36,598,5.3,0.53,48,4,Mortgage,Debt Consolidation,Married,Bachelor,0,0,0
44,30829.38,5598.47,736,0.8,0.301,60,6,Mortgage,Home Improvement,Single,High School,0,0,0
48,44572.82,6895.08,519,4.8,0.462,60,5,Own,Business,Married,Master,0,1,1
35,23185.37,20995.39,601,,0.396,24,3,Mortgage,Medical,Single,Bachelor,1,1,0
42,96917.41,6561.9,813,0.6,0.692,12,2,Own,Medical,Divorced,Bachelor,0,2,0
40,42116.17,19472.3,565,11.4,0.232,36,5,Own,Debt Consolidation,Married,Master,0,0,0
41,38390.18,5122.38,628,0.4,0.085,48,3,Rent,Medical,Single,Master,0,0,1
30,108496.17,45953.17,540,2.1,0.102,48,4,Rent,Education,Single,High School,1,1,1
40,26340.86,7769.89,528,4.7,0.08,48,5,Mortgage,Business,Single,Bachelor,0,0,0
45,27923.01,11423.56,789,,0.203,36,3,Own,Business,Married,High School,1,0,0
57,28336.04,16838.6,665,0.5,0.32,48,5,Own,Auto,Married,High School,0,0,1
51,47385.16,8993.48,662,8.0,0.34,48,5,Mortgage,Auto,Single,High School,0,0,1
65,60828.63,14770.45,497,18.1,0.316,36,4,Mortgage,Education,Single,High School,1,2,0
30,70957.6,19985.25,682,1.0,0.254,24,4,Rent,Home Improvement,Divorced,Bachelor,0,0,0
50,177370.79,26171.58,754,11.3,0.722,48,2,Own,Education,Divorced,Master,0,1,0
42,15919.24,23249.72,753,4.1,0.308,48,4,Mortgage,Debt Consolidation,Single,High School,0,1,1
66,66460.81,11845.85,710,13.7,0.417,36,4,Mortgage,Medical,Married,High School,0,0,0
30,37102.32,12056.48,548,1.0,0.203,24,1,Rent,Auto,Married,High School,0,0,0
29,36563.01,69173.7,678,7.9,0.347,24,3,Own,Business,Married,Bachelor,1,0,0
32,35958.25,25975.85,710,0.3,0.149,48,3,Own,Education,Single,Bachelor,0,1,0
21,31120.29,7007.41,488,10.7,0.053,60,4,Mortgage,Medical,Single,High School,0,1,0
33,113807.35,14328.3,900,5.6,0.246,60,3,Mortgage,Debt Consolidation,Single,Bachelor,0,1,0
30,74693.52,10566.03,729,2.3,0.184,36,5,Rent,Medical,Single,High School,0,1,0
41,49592.65,12152.21,728,1.1,0.234,60,1,Mortgage,Medical,Single,Bachelor,0,0,1
44,96327.38,5649.68,510,8.5,0.22,12,10,Mortgage,Home Improvement,Single,Bachelor,0,0,0
62,23011.18,10013.14,721,4.6,0.112,60,3,Mortgage,Debt Consolidation,Married,Bachelor,0,0,0
51,25201.21,47481.2,658,2.2,0.139,36,8,Own,Medical,Married,Master,1,0,0
33,16498.36,20037.35,720,2.9,0.128,48,2,Rent,Business,Single,Bachelor,1,0,0
29,34554.49,2335.98,592,8.8,0.231,12,2,Mortgage,Business,Married,Bachelor,0,0,0
45,53148.72,31310.43,708,2.1,0.01,60,5,Mortgage,Home Improvement,Single,Bachelor,0,0,1
24,51607.86,28645.19,725,0.5,0.162,36,3,Mortgage,Auto,Single,Bachelor,1,1,0
61,,10388.97,618,12.1,0.308,24,7,Rent,Debt Consolidation,Single,Master,0,1,0
54,24208.8,22072.43,651,2.4,0.388,36,2,Rent,Medical,Married,High School,0,0,0
34,73245.89,7320.4,591,2.1,0.203,24,6,Mortgage,Home Improvement,Single,Master,0,1,0
21,55260.51,9612.51,798,1.1,0.258,36,5,Rent,Business,Married,Master,0,0,0
56,,38138.61,639,11.4,0.328,36,4,Rent,Education,Single,Master,0,0,0
38,19027.09,11045.62,567,1.2,0.422,36,3,Own,Medical,Divorced,High School,0,0,0
54,57282.21,3609.01,585,5.1,0.056,48,1,Own,Business,Single,High School,0,0,0
21,27068.27,12780.65,661,10.6,0.189,60,0,Rent,Education,Single,Master,0,0,0
32,40188.59,12644.63,717,0.2,0.311,24,6,Own,Medical,Married,PhD,1,0,1
40,64034.83,30910.71,529,8.8,0.227,24,4,Mortgage,Debt Consolidation,Married,Master,0,0,0
40,51305.17,13494.47,816,2.6,0.107,36,5,Rent,Business,Single,Bachelor,0,1,0
34,32023.65,9945.67,677,5.4,0.249,24,5,Mortgage,Home Improvement,Single,Master,0,0,0
47,49174.8,27765.22,691,2.3,0.387,48,1,Mortgage,Home Improvement,Married,High School,0,1,0
27,,14538.46,641,5.9,0.743,36,6,Rent,Home Improvement,Married,Master,1,0,0
38,87128.01,7902.89,651,1.5,0.473,48,4,Mortgage,Education,Married,High School,1,1,1
41,44238.82,29986.37,636,0.1,0.322,24,3,Mortgage,Home Improvement,Married,High School,0,0,0
46,85757.17,15299.31,741,14.8,0.256,48,6,Mortgage,Auto,Married,Bachelor,1,0,0
48,37674.33,13387.12,649,0.1,0.454,60,4,Mortgage,Education,Married,Master,0,0,0
26,37730.05,15131.53,719,8.7,0.253,36,5,Mortgage,Medical,Married,Bachelor,0,0,0
21,33453.33,6314.05,610,0.9,0.405,60,4,Rent,Education,Married,Bachelor,0,0,0
55,75969.48,9233.95,667,2.5,0.146,12,5,Rent,Medical,Married,High School,0,0,0
43,34381.86,13393.27,577,8.6,0.125,12,2,Mortgage,Medical,Single,Master,1,0,0
31,67663.2,11657.85,759,1.2,0.245,60,5,Mortgage,Auto,Single,High School,0,0,0
58,40488.52,32555.44,574,10.0,0.084,48,2,Rent,Education,Married,Master,0,1,0
41,18251.79,15555.73,620,3.4,0.199,24,5,Mortgage,Home Improvement,Married,PhD,1,0,0
54,36858.55,24304.89,621,2.3,0.276,36,2,Rent,Debt Consolidation,Married,PhD,0,0,0
40,27185.69,13447.88,618,5.4,0.295,36,3,Rent,Home Improvement,Single,Bachelor,0,0,1
64,49858.85,27984.38,715,2.1,0.272,48,2,Own,Auto,Married,High School,0,0,1
61,27032.53,17646.09,621,2.1,0.023,48,2,Own,Debt Consolidation,Married,High School,0,0,0
37,77884.91,13485.82,775,6.6,0.252,12,4,Mortgage,Auto,Married,Bachelor,0,0,0
51,46838.56,13236.08,576,1.9,0.588,48,2,Rent,Business,Married,Master,0,1,1
47,44855.52,6849.24,665,1.1,0.358,36,6,Mortgage,Medical,Married,High School,0,0,1
56,,19050.35,580,8.2,0.093,36,8,Rent,Medical,Single,High School,0,0,0
28,79376.17,12988.98,687,8.2,0.659,36,5,Rent,Auto,Married,Bachelor,0,0,0
48,48530.64,9401.32,648,3.4,0.22,36,4,Mortgage,Debt Consolidation,Divorced,High School,0,1,0
52,33336.22,28984.7,636,3.7,0.385,24,0,Mortgage,Business,Married,Master,0,0,0
21,20191.46,5568.32,756,6.0,0.278,36,4,Own,Business,Married,Bachelor,0,0,1
25,34786.17,9939.31,591,3.6,0.26,24,5,Rent,Home Improvement,Single,Bachelor,1,0,0
21,,27430.29,702,2.7,0.118,12,7,Rent,Home Improvement,Single,High School,1,0,0
36,51716.32,16661.67,580,26.4,0.096,36,10,Own,Debt Consolidation,Married,High School,1,0,0
48,41250.83,12919.57,660,0.8,0.137,12,6,Own,Home Improvement,Single,Master,0,0,0
58,69145.38,15925.91,542,4.5,0.143,36,3,Own,Medical,Married,Bachelor,0,0,0
40,36080.52,15147.49,590,10.9,0.201,12,6,Mortgage,Auto,Married,High School,0,0,0
59,47642.45,4620.86,642,5.8,0.214,36,3,Mortgage,Medical,Married,PhD,1,0,0
23,88609.44,10462.12,813,10.6,0.535,60,3,Rent,Business,Single,Bachelor,0,0,0
21,58157.64,41421.91,659,2.0,0.516,12,2,Mortgage,Business,Married,Bachelor,0,0,0
39,47571.12,8420.91,798,1.6,0.312,36,4,Rent,Auto,Single,Master,0,0,0
44,36280.21,10691.34,669,9.5,0.597,48,8,Own,Debt Consolidation,Married,PhD,0,0,0
39,35717.08,9144.11,615,2.5,0.604,24,5,Rent,Business,Married,Master,0,0,1
21,32038.49,12570.26,788,6.2,0.213,36,2,Rent,Debt Consolidation,Married,Bachelor,0,0,0
38,37402.64,8882.28,689,,0.14,24,2,Mortgage,Medical,Divorced,High School,0,0,0
24,71527.19,18783.22,592,7.0,0.39,24,5,Mortgage,Education,Single,Master,1,1,1
48,43873.07,15338.47,692,4.0,0.215,60,4,Mortgage,Education,Married,Master,0,0,0
44,24962.09,22959.41,623,,0.474,24,3,Rent,Home Improvement,Married,Bachelor,0,0,0
28,118667.96,6401.84,470,3.4,0.306,36,5,Rent,Auto,Single,PhD,1,0,0
33,57525.44,10527.66,734,6.0,0.367,24,4,Own,Home Improvement,Single,Bachelor,0,2,1
27,24258.64,11407.13,748,0.1,0.523,24,3,Mortgage,Debt Consolidation,Single,High School,0,0,0
39,39303.76,18378.8,815,5.1,0.291,24,6,Mortgage,Education,Married,High School,0,1,0
51,51815.43,7667.49,687,3.9,0.189,36,5,Own,Debt Consolidation,Married,Bachelor,1,2,0
28,114955.0,25360.74,627,1.2,0.293,48,2,Own,Medical,Single,Bachelor,1,0,0
46,28168.05,30653.16,725,7.0,0.104,48,5,Own,Medical,Married,Master,0,0,0
33,79859.2,6686.12,726,1.8,0.305,36,3,Mortgage,Debt Consolidation,Single,Master,1,0,0
30,98690.43,9474.78,797,1.6,0.342,48,3,Own,Medical,Single,Bachelor,0,1,0
38,35798.91,9206.34,645,3.2,0.194,48,4,Mortgage,Auto,Single,Master,0,0,0
27,42669.65,84344.96,635,5.6,0.374,60,9,Rent,Business,Married,Master,0,0,1
33,29197.7,9887.93,585,13.2,0.176,36,0,Rent,Auto,Single,Bachelor,0,0,0
25,44279.16,43232.07,698,0.8,0.436,60,2,Mortgage,Debt Consolidation,Single,Master,0,0,0
63,,5504.7,510,2.5,0.477,36,4,Own,Education,Single,High School,0,0,1
40,68174.44,6682.48,719,0.3,0.653,48,7,Own,Business,Married,Bachelor,1,0,0
31,84549.44,8261.63,702,7.1,0.283,36,4,Rent,Debt Consolidation,Married,Master,1,0,0
42,33723.56,7390.99,702,3.0,0.218,60,2,Rent,Education,Married,Bachelor,1,2,0
38,18330.79,11075.28,662,6.1,0.609,36,4,Own,Auto,Single,High School,1,0,0
37,48502.84,8134.38,787,1.9,0.272,48,5,Own,Education,Married,High School,0,1,0
47,56770.31,7528.57,728,9.3,0.248,36,2,Rent,Debt Consolidation,Single,Master,0,1,0
49,55531.67,30059.39,595,3.8,0.19,60,5,Mortgage,Medical,Divorced,Bachelor,0,1,0
33,41633.62,31465.77,596,14.4,0.621,60,4,Mortgage,Debt Consolidation,Married,High School,1,0,0
33,52175.9,25965.07,570,0.4,0.457,24,3,Mortgage,Auto,Divorced,Master,0,0,0
36,104581.55,19279.53,699,3.6,0.45,36,3,Rent,Education,Single,Master,0,0,0
21,59329.81,14255.81,559,7.3,0.696,12,6,Mortgage,Medical,Married,Bachelor,1,0,0
21,40672.84,9434.03,747,4.6,0.266,24,3,Mortgage,Business,Married,Bachelor,0,0,0
56,38173.66,6855.38,769,0.1,0.602,60,5,Own,Auto,Married,Bachelor,0,0,1
59,45029.53,17224.65,570,17.9,0.489,36,3,Mortgage,Home Improvement,Married,Master,0,0,0
37,111120.44,5874.98,633,1.8,0.238,36,6,Rent,Home Improvement,Single,Master,0,0,0
46,44727.76,6662.54,651,1.4,0.325,48,5,Mortgage,Auto,Single,High School,0,0,0
43,48538.03,29942.65,729,3.3,0.654,36,4,Rent,Auto,Single,Bachelor,0,0,1
70,38516.55,50536.66,794,3.9,0.185,24,7,Rent,Home Improvement,Single,Master,0,0,0
53,84922.27,17593.88,498,7.3,0.466,24,4,Own,Home Improvement,Single,Bachelor,1,1,1
38,130603.15,28984.6,621,2.5,0.105,36,3,Rent,Education,Single,High School,0,0,0
28,61408.68,11247.56,626,2.9,0.617,24,4,Mortgage,Home Improvement,Married,Bachelor,0,0,1
21,51092.17,5237.65,523,3.8,0.192,24,4,Own,Auto,Married,Bachelor,0,1,0
42,49930.7,20506.97,606,2.5,0.248,36,5,Own,Education,Single,Master,0,0,0
30,15000.0,19900.55,688,12.3,0.244,60,4,Own,Medical,Married,Bachelor,0,0,1
22,71152.12,14047.05,624,9.5,0.13,12,8,Rent,Debt Consolidation,Married,Bachelor,0,0,0
32,52422.08,11274.93,510,3.0,0.326,48,4,Rent,Education,Married,Bachelor,0,2,0
27,60728.66,26200.86,850,0.0,0.357,48,7,Mortgage,Education,Married,PhD,1,0,0
60,34346.96,6700.83,673,11.6,0.087,12,7,Mortgage,Debt Consolidation,Single,High School,0,0,0
50,40447.96,7772.55,660,0.7,0.301,48,9,Rent,Medical,Single,Bachelor,1,0,0
39,39914.2,6596.7,551,1.4,0.215,36,6,Rent,Debt Consolidation,Married,High School,1,0,0
57,81700.18,14178.49,673,0.8,0.303,48,6,Mortgage,Education,Single,Bachelor,0,0,0
40,40563.34,6238.37,635,1.0,0.578,60,8,Own,Medical,Married,Bachelor,0,0,0
29,138875.09,8275.3,480,8.1,0.378,24,5,Mortgage,Medical,Married,High School,0,1,0
58,60805.24,8151.61,553,4.3,0.16,48,3,Rent,Debt Consolidation,Divorced,Bachelor,1,0,0
46,25904.16,11131.94,721,15.6,0.194,36,6,Rent,Debt Consolidation,Divorced,Master,0,0,0
27,45969.2,4716.57,824,1.3,0.537,24,2,Own,Debt Consolidation,Divorced,Bachelor,0,0,0
37,35389.22,14200.66,683,3.3,0.248,24,3,Mortgage,Business,Divorced,Bachelor,1,0,0
29,16363.5,31987.89,749,19.0,0.1,48,7,Own,Debt Consolidation,Single,Master,0,0,0
23,109068.94,14688.85,635,8.8,0.067,24,6,Rent,Auto,Divorced,Bachelor,0,1,0
51,69673.22,39297.84,642,6.5,0.417,36,2,Rent,Auto,Single,PhD,0,0,0
62,63997.78,33989.22,748,1.0,0.509,48,1,Rent,Business,Divorced,Bachelor,0,0,0
23,53247.27,23026.81,799,7.3,0.073,48,1,Rent,Auto,Married,High School,0,0,0
46,24562.87,14076.75,767,2.1,0.35,60,3,Mortgage,Debt Consolidation,Married,Master,0,0,1
32,38491.45,13571.81,554,3.8,0.329,24,3,Mortgage,Business,Divorced,Bachelor,1,0,0
34,74674.23,22803.28,643,4.7,0.305,36,1,Rent,Education,Divorced,Bachelor,0,0,0
32,28980.83,10156.11,674,4.7,0.483,60,3,Rent,Home Improvement,Married,High School,0,0,0
29,,3576.84,626,6.5,0.066,12,5,Own,Education,Single,Master,0,0,0
40,43758.76,18852.54,684,5.4,0.155,48,3,Rent,Home Improvement,Divorced,Bachelor,1,0,0
30,45666.54,6052.65,723,0.4,0.107,24,4,Own,Medical,Single,Bachelor,0,1,0
43,52458.71,6812.41,740,3.1,0.319,48,3,Mortgage,Debt Consolidation,Married,Bachelor,0,1,0
39,70562.87,13361.82,801,5.5,0.208,48,4,Own,Medical,Married,High School,0,0,0
37,67427.14,12499.11,620,1.8,0.369,60,7,Rent,Home Improvement,Married,Bachelor,1,2,1
29,55791.95,4971.85,527,1.9,0.01,36,3,Mortgage,Auto,Married,High School,0,0,0
33,,15000.58,682,0.7,0.09,48,1,Rent,Business,Single,Bachelor,0,3,0
49,22937.2,26273.02,819,2.7,0.517,12,3,Mortgage,Home Improvement,Married,Master,0,0,0
46,63088.32,6064.22,607,21.6,0.319,36,3,Own,Medical,Married,Bachelor,0,0,0
28,67055.05,32556.7,711,1.7,0.15,36,2,Mortgage,Auto,Married,High School,1,0,0
41,26376.24,4482.25,712,3.8,0.18,36,4,Rent,Business,Married,Master,0,1,0
49,23122.58,58813.51,667,6.8,0.626,36,3,Mortgage,Education,Single,Master,0,0,1
21,33759.9,10017.79,650,0.1,0.267,60,6,Own,Auto,Single,Master,0,0,1
46,35215.07,14793.33,566,11.5,0.236,12,4,Mortgage,Home Improvement,Divorced,Bachelor,0,0,0
32,71446.9,3553.1,444,2.4,0.49,24,4,Own,Auto,Divorced,High School,0,0,0
46,36052.47,12791.1,549,10.2,0.13,60,3,Own,Auto,Married,Bachelor,0,0,0
30,31946.75,15676.81,614,0.2,0.268,36,4,Mortgage,Medical,Single,Bachelor,0,1,0
21,36104.87,12577.77,748,0.8,0.267,36,3,Rent,Auto,Single,High School,0,0,0
21,85760.7,9007.77,640,1.9,0.343,12,8,Mortgage,Business,Divorced,High School,1,0,0
40,49341.54,6887.1,603,2.1,0.653,24,7,Mortgage,Home Improvement,Divorced,Bachelor,0,0,0
43,44818.42,29477.09,569,9.4,0.042,12,4,Mortgage,Debt Consolidation,Single,Master,0,0,0
29,46397.33,13650.96,709,0.1,0.307,24,2,Rent,Auto,Married,PhD,0,0,1
47,93529.31,39282.2,772,5.1,0.162,48,3,Mortgage,Education,Divorced,Master,1,0,0
21,33705.43,9241.53,745,0.7,0.252,48,2,Rent,Home Improvement,Single,High School,1,0,0
39,94632.3,9854.11,704,8.7,0.503,60,7,Mortgage,Auto,Married,Master,1,1,0
25,54461.44,23645.21,517,7.5,0.353,24,1,Own,Auto,Divorced,PhD,1,0,0
32,45242.41,4289.47,618,3.5,0.133,36,1,Rent,Education,Married,Bachelor,0,0,0
40,171176.46,5713.43,825,1.2,0.262,36,2,Rent,Medical,Single,Bachelor,0,0,0
29,28916.86,28803.13,750,5.0,0.082,12,4,Mortgage,Home Improvement,Divorced,Bachelor,0,0,1
35,41075.09,5881.97,511,0.8,0.07,48,2,Mortgage,Business,Single,Master,0,0,0
52,26470.45,3739.34,644,1.1,0.086,36,3,Own,Debt Consolidation,Single,High School,0,0,0
33,78923.24,49413.01,682,4.9,0.42,60,6,Own,Auto,Single,High School,0,0,0
50,114073.07,5035.8,581,23.7,0.268,24,4,Rent,Home Improvement,Single,Bachelor,1,0,0
26,112979.47,15197.46,442,11.1,0.505,24,13,Rent,Home Improvement,Married,High School,0,0,1
46,90397.72,14021.68,658,4.5,0.216,36,6,Mortgage,Auto,Single,Bachelor,1,3,0
57,44408.66,1867.88,579,3.9,0.499,24,3,Mortgage,Debt Consolidation,Divorced,Bachelor,0,0,0
21,40838.46,11079.79,579,32.1,0.113,48,5,Rent,Auto,Divorced,Master,0,0,0
30,21256.44,18285.97,618,4.0,0.422,60,5,Rent,Debt Consolidation,Single,Bachelor,1,0,1
46,135664.03,17120.24,637,2.7,0.483,12,5,Mortgage,Home Improvement,Married,Master,1,0,0
37,61975.17,25146.26,649,12.0,0.272,24,5,Mortgage,Auto,Married,Bachelor,0,0,1
44,38331.28,10185.86,570,1.3,0.092,24,5,Rent,Home Improvement,Married,High School,0,0,1
32,95227.92,21999.02,630,0.5,0.13,36,7,Own,Auto,Single,Master,0,2,0
41,30140.28,8245.89,491,5.0,0.156,36,6,Mortgage,Auto,Single,Bachelor,0,0,0
38,60072.71,4977.45,677,0.5,0.372,48,6,Mortgage,Business,Married,Master,0,0,0
54,44967.06,5386.17,392,2.3,0.656,48,1,Mortgage,Medical,Married,Master,0,0,1
43,67463.27,4800.73,623,2.8,0.061,36,7,Mortgage,Auto,Married,PhD,0,2,0
44,47487.09,27084.32,732,4.0,0.301,36,5,Mortgage,Education,Single,PhD,0,1,0
35,23730.97,4627.62,554,23.9,0.131,48,5,Own,Auto,Married,High School,0,0,0
34,50908.65,16184.79,714,1.2,0.317,36,3,Rent,Home Improvement,Married,Master,0,0,0
34,82820.6,11090.6,754,2.4,0.26,12,2,Own,Debt Consolidation,Divorced,PhD,0,0,0
44,48309.9,12433.45,352,0.7,0.369,24,4,Rent,Home Improvement,Single,Master,0,0,1
34,72226.16,34701.05,636,4.7,0.334,12,3,Rent,Education,Married,Master,0,0,0
43,29063.41,9829.08,391,6.5,0.333,36,2,Rent,Medical,Single,Master,1,0,0
64,48381.35,20498.79,639,3.3,0.451,36,5,Mortgage,Auto,Single,High School,0,1,0
50,35873.16,13715.67,649,1.4,0.347,12,3,Own,Home Improvement,Married,High School,0,0,0
36,71217.26,12011.1,426,4.8,0.277,48,8,Rent,Education,Single,Bachelor,1,0,1
54,49798.78,66834.75,823,3.9,0.487,36,6,Mortgage,Debt Consolidation,Married,Master,1,0,0
35,69219.43,4871.03,675,0.9,0.424,24,5,Own,Medical,Single,High School,0,0,0
21,84444.96,32938.33,573,2.6,0.29,48,9,Rent,Medical,Divorced,Bachelor,0,0,0
27,69272.92,21151.89,781,2.9,0.356,48,5,Own,Auto,Single,Bachelor,1,0,0
21,56193.66,9550.34,488,20.3,0.216,24,5,Mortgage,Medical,Single,Bachelor,1,0,0
35,29759.21,41794.62,539,9.5,0.589,60,1,Rent,Debt Consolidation,Married,Master,1,0,0
40,48952.56,3664.04,443,6.6,0.226,24,4,Own,Home Improvement,Married,High School,0,0,0
60,37550.98,9272.08,812,11.0,0.163,48,2,Rent,Medical,Single,High School,0,0,0
43,41273.17,5733.39,679,6.6,0.186,60,3,Mortgage,Education,Married,Master,1,0,0
37,40649.14,17826.8,709,11.7,0.47,48,3,Mortgage,Business,Married,Master,0,0,0
49,30032.55,6129.42,677,0.3,0.372,48,4,Own,Home Improvement,Married,High School,0,1,1
21,18422.55,18090.55,701,3.0,0.093,60,7,Mortgage,Debt Consolidation,Single,Bachelor,1,0,0
42,35099.02,11725.19,657,6.9,0.352,24,5,Mortgage,Debt Consolidation,Divorced,Bachelor,1,1,0
49,53997.32,9551.49,674,4.4,0.187,24,1,Rent,Auto,Married,Bachelor,1,0,0
22,24982.02,17536.73,659,,0.666,48,5,Rent,Education,Single,Master,0,0,1
53,49406.69,11069.68,595,2.1,0.062,60,7,Rent,Medical,Married,Bachelor,0,0,0
44,126770.57,6235.14,645,1.9,0.151,48,3,Own,Auto,Single,Bachelor,0,0,0
35,81758.76,94936.27,674,1.5,0.541,60,3,Rent,Medical,Single,High School,1,0,1
47,111498.98,9499.39,659,2.1,0.392,24,5,Mortgage,Education,Married,High School,0,0,1
67,59609.12,2828.99,900,3.6,0.321,48,2,Mortgage,Education,Married,Master,0,1,0
42,87882.41,7409.59,528,9.7,0.228,60,3,Rent,Home Improvement,Divorced,Master,0,0,0
42,34132.92,5502.22,747,6.8,0.331,36,2,Rent,Auto,Divorced,High School,1,1,0
34,35519.24,23820.5,622,9.0,0.089,60,4,Own,Auto,Married,High School,1,0,0
29,15000.0,16733.31,702,10.8,0.516,24,3,Rent,Auto,Married,Bachelor,0,0,0
49,88705.11,17660.73,551,2.7,0.226,60,4,Rent,Auto,Married,High School,1,0,0
29,105890.62,10311.18,517,2.1,0.012,60,2,Mortgage,Business,Single,High School,0,0,0
40,37175.73,10986.85,574,0.3,0.316,12,3,Mortgage,Business,Single,Bachelor,1,0,0
34,43175.31,10304.63,629,13.3,0.141,36,0,Rent,Education,Divorced,Bachelor,0,1,0
45,33626.47,12621.6,590,0.3,0.372,36,3,Rent,Auto,Single,Master,0,0,0
44,59357.09,23974.2,766,6.8,0.42,12,5,Rent,Medical,Married,PhD,1,0,1
52,86031.28,16903.11,666,2.4,0.337,12,3,Own,Auto,Single,Bachelor,0,0,0
33,20508.9,18959.85,816,,0.267,12,5,Rent,Business,Married,Master,0,1,0
36,60157.37,18952.5,686,2.7,0.265,36,6,Mortgage,Business,Single,PhD,1,0,0
28,42687.62,24812.67,432,8.5,0.581,36,7,Mortgage,Auto,Married,High School,1,0,0
34,51880.44,16345.45,745,1.7,0.276,60,3,Rent,Auto,Single,Master,1,0,0
44,61666.55,17174.72,514,1.8,0.254,36,8,Rent,Medical,Married,Bachelor,0,0,0
49,44618.27,30704.5,670,4.5,0.093,48,1,Mortgage,Education,Single,High School,0,0,0
28,46546.48,8387.25,580,31.0,0.174,12,3,Mortgage,Education,Married,High School,0,0,0
50,44049.2,7339.16,842,3.6,0.312,48,2,Mortgage,Education,Married,Bachelor,0,0,0
56,79630.95,5824.65,779,13.8,0.391,60,3,Mortgage,Business,Married,Master,0,0,0
44,60438.4,15184.65,583,7.7,0.187,36,4,Rent,Auto,Single,High School,0,0,0
62,54736.81,3649.65,638,7.9,0.569,36,2,Rent,Debt Consolidation,Married,Bachelor,0,0,1
30,25965.5,18462.7,672,2.9,0.647,48,4,Mortgage,Auto,Single,Bachelor,0,1,0
25,40567.0,12376.62,727,2.4,0.095,36,5,Rent,Business,Divorced,Bachelor,1,0,0
21,76828.78,29562.08,652,1.1,0.303,36,4,Mortgage,Debt Consolidation,Married,High School,1,0,0
57,49953.52,8347.0,557,16.6,0.239,24,7,Own,Debt Consolidation,Single,Master,0,0,0
47,68170.4,11587.44,585,16.0,0.186,36,4,Own,Debt Consolidation,Divorced,Bachelor,0,0,0
39,118569.66,29305.85,649,6.9,0.399,48,3,Mortgage,Medical,Married,Bachelor,0,0,0
43,82396.9,35178.66,761,1.8,0.467,60,3,Mortgage,Auto,Single,High School,0,0,0
26,51358.16,8299.03,688,1.4,0.215,36,0,Own,Education,Divorced,Bachelor,1,0,0
69,37968.24,15172.61,580,22.4,0.137,12,3,Rent,Debt Consolidation,Single,Bachelor,0,1,0
41,15000.0,16417.34,708,,0.22,24,4,Mortgage,Medical,Married,High School,1,0,0
41,45062.58,17353.64,615,,0.316,60,4,Rent,Business,Single,Bachelor,0,0,0
48,41647.38,11116.63,730,2.2,0.366,60,6,Own,Debt Consolidation,Divorced,Bachelor,0,0,0
45,59586.43,32760.16,850,2.7,0.335,24,4,Rent,Education,Single,High School,1,1,0
42,45390.01,3558.9,617,8.9,0.388,60,4,Own,Auto,Single,High School,0,0,0
30,,9948.82,722,0.5,0.373,60,5,Own,Debt Consolidation,Married,PhD,0,0,1
45,20136.72,18279.79,582,2.2,0.213,36,2,Own,Business,Married,Master,0,0,0
62,30638.6,18399.11,639,15.2,0.42,48,6,Own,Business,Married,Bachelor,1,0,0
56,62213.39,34438.53,652,6.0,0.519,36,3,Own,Debt Consolidation,Married,High School,0,1,0
59,115607.23,30907.61,632,7.0,0.11,36,3,Own,Auto,Single,High School,0,0,1
33,46687.76,10939.34,850,7.1,0.403,24,3,Own,Medical,Married,Bachelor,1,0,0
28,57751.55,33186.88,622,0.3,0.163,36,7,Rent,Debt Consolidation,Married,Bachelor,0,0,1
38,78923.88,8104.47,702,1.1,0.146,60,6,Mortgage,Business,Single,Master,0,0,0
40,32681.13,25632.62,476,3.4,0.352,48,5,Mortgage,Medical,Married,Bachelor,1,0,0
53,58888.85,47446.87,688,2.3,0.112,36,4,Own,Auto,Married,PhD,1,0,0
21,33852.05,31271.45,752,2.6,0.542,36,5,Mortgage,Debt Consolidation,Married,High School,1,0,0
58,75539.59,14386.41,602,7.6,0.291,36,4,Mortgage,Business,Single,High School,1,0,0
38,52875.83,10590.95,424,0.1,0.458,36,4,Rent,Medical,Married,Bachelor,1,1,1
34,56909.97,4582.44,646,5.4,0.447,48,3,Mortgage,Home Improvement,Single,PhD,0,0,0
27,33146.77,16603.65,651,0.0,0.187,36,3,Own,Medical,Married,Master,0,0,0
21,69808.86,6120.19,715,0.3,0.271,24,3,Own,Business,Married,High School,0,1,1
49,139017.69,7667.96,830,2.6,0.297,24,4,Mortgage,Business,Single,Bachelor,1,0,0
40,29615.23,5805.02,615,9.2,0.115,36,7,Mortgage,Home Improvement,Married,Bachelor,1,1,0
24,41362.11,9679.11,572,0.8,0.247,48,2,Rent,Home Improvement,Divorced,Master,0,2,0
24,55039.35,13100.71,544,4.0,0.199,36,4,Mortgage,Education,Married,High School,1,1,0
35,72635.07,16179.98,667,5.7,0.392,48,6,Mortgage,Education,Divorced,High School,0,0,1
60,37057.53,8774.85,693,1.3,0.203,48,4,Rent,Home Improvement,Divorced,Bachelor,0,0,0
36,15000.0,28240.11,600,3.6,0.282,36,5,Own,Auto,Single,High School,1,0,0
21,96721.86,11547.87,720,12.1,0.196,60,2,Own,Business,Married,High School,0,0,0
37,71700.5,7697.06,691,3.6,0.303,24,4,Rent,Debt Consolidation,Married,Bachelor,1,0,0
36,20507.1,15652.79,653,0.9,0.315,60,6,Mortgage,Auto,Single,Bachelor,1,0,0
21,36178.33,52811.64,568,4.9,0.397,24,5,Mortgage,Business,Married,Master,1,0,0
39,107375.92,16892.29,606,4.5,0.396,36,2,Rent,Medical,Single,Bachelor,0,1,0
37,101103.32,10363.04,431,0.1,0.511,36,6,Rent,Home Improvement,Divorced,Bachelor,1,0,0
48,78379.68,4586.06,671,0.5,0.483,36,6,Mortgage,Medical,Married,High School,1,0,0
62,44888.81,11457.63,652,0.9,0.715,60,3,Rent,Education,Married,Master,1,0,0
53,51097.65,15747.7,666,0.7,0.176,24,6,Mortgage,Debt Consolidation,Married,Master,0,0,0
36,45914.54,10185.22,695,1.5,0.354,48,2,Own,Auto,Married,Bachelor,0,0,0
26,86173.66,4164.0,684,3.0,0.299,48,6,Rent,Medical,Married,Bachelor,1,0,0
70,31636.88,7365.81,640,2.3,0.333,24,6,Rent,Debt Consolidation,Married,Master,1,0,0
40,32764.48,36981.64,654,11.1,0.398,60,5,Rent,Medical,Single,Bachelor,1,0,0
40,81237.91,36453.79,523,4.7,0.166,36,10,Mortgage,Education,Single,Bachelor,0,0,0
39,47945.45,7182.14,597,10.4,0.227,60,5,Rent,Business,Single,High School,0,0,0
42,97658.67,21395.37,654,3.7,0.057,48,5,Mortgage,Education,Single,Bachelor,1,1,0
38,35039.94,5854.69,583,,0.39,48,3,Rent,Medical,Divorced,High School,0,2,1
33,47696.38,35704.12,727,3.1,0.125,36,1,Own,Education,Married,High School,0,0,0
33,30908.72,15861.74,590,8.6,0.182,48,7,Own,Home Improvement,Married,Master,0,0,0
39,49201.6,25971.34,669,1.1,0.123,12,4,Mortgage,Home Improvement,Single,Bachelor,0,1,0
33,23405.51,4021.6,660,,0.391,36,2,Mortgage,Business,Married,Bachelor,1,1,0
31,38414.23,21468.58,717,2.0,0.421,12,3,Rent,Education,Married,Bachelor,0,0,0
41,23905.72,13288.15,731,2.5,0.116,36,3,Own,Auto,Married,High School,0,0,0
36,69352.79,24254.33,712,1.8,0.011,12,3,Rent,Home Improvement,Divorced,Bachelor,1,0,0
58,70143.24,25346.79,460,0.7,0.412,60,5,Rent,Medical,Married,High School,0,0,1
21,20637.57,13989.32,757,1.4,0.585,48,5,Rent,Home Improvement,Married,Master,1,0,1
53,95505.86,8772.87,787,5.7,0.433,48,3,Mortgage,Education,Married,Bachelor,1,1,0
54,170878.42,23058.44,606,2.4,0.505,60,7,Rent,Business,Married,High School,0,1,0
21,50161.51,12808.85,671,5.0,0.216,48,5,Rent,Education,Married,Bachelor,1,0,0
35,35576.58,7252.13,569,3.8,0.421,24,2,Mortgage,Education,Single,Bachelor,0,0,1
35,201222.25,7015.61,474,4.0,0.526,48,3,Rent,Auto,Single,Bachelor,0,1,0
23,25349.54,4750.4,583,1.4,0.093,60,5,Mortgage,Education,Divorced,Master,0,0,0
30,49516.1,9346.86,601,3.7,0.715,24,4,Mortgage,Education,Single,Bachelor,1,0,1
26,53627.17,28908.31,618,0.1,0.288,48,5,Own,Business,Married,Master,1,0,0
61,96045.16,15130.7,563,2.8,0.208,36,6,Rent,Medical,Married,High School,1,1,0
51,58680.9,9220.3,583,4.3,0.486,36,1,Own,Home Improvement,Married,Bachelor,0,0,0
55,38203.52,23468.14,649,1.0,0.124,60,8,Mortgage,Medical,Divorced,Master,0,1,0
48,30467.26,7459.67,580,1.5,0.264,36,1,Mortgage,Home Improvement,Married,Master,0,0,0
26,41319.47,14281.86,698,1.2,0.21,12,8,Own,Home Improvement,Married,PhD,0,1,0
33,,11781.18,711,0.4,0.119,60,6,Rent,Debt Consolidation,Divorced,Bachelor,1,1,0
45,50207.15,23049.32,850,2.1,0.53,48,2,Rent,Education,Divorced,Bachelor,0,0,0
25,36971.47,4429.05,751,19.3,0.195,36,5,Rent,Business,Divorced,Bachelor,0,2,0
48,23224.92,7367.71,671,2.2,0.409,24,4,Mortgage,Debt Consolidation,Married,Bachelor,0,0,0
37,91818.85,4243.86,594,3.1,0.335,60,4,Own,Education,Single,Bachelor,0,1,0
35,38221.89,11139.83,676,5.3,0.626,24,2,Own,Medical,Married,High School,0,1,0
48,26002.07,31194.57,679,5.2,0.435,36,2,Rent,Medical,Divorced,Bachelor,0,0,0
45,45065.42,9378.61,603,15.0,0.126,24,2,Mortgage,Auto,Divorced,Master,0,0,0
35,50725.59,9344.29,720,9.7,0.215,60,5,Rent,Education,Married,Bachelor,1,0,0
53,20471.04,24592.75,524,7.9,0.118,48,7,Rent,Home Improvement,Married,Bachelor,0,0,0
27,57862.44,28225.6,628,15.1,0.682,36,5,Own,Debt Consolidation,Single,High School,1,0,0
47,29039.76,12556.58,700,1.3,0.399,48,1,Rent,Auto,Single,High School,0,0,0
47,115325.56,21575.21,624,4.8,0.364,60,2,Mortgage,Debt Consolidation,Married,Master,0,0,0
36,63702.57,6286.32,631,10.9,0.098,60,0,Own,Medical,Single,Bachelor,0,1,0
43,40136.84,35051.79,637,4.9,0.218,48,3,Mortgage,Auto,Single,Master,0,1,0
24,33772.97,60119.79,574,19.0,0.099,48,4,Rent,Business,Married,High School,0,0,0
51,46514.35,19242.01,755,0.5,0.415,36,5,Rent,Auto,Divorced,Bachelor,0,0,0
37,66595.71,3105.62,558,2.9,0.2,36,5,Own,Home Improvement,Divorced,PhD,0,0,0
33,48399.9,9038.41,678,18.9,0.29,48,2,Mortgage,Medical,Single,Bachelor,0,0,1
52,43976.94,20516.36,687,2.4,0.386,48,3,Mortgage,Business,Single,High School,1,0,0
31,50472.56,9946.36,564,6.7,0.319,60,5,Mortgage,Medical,Single,High School,1,0,0
23,36245.5,32550.21,656,0.2,0.333,24,5,Mortgage,Home Improvement,Married,High School,0,0,1
21,41290.88,20165.13,568,5.9,0.146,48,1,Rent,Medical,Married,High School,1,0,1
47,17276.52,8147.51,775,13.6,0.383,48,5,Rent,Education,Married,Bachelor,0,0,0
24,79766.84,13664.89,547,2.4,0.077,48,4,Rent,Business,Divorced,Master,0,1,0
61,56919.82,7146.06,591,0.1,0.234,12,7,Rent,Auto,Married,Master,1,0,0
21,33298.65,11756.84,539,0.1,0.058,48,5,Mortgage,Auto,Married,High School,0,1,1
60,126673.41,9061.45,527,11.1,0.418,36,8,Rent,Education,Married,Master,1,2,1
42,51200.69,30404.12,793,6.4,0.287,48,1,Own,Auto,Divorced,Bachelor,0,0,0
38,29200.12,58759.52,698,0.6,0.402,48,4,Rent,Business,Single,High School,0,0,1
33,75234.77,4905.77,662,0.3,0.32,36,4,Rent,Education,Single,High School,1,0,0
44,59815.74,3476.39,590,8.2,0.192,48,3,Rent,Auto,Single,Bachelor,0,1,0
39,59712.1,11252.88,731,8.3,0.121,60,2,Mortgage,Debt Consolidation,Married,High School,0,0,0
53,39621.3,4615.19,575,0.6,0.594,36,4,Mortgage,Education,Married,High School,0,0,1
41,61405.08,13798.95,721,1.8,0.588,48,5,Own,Debt Consolidation,Single,High School,0,0,0
41,43007.12,22567.26,571,7.6,0.645,36,7,Own,Auto,Married,Bachelor,0,0,0
35,64729.4,38021.21,591,3.7,0.06,48,5,Mortgage,Education,Single,High School,0,0,0
39,18911.54,15382.35,718,15.7,0.327,36,4,Own,Home Improvement,Married,High School,0,0,0
43,39460.81,11670.17,727,3.3,0.436,36,1,Mortgage,Business,Married,High School,0,0,0
21,,3344.69,703,5.6,0.117,48,5,Mortgage,Education,Divorced,High School,1,1,0
23,33405.18,13606.86,555,,0.315,36,3,Mortgage,Home Improvement,Single,High School,0,0,0
48,36245.87,14043.31,609,14.3,0.27,24,4,Own,Education,Single,Bachelor,0,0,0
42,39183.83,20895.1,664,2.5,0.189,60,6,Mortgage,Medical,Married,High School,0,0,0
37,26704.76,8136.04,573,1.3,0.053,48,2,Rent,Education,Married,High School,0,1,1
40,16250.19,9852.33,773,2.0,0.437,48,5,Mortgage,Home Improvement,Married,High School,1,0,0
44,43682.67,4747.62,433,9.6,0.266,48,4,Own,Home Improvement,Married,High School,0,0,1
33,52466.48,2686.77,579,3.4,0.638,60,4,Rent,Home Improvement,Married,Master,1,0,1
30,47750.63,6149.04,604,2.2,0.373,24,7,Own,Auto,Single,Bachelor,1,1,1
42,45595.34,4450.5,394,3.9,0.444,12,5,Rent,Medical,Single,Bachelor,1,1,1
28,50087.18,16910.65,524,0.7,0.214,36,8,Mortgage,Medical,Married,Master,0,0,0
44,81749.97,9295.69,706,0.0,0.381,36,3,Own,Auto,Married,High School,0,0,0
21,44568.25,9165.8,652,1.6,0.449,24,0,Rent,Debt Consolidation,Divorced,High School,0,0,0
52,36789.17,6707.03,791,4.6,0.092,48,2,Own,Debt Consolidation,Married,Bachelor,0,1,0
45,42592.66,1390.2,789,6.2,0.139,12,5,Mortgage,Medical,Married,High School,0,1,0
43,65491.35,38400.18,688,8.8,0.32,48,1,Mortgage,Education,Married,Bachelor,1,0,0
51,99311.18,6632.99,678,13.1,0.482,48,2,Own,Education,Single,Master,0,1,0
59,35808.05,10009.66,655,2.7,0.597,24,4,Mortgage,Business,Single,Bachelor,1,0,0
52,51506.69,4825.05,411,6.7,0.14,24,5,Rent,Auto,Single,High School,0,1,0
21,58056.89,26379.73,524,0.4,0.127,48,5,Rent,Home Improvement,Married,Master,0,2,1
24,29843.16,14770.69,659,0.3,0.382,48,3,Rent,Business,Married,Bachelor,0,0,0
32,49523.8,7491.65,705,,0.53,48,5,Mortgage,Debt Consolidation,Single,Master,0,0,1
40,23556.64,10152.13,676,3.0,0.133,36,6,Rent,Medical,Married,High School,0,0,0
46,20241.19,43248.85,569,1.2,0.351,60,1,Mortgage,Debt Consolidation,Single,Bachelor,0,0,0
31,58886.86,12694.47,734,1.7,0.01,48,6,Rent,Medical,Married,High School,0,0,0
42,40459.74,11763.85,783,5.2,0.443,12,2,Rent,Auto,Single,High School,0,0,0
30,54238.17,6912.13,734,2.2,0.565,36,3,Mortgage,Education,Single,Bachelor,0,0,0
32,48584.14,3546.77,739,4.1,0.076,48,6,Mortgage,Medical,Single,High School,0,2,0
23,,11943.86,599,2.7,0.41,24,5,Mortgage,Business,Married,High School,0,0,0
28,47924.05,16778.27,746,0.9,0.357,60,4,Rent,Business,Married,High School,0,1,0
23,26461.59,28845.5,663,0.4,0.329,48,2,Mortgage,Business,Single,Bachelor,1,0,0
28,98271.19,2768.48,696,1.3,0.26,12,7,Rent,Business,Single,High School,0,0,0
52,24884.86,6078.01,682,0.3,0.17,60,3,Mortgage,Home Improvement,Divorced,Master,1,0,0
28,44449.43,8897.11,639,4.8,0.056,36,3,Mortgage,Debt Consolidation,Divorced,Bachelor,1,0,0
70,29110.79,13327.21,572,7.9,0.401,36,4,Mortgage,Auto,Married,Bachelor,0,0,0
45,65199.73,12069.98,642,2.1,0.333,48,5,Mortgage,Auto,Married,Bachelor,1,0,0
42,41534.69,12268.84,738,2.4,0.295,48,2,Mortgage,Auto,Married,Bachelor,0,0,0
29,37822.77,17777.12,610,8.5,0.42,36,2,Rent,Debt Consolidation,Married,PhD,0,1,0
48,75101.87,7098.9,730,1.3,0.08,24,5,Own,Medical,Married,High School,0,0,0
33,49747.49,25691.08,716,0.6,0.632,36,5,Mortgage,Auto,Married,Master,0,0,0
41,63469.97,18095.47,623,3.5,0.574,36,2,Mortgage,Auto,Married,Bachelor,0,0,0
70,30011.53,10679.89,774,5.2,0.087,48,3,Rent,Education,Married,Master,0,0,0
38,24284.45,40971.65,618,4.6,0.272,48,5,Rent,Home Improvement,Married,Bachelor,1,0,0
53,51720.21,39715.28,785,6.3,0.716,48,4,Mortgage,Education,Married,Master,0,0,0
31,41796.87,25668.68,689,0.3,0.446,36,2,Mortgage,Auto,Single,Master,1,0,0
39,67051.57,1614.87,648,2.8,0.48,36,0,Rent,Auto,Married,High School,1,0,1
61,47100.82,40346.57,900,1.4,0.302,24,7,Own,Medical,Single,Master,0,0,0
32,54314.02,23302.85,642,7.1,0.278,24,6,Rent,Auto,Married,Bachelor,0,0,0
61,21770.45,54419.95,631,10.3,0.287,48,6,Own,Auto,Married,Master,0,0,0
48,126022.84,31768.33,536,1.7,0.193,12,5,Own,Debt Consolidation,Divorced,High School,0,0,1
33,45156.03,40329.56,630,0.5,0.298,12,2,Mortgage,Home Improvement,Married,Master,1,0,1
47,69479.95,24712.35,577,1.5,0.438,24,3,Rent,Debt Consolidation,Single,Master,0,0,0
51,32271.96,34340.66,702,0.5,0.135,24,4,Rent,Auto,Single,High School,0,0,0
47,57182.6,53953.97,767,1.9,0.344,36,4,Rent,Home Improvement,Married,High School,0,0,1
21,25554.73,15546.46,539,3.9,0.261,36,2,Own,Education,Married,Bachelor,0,0,0
31,61453.37,4444.57,804,18.2,0.461,24,1,Rent,Medical,Single,Bachelor,0,1,0
37,41028.12,10772.77,638,2.5,0.1,24,4,Rent,Debt Consolidation,Single,Master,0,0,0
39,49741.52,17552.68,562,1.2,0.468,12,9,Mortgage,Medical,Single,Master,0,0,1
47,69493.4,14078.74,718,0.9,0.396,36,6,Mortgage,Auto,Single,Bachelor,0,0,0
42,26469.01,5582.58,609,0.9,0.231,48,2,Rent,Auto,Divorced,High School,0,0,1
23,34813.28,4265.24,642,1.1,0.415,24,3,Own,Home Improvement,Single,Master,1,1,1
44,61615.09,7952.06,613,7.2,0.107,48,3,Rent,Education,Married,Bachelor,0,0,0
47,139959.83,23515.56,576,0.3,0.233,12,6,Rent,Medical,Married,Bachelor,0,0,0
46,45750.54,40385.97,715,29.8,0.687,12,4,Mortgage,Auto,Single,Bachelor,0,0,0
52,65878.54,25376.97,624,3.7,0.255,36,5,Rent,Medical,Single,Master,1,0,0
50,46467.77,28006.7,520,3.9,0.236,36,6,Mortgage,Medical,Divorced,PhD,0,2,0
45,129459.43,12624.93,699,2.2,0.361,24,7,Mortgage,Home Improvement,Married,High School,0,0,0
39,20463.32,3946.33,541,5.9,0.222,24,2,Rent,Home Improvement,Divorced,High School,1,1,1
21,51395.74,9714.22,546,3.2,0.332,12,5,Rent,Auto,Single,High School,0,0,0
45,21746.93,11146.32,757,2.0,0.312,48,3,Mortgage,Auto,Married,Master,0,1,0
42,15000.0,730406.2076883637,542,1.5,0.312,36,4,Mortgage,Medical,Single,Bachelor,0,0,0
43,56881.82,13881.14,441,13.0,0.141,24,6,Mortgage,Education,Single,High School,0,0,0
24,52562.01,18196.67,706,1.7,0.381,48,1,Rent,Debt Consolidation,Married,Bachelor,0,1,0
27,42513.69,24272.78,622,2.9,0.174,12,7,Own,Auto,Married,Bachelor,0,0,0
52,46485.84,10996.32,630,2.2,0.271,24,3,Rent,Medical,Single,High School,0,0,0
39,230763.74,3524.06,621,0.5,0.17,24,1,Own,Education,Single,High School,0,1,0
48,43084.23,9527.96,670,1.0,0.3,24,5,Rent,Medical,Single,High School,0,0,1
40,63263.4,13774.82,582,1.1,0.323,12,6,Own,Business,Single,Bachelor,0,0,0
40,35430.12,31444.07,782,5.9,0.274,60,5,Mortgage,Education,Married,Bachelor,0,1,0
51,56818.44,8978.02,517,2.6,0.201,60,4,Rent,Business,Married,Bachelor,0,1,0
33,43515.97,19125.55,690,7.6,0.167,36,7,Rent,Education,Married,Bachelor,0,0,0
41,39924.31,16367.64,707,6.2,0.018,36,3,Own,Debt Consolidation,Married,Bachelor,1,0,0
34,121716.43,13776.65,581,1.1,0.358,36,3,Mortgage,Home Improvement,Married,Bachelor,0,0,0
34,88308.57,25626.27,557,4.1,0.167,36,4,Mortgage,Debt Consolidation,Married,PhD,0,1,0
36,52489.76,8411.97,741,6.8,0.452,48,3,Mortgage,Debt Consolidation,Single,Bachelor,0,0,0
42,15489.13,8931.77,560,5.0,0.381,36,1,Rent,Auto,Married,High School,1,0,0
34,40924.96,13248.89,595,4.6,0.21,24,5,Own,Medical,Single,PhD,0,0,0
55,189380.55,8534.72,729,6.7,0.13,24,3,Own,Education,Single,High School,0,1,0
29,43681.03,19064.98,653,0.3,0.198,60,2,Own,Debt Consolidation,Divorced,Bachelor,0,0,0
37,,8109.29,488,6.6,0.591,12,1,Own,Education,Single,Master,0,0,0
34,100807.82,15652.92,807,1.6,0.408,60,5,Own,Home Improvement,Married,Master,1,1,0
57,,12455.02,602,4.2,0.225,48,3,Rent,Medical,Married,Bachelor,0,1,0
42,32179.64,15528.75,613,1.4,0.129,36,2,Own,Education,Married,High School,0,0,0
52,15000.0,9683.52,673,9.1,0.298,24,8,Own,Auto,Single,Bachelor,0,0,0
22,69015.17,10536.9,706,3.3,0.229,36,2,Mortgage,Business,Single,Master,0,0,0
43,32618.08,14288.45,826,5.1,0.439,36,4,Rent,Debt Consolidation,Married,Master,0,0,0
50,53534.16,15389.68,500,7.9,0.091,48,2,Rent,Education,Married,Master,1,0,0
40,26241.3,13320.49,724,11.3,0.302,48,7,Rent,Medical,Married,High School,0,0,0
52,42932.36,44079.66,716,6.6,0.587,36,8,Own,Business,Married,Master,0,0,0
33,49854.27,6677.4,637,0.8,0.245,36,6,Own,Education,Single,Bachelor,0,0,0
56,56066.67,12772.6,720,9.6,0.082,48,5,Mortgage,Auto,Married,Master,0,0,0
67,28073.71,4440.22,734,4.8,0.239,60,4,Own,Home Improvement,Single,Bachelor,0,0,0
35,89183.87,17334.55,525,4.7,0.221,60,5,Rent,Education,Single,Bachelor,0,0,0
34,36371.93,6120.06,807,12.7,0.179,36,4,Rent,Auto,Married,Bachelor,0,1,0
57,21221.4,10994.86,509,1.4,0.271,12,6,Own,Home Improvement,Married,Bachelor,1,0,0
58,46420.12,10296.46,547,1.4,0.307,12,3,Mortgage,Home Improvement,Married,High School,0,0,0
33,49870.64,16262.61,626,3.6,0.451,36,7,Rent,Home Improvement,Married,Master,0,0,0
34,53119.25,9072.89,823,6.9,0.346,48,7,Rent,Auto,Married,Master,0,0,0
36,96864.29,8806.86,622,3.0,0.395,36,4,Rent,Debt Consolidation,Single,Master,1,0,0
23,43554.82,36501.17,647,5.0,0.364,48,4,Rent,Business,Divorced,High School,0,1,1
28,46174.83,16304.51,778,3.0,0.099,48,2,Mortgage,Medical,Married,High School,0,0,0
27,28237.55,9020.58,622,4.7,0.286,12,12,Rent,Debt Consolidation,Divorced,High School,0,0,0
30,73885.86,11208.37,543,8.6,0.358,60,4,Rent,Debt Consolidation,Married,Bachelor,1,0,0
39,53752.99,42266.43,612,1.0,0.409,36,3,Mortgage,Medical,Single,High School,0,1,0
42,39734.94,11331.99,773,5.9,0.592,12,4,Mortgage,Medical,Married,Master,1,0,0
58,18914.09,8246.19,656,7.7,0.216,48,3,Rent,Business,Married,Bachelor,1,0,0
28,100932.38,8270.93,823,3.0,0.209,60,4,Rent,Education,Single,Bachelor,0,2,0
51,26533.41,9096.19,716,2.0,0.309,48,4,Mortgage,Debt Consolidation,Married,Master,0,1,0
37,36474.22,8811.84,591,0.1,0.197,48,5,Mortgage,Business,Divorced,High School,0,1,0
39,58640.0,5454.77,654,8.0,0.133,60,9,Own,Debt Consolidation,Single,Master,1,1,0
48,26949.53,6081.82,573,2.0,0.148,36,4,Rent,Education,Single,Master,1,0,0
26,23231.05,7476.17,589,2.2,0.209,48,5,Mortgage,Education,Married,Bachelor,0,1,0
44,16950.05,20213.37,850,2.0,0.062,24,2,Mortgage,Medical,Married,High School,0,0,0
41,70297.99,10230.55,741,3.5,0.6,24,5,Mortgage,Home Improvement,Married,High School,1,0,0
45,37324.56,11556.31,727,6.1,0.234,48,4,Rent,Business,Married,High School,0,0,0
43,211850.27,32502.15,593,7.4,0.232,48,1,Mortgage,Business,Single,High School,0,0,0
69,29816.66,33074.07,791,2.5,0.318,36,5,Own,Home Improvement,Single,Bachelor,0,0,1
32,30923.59,10965.54,748,5.4,0.051,36,5,Rent,Education,Married,High School,0,0,0
33,36949.36,8590.36,819,6.4,0.549,60,6,Own,Debt Consolidation,Divorced,High School,0,0,0
32,55357.49,7294.67,814,1.8,0.337,36,5,Own,Home Improvement,Divorced,High School,0,0,0
33,38750.48,21697.3,516,0.5,0.276,60,2,Own,Education,Single,Bachelor,1,0,1
32,66580.44,11576.18,550,11.3,0.361,60,7,Mortgage,Home Improvement,Single,Bachelor,0,0,0
54,30052.64,10192.97,559,5.7,0.274,48,3,Mortgage,Auto,Divorced,High School,0,0,0
57,24568.1,7558.55,565,5.2,0.29,12,2,Rent,Debt Consolidation,Divorced,High School,0,0,0
33,19948.17,7794.97,679,0.3,0.278,24,2,Own,Home Improvement,Married,High School,1,0,0
30,16126.4,16714.65,598,8.5,0.075,36,7,Rent,Education,Married,Bachelor,0,0,0
45,37834.08,5319.81,836,4.2,0.232,48,5,Own,Education,Married,Bachelor,0,0,0
33,42171.92,26806.73,821,9.4,0.332,36,1,Mortgage,Home Improvement,Single,Master,0,0,0
47,35749.14,9194.02,649,18.4,0.437,48,3,Rent,Auto,Married,Bachelor,0,1,0
42,91281.45,12031.16,825,15.7,0.447,48,7,Mortgage,Auto,Single,High School,0,0,0
21,90582.39,5240.2,783,9.7,0.15,36,8,Rent,Auto,Single,High School,0,0,0
58,,13244.58,609,0.1,0.254,48,4,Mortgage,Medical,Married,Bachelor,1,0,0
61,19991.04,10616.61,469,10.8,0.028,36,2,Rent,Business,Divorced,Bachelor,0,0,0
32,36925.12,12899.5,630,0.4,0.37,12,4,Mortgage,Auto,Married,High School,0,0,0
35,36318.75,37428.82,591,9.5,0.455,24,4,Mortgage,Debt Consolidation,Married,High School,0,0,0
43,35292.74,15129.3,668,1.6,0.018,12,1,Own,Medical,Married,High School,0,0,0
44,34583.8,7659.78,658,4.7,0.227,48,2,Own,Business,Married,Master,0,1,0
47,35357.6,8119.92,655,0.2,0.01,48,2,Mortgage,Medical,Married,Bachelor,1,0,0
64,40405.82,20263.81,697,7.4,0.477,36,2,Mortgage,Auto,Married,High School,0,0,0
37,35675.86,33159.53,540,0.6,0.057,48,4,Rent,Home Improvement,Single,Bachelor,0,0,0
30,54402.28,16274.3,687,,0.73,48,9,Rent,Home Improvement,Single,High School,1,0,0
23,58699.37,21635.68,610,8.5,0.182,36,6,Rent,Education,Married,Bachelor,0,0,0
31,,20472.06,667,,0.381,48,2,Mortgage,Medical,Married,High School,0,1,0
39,92552.62,36074.63,736,0.0,0.081,36,9,Mortgage,Business,Married,Bachelor,0,0,0
61,30030.5,3412.79,539,2.6,0.239,48,6,Own,Business,Married,Bachelor,0,0,1
33,21831.29,21312.59,624,0.2,0.192,48,6,Mortgage,Debt Consolidation,Married,High School,0,1,1
42,59301.45,26598.64,639,5.6,0.382,24,2,Own,Auto,Married,PhD,1,2,0
39,32574.85,5233.8,603,17.4,0.189,36,3,Mortgage,Home Improvement,Single,Bachelor,0,0,0
54,57563.6,7187.02,730,5.3,0.253,48,4,Mortgage,Business,Married,High School,0,0,0
70,,7364.69,585,1.3,0.137,48,1,Own,Debt Consolidation,Married,Bachelor,0,0,0
33,98344.11,8021.23,600,2.2,0.274,12,6,Rent,Medical,Married,Master,1,0,1
34,68606.78,9535.7,586,18.8,0.126,24,3,Rent,Education,Single,High School,0,1,0
52,23150.27,15832.53,748,1.3,0.129,36,7,Own,Debt Consolidation,Married,High School,1,0,1
48,23402.81,24488.83,605,4.1,0.681,12,4,Rent,Home Improvement,Single,Bachelor,0,0,0
62,113111.91,28478.99,691,2.6,0.221,24,7,Mortgage,Education,Single,Bachelor,0,0,0
47,33904.74,7431.8,827,7.3,0.317,24,5,Own,Auto,Single,Bachelor,0,0,0
35,32302.75,7396.1,643,10.1,0.088,24,2,Mortgage,Education,Married,Bachelor,0,0,0
47,15787.5,33559.5,750,2.1,0.149,36,5,Rent,Debt Consolidation,Married,Master,1,0,0
53,41134.85,21009.31,800,5.4,0.375,48,4,Rent,Medical,Single,Master,0,0,0
49,43745.33,14157.58,742,4.0,0.134,24,2,Own,Debt Consolidation,Married,Bachelor,0,0,0
46,70104.8,18607.79,648,1.6,0.155,36,3,Rent,Medical,Single,Bachelor,0,0,0
52,24354.23,13083.89,707,1.6,0.284,36,7,Mortgage,Debt Consolidation,Single,High School,1,0,0
54,22922.1,19287.44,534,3.9,0.2,48,5,Own,Home Improvement,Married,Bachelor,0,0,0
56,61419.42,10559.21,579,0.8,0.213,36,3,Rent,Business,Single,PhD,0,0,0
47,81094.06,16125.6,595,8.3,0.729,24,4,Mortgage,Auto,Single,Master,0,0,0
37,22346.47,4640.69,850,0.4,0.191,60,7,Mortgage,Medical,Married,High School,0,0,0
41,84183.74,8254.81,576,0.5,0.331,48,3,Mortgage,Home Improvement,Married,PhD,0,0,0
54,49949.66,8317.29,575,2.1,0.545,48,1,Mortgage,Medical,Married,High School,0,0,0
30,84618.03,10279.71,556,0.6,0.27,12,3,Rent,Business,Married,High School,0,0,0
44,47329.54,6984.44,700,3.2,0.091,12,3,Mortgage,Medical,Married,High School,0,0,0
35,15000.0,9195.96,662,2.6,0.297,24,7,Own,Business,Divorced,High School,0,2,1
40,45434.01,4628.14,747,6.4,0.065,24,4,Rent,Business,Married,High School,1,0,0
55,83289.01,19615.79,710,15.3,0.01,24,4,Own,Medical,Single,Bachelor,1,0,0
42,31354.94,12609.94,525,7.0,0.312,24,8,Rent,Home Improvement,Single,Bachelor,0,0,0
40,40377.08,4049.52,577,1.0,0.144,36,3,Mortgage,Debt Consolidation,Married,Bachelor,0,1,0
23,44888.34,7447.39,772,13.7,0.541,48,2,Own,Education,Married,Bachelor,1,2,0
48,15000.0,16909.33,631,2.5,0.674,48,4,Mortgage,Education,Single,High School,0,0,1
47,113059.98,9135.15,756,3.2,0.654,24,7,Mortgage,Home Improvement,Married,PhD,1,1,0
65,31235.55,8202.06,636,2.7,0.357,60,2,Own,Education,Married,High School,0,0,1
36,63124.72,12680.05,562,1.6,0.482,48,1,Own,Home Improvement,Married,Bachelor,0,1,0
42,46941.12,16992.35,622,11.3,0.086,24,5,Rent,Home Improvement,Divorced,Bachelor,0,0,0
42,91932.47,4888.07,562,2.0,0.089,24,1,Mortgage,Medical,Married,High School,0,0,0
58,60055.72,19635.41,599,4.3,0.288,12,4,Own,Education,Married,Bachelor,0,0,0
38,43588.03,7629.63,668,1.4,0.187,48,3,Mortgage,Debt Consolidation,Married,Bachelor,0,0,0
43,31358.56,13193.12,696,8.0,0.313,24,2,Own,Debt Consolidation,Divorced,High School,0,0,0
47,73051.89,13032.56,506,7.4,0.298,12,3,Own,Business,Single,Master,1,0,0
42,19211.79,9237.75,648,1.8,0.558,36,7,Own,Debt Consolidation,Married,Master,0,0,0
34,67707.02,6525.27,597,5.7,0.295,48,3,Rent,Home Improvement,Married,High School,1,2,0
42,28296.05,10938.23,591,6.1,0.064,36,4,Own,Medical,Married,High School,0,1,0
52,91687.55,41678.11,661,4.1,0.413,36,1,Mortgage,Debt Consolidation,Married,Master,0,0,0
27,53138.12,5150.39,600,4.6,0.125,24,2,Own,Business,Single,High School,0,1,0
41,67647.24,43678.84,774,4.3,0.42,36,3,Mortgage,Debt Consolidation,Married,Master,0,0,1
31,51072.14,11138.86,756,0.4,0.353,36,5,Mortgage,Medical,Married,High School,0,0,0
54,20410.64,13694.64,756,5.5,0.438,36,5,Mortgage,Home Improvement,Divorced,Master,1,0,0
21,31876.85,6243.54,605,3.2,0.387,36,7,Mortgage,Debt Consolidation,Single,Bachelor,0,0,0
33,68610.07,7786.22,563,2.9,0.557,12,7,Rent,Medical,Single,Master,0,0,0
44,53280.62,9395.28,657,9.8,0.067,12,5,Rent,Business,Single,High School,0,1,1
58,88476.74,6425.4,636,0.1,0.151,24,6,Mortgage,Home Improvement,Married,Bachelor,0,0,0
39,59972.25,11542.11,595,1.4,0.465,24,5,Mortgage,Education,Divorced,Bachelor,1,0,0
33,30231.78,10047.6,544,0.6,0.129,24,1,Rent,Business,Single,Bachelor,1,2,0
62,32924.35,48802.99,646,0.2,0.112,12,2,Own,Auto,Single,Bachelor,0,0,0
22,51609.38,5906.56,613,1.6,0.349,36,5,Rent,Education,Married,Bachelor,1,0,0
21,15413.18,14355.43,711,22.3,0.316,24,8,Rent,Business,Single,Bachelor,0,1,0
45,113178.44,15890.75,709,1.6,0.463,60,5,Mortgage,Business,Single,Bachelor,0,0,0
33,61137.05,6315.58,749,5.4,0.122,60,5,Mortgage,Debt Consolidation,Married,Bachelor,0,0,0
27,90537.31,21607.14,536,0.6,0.446,36,3,Own,Debt Consolidation,Married,Master,0,0,0
48,22241.12,10108.9,686,,0.426,36,3,Mortgage,Business,Married,High School,0,0,0
42,91334.38,2333.97,584,20.8,0.209,60,4,Mortgage,Medical,Married,High School,0,1,0
33,149604.36,21202.93,540,1.7,0.124,36,10,Own,Auto,Single,High School,1,0,0
24,25325.34,6112.81,611,9.4,0.566,48,0,Own,Debt Consolidation,Single,Master,1,1,0
50,72092.18,6416.05,746,30.1,0.164,48,3,Rent,Home Improvement,Divorced,Bachelor,0,2,0
47,49048.01,21623.4,616,4.4,0.283,60,4,Own,Medical,Single,High School,0,1,0
38,22647.01,10477.52,790,1.9,0.105,36,3,Rent,Debt Consolidation,Single,Bachelor,1,0,0
62,62720.4,25398.38,699,5.6,0.26,12,1,Mortgage,Home Improvement,Married,Bachelor,0,1,0
27,74369.53,31167.04,614,9.3,0.279,24,5,Mortgage,Home Improvement,Single,Bachelor,1,1,0
21,36295.05,8506.2,754,0.9,0.177,36,5,Rent,Business,Married,High School,0,1,0
31,87812.42,23278.46,690,3.0,0.324,36,1,Own,Auto,Married,Bachelor,0,0,0
39,21303.32,7872.87,566,1.9,0.22,24,4,Rent,Education,Single,Master,0,1,1
42,23216.58,63779.12,817,1.7,0.313,24,0,Rent,Debt Consolidation,Married,Bachelor,0,0,0
37,52485.84,8224.97,673,9.9,0.58,48,5,Mortgage,Business,Single,High School,1,2,0
44,49646.97,27398.98,651,2.7,0.095,36,3,Mortgage,Business,Divorced,Master,1,0,0
24,34259.3,24116.54,573,2.1,0.266,48,3,Own,Auto,Married,Bachelor,0,1,0
57,73482.11,16668.26,756,4.6,0.171,48,7,Rent,Medical,Single,Bachelor,0,0,0
39,63923.81,8355.04,696,1.2,0.371,36,4,Rent,Business,Single,Bachelor,0,1,0
53,75287.51,12016.33,706,1.3,0.198,24,7,Mortgage,Medical,Single,Bachelor,0,1,0
44,46093.71,2958.65,604,3.7,0.112,60,1,Mortgage,Auto,Single,Bachelor,1,0,0
45,,15632.29,725,2.6,0.109,12,4,Mortgage,Business,Single,Bachelor,0,0,0
46,39229.13,17064.08,732,1.7,0.168,48,2,Mortgage,Debt Consolidation,Single,Bachelor,1,0,0
45,136886.77,14668.38,589,0.3,0.195,48,6,Mortgage,Medical,Single,Bachelor,1,0,1
47,32654.15,1666.84,522,3.7,0.224,36,3,Own,Auto,Married,Bachelor,1,1,0
55,140455.88,5508.54,702,8.5,0.114,48,6,Own,Education,Single,Bachelor,0,0,0
42,49883.42,7913.59,508,9.5,0.295,36,3,Rent,Home Improvement,Divorced,High School,0,0,0
48,24642.91,16385.65,663,1.3,0.535,48,2,Mortgage,Business,Married,High School,0,0,0
38,97152.74,16359.06,609,4.6,0.415,24,5,Mortgage,Business,Single,Bachelor,1,0,1
57,52205.89,11859.01,759,9.7,0.454,36,2,Mortgage,Business,Single,High School,0,0,0
31,75023.9,20840.88,614,2.6,0.785,12,6,Mortgage,Debt Consolidation,Divorced,Master,0,0,1
61,90393.53,6513.49,749,13.5,0.476,60,4,Own,Debt Consolidation,Single,Bachelor,0,0,0
39,58045.23,20479.19,603,11.7,0.455,60,6,Mortgage,Home Improvement,Single,High School,0,1,1
22,36456.67,18626.11,739,1.2,0.567,48,2,Mortgage,Education,Single,Bachelor,0,1,0
41,79846.13,17401.09,835,1.5,0.045,36,6,Rent,Business,Married,High School,0,0,0
31,49039.32,11761.32,553,1.0,0.096,24,2,Mortgage,Auto,Married,Master,0,1,0
50,69073.67,48123.25,676,1.1,0.167,36,2,Own,Debt Consolidation,Single,High School,1,1,1
32,16699.51,18868.27,850,11.9,0.044,48,6,Rent,Debt Consolidation,Single,Bachelor,0,1,0
34,61297.29,6782.93,655,13.4,0.236,48,0,Mortgage,Education,Single,High School,1,0,0
21,35621.59,15895.86,655,,0.157,36,6,Rent,Home Improvement,Single,High School,0,1,1
34,112044.88,22623.36,720,4.5,0.302,48,5,Rent,Auto,Single,Master,0,0,0
21,66939.44,8851.34,653,4.2,0.353,36,6,Rent,Medical,Single,Bachelor,0,0,0
21,55266.87,28638.02,496,2.5,0.112,60,4,Own,Debt Consolidation,Married,High School,0,0,0
49,62514.57,17455.74,751,5.0,0.395,36,5,Mortgage,Auto,Married,Master,0,0,0
49,29755.81,2592.21,469,14.7,0.467,12,2,Rent,Medical,Married,Bachelor,0,1,0
45,110373.83,16477.82,612,0.9,0.299,48,4,Mortgage,Debt Consolidation,Married,Bachelor,1,0,0
28,132678.64,10054.54,758,0.6,0.539,60,5,Mortgage,Debt Consolidation,Single,Bachelor,1,0,0
39,59662.37,19458.24,617,0.2,0.149,36,2,Mortgage,Education,Married,High School,1,0,0
39,108575.58,25872.87,587,2.3,0.25,36,6,Mortgage,Auto,Married,Bachelor,1,0,0
26,36880.05,15315.39,729,2.1,0.23,48,1,Rent,Education,Married,High School,0,0,0
58,32907.08,42859.24,573,2.8,0.529,60,2,Mortgage,Education,Divorced,Master,0,0,1
50,50034.22,11788.8,539,3.5,0.13,60,3,Mortgage,Education,Divorced,Master,1,0,1
37,60929.36,20689.31,674,7.1,0.372,36,5,Rent,Debt Consolidation,Single,Bachelor,0,1,0
40,40255.69,23469.57,633,2.5,0.585,36,5,Rent,Medical,Married,Bachelor,1,0,0
42,64143.89,12479.69,538,2.0,0.786,48,4,Rent,Debt Consolidation,Single,PhD,0,2,1
21,57136.29,23043.57,707,8.8,0.208,36,4,Own,Education,Married,Master,0,1,0
37,29757.8,8810.76,691,9.5,0.344,36,8,Rent,Education,Married,High School,0,0,1
31,63538.2,9938.81,617,1.3,0.388,36,5,Mortgage,Business,Divorced,High School,0,0,0
27,75490.65,5330.81,623,1.9,0.757,36,4,Mortgage,Medical,Married,Bachelor,0,0,0
36,53409.01,15819.31,692,8.7,0.361,24,3,Mortgage,Auto,Married,Bachelor,0,1,0
61,87231.79,16775.52,757,0.4,0.341,12,2,Mortgage,Education,Single,Master,0,0,0
47,26670.09,30500.07,624,2.0,0.324,48,4,Own,Auto,Married,Bachelor,1,0,1
33,61943.33,23243.9,708,3.0,0.051,36,5,Rent,Debt Consolidation,Single,PhD,0,0,0
46,27305.94,10945.06,700,1.0,0.432,60,3,Own,Medical,Single,High School,1,1,0
56,28084.11,5856.31,729,1.0,0.325,24,4,Rent,Education,Married,Bachelor,0,0,0
51,35758.19,18087.84,653,2.8,0.09,36,3,Mortgage,Auto,Divorced,Bachelor,0,0,0
40,30606.57,29071.9,567,7.0,0.566,60,6,Rent,Business,Divorced,Bachelor,0,2,1
32,37272.17,22666.19,608,9.2,0.045,36,5,Rent,Education,Married,Master,0,0,1
48,44043.14,28542.07,680,19.4,0.189,36,2,Mortgage,Home Improvement,Single,Bachelor,0,0,1
44,74501.7,11518.13,813,0.4,0.426,60,6,Mortgage,Business,Married,Master,0,1,0
50,41748.57,9637.02,606,1.2,0.151,48,2,Rent,Education,Single,Bachelor,0,0,0
47,22185.34,7975.81,722,7.1,0.199,36,9,Mortgage,Business,Single,Bachelor,1,0,0
52,86684.81,12847.09,620,3.9,0.402,60,4,Own,Medical,Single,Bachelor,0,0,1
33,32255.86,12644.61,659,2.0,0.252,12,7,Rent,Debt Consolidation,Divorced,High School,0,0,0
55,47602.46,15439.34,786,1.2,0.453,36,6,Mortgage,Auto,Married,High School,0,1,0
42,61283.64,12203.67,718,1.6,0.312,48,3,Own,Debt Consolidation,Single,PhD,1,0,0
64,54165.81,12166.73,538,2.8,0.203,36,2,Rent,Medical,Married,Bachelor,0,0,0
31,84718.54,7756.71,598,1.0,0.047,60,4,Mortgage,Medical,Married,Bachelor,1,0,0
60,62286.6,25825.9,763,16.7,0.046,24,4,Mortgage,Auto,Married,High School,1,1,0
42,31867.6,14094.82,662,0.6,0.19,36,4,Mortgage,Business,Married,Bachelor,0,0,0
32,145696.52,11824.03,546,21.2,0.086,36,3,Own,Medical,Divorced,PhD,0,0,0
34,54023.08,7917.25,576,9.2,0.332,48,4,Rent,Auto,Single,Master,0,0,0
36,45539.25,5258.81,713,2.8,0.19,24,7,Mortgage,Education,Divorced,Bachelor,1,0,0
45,79376.9,33375.42,739,6.7,0.223,12,3,Mortgage,Business,Single,Master,0,0,0
46,55532.6,19697.5,651,5.6,0.45,60,7,Rent,Education,Divorced,Bachelor,0,1,0
33,59851.04,4286.64,850,1.2,0.3,60,4,Rent,Home Improvement,Married,High School,1,0,0
39,170432.06,22792.79,724,2.1,0.021,36,3,Mortgage,Home Improvement,Married,High School,1,0,0
65,42720.72,25482.23,628,3.6,0.418,36,10,Mortgage,Education,Divorced,High School,0,0,1
60,41819.56,14575.0,576,5.1,0.268,36,4,Rent,Medical,Single,Master,1,0,0
45,51963.11,40891.51,562,3.9,0.257,60,4,Mortgage,Auto,Married,PhD,0,1,1
40,83763.95,15548.26,680,3.2,0.313,36,2,Rent,Education,Divorced,High School,0,0,0
41,23080.26,4955.35,606,2.9,0.116,48,0,Mortgage,Home Improvement,Divorced,Bachelor,0,1,0
47,18347.01,17250.88,800,3.4,0.237,60,3,Mortgage,Debt Consolidation,Single,PhD,1,2,1
27,36550.22,15857.98,781,2.8,0.153,36,1,Rent,Debt Consolidation,Single,Master,0,0,0
36,21656.01,8757.73,706,3.9,0.079,24,2,Own,Auto,Married,Bachelor,0,0,0
21,39639.62,19960.11,543,10.9,0.094,36,7,Mortgage,Debt Consolidation,Married,Bachelor,0,0,0
44,63022.67,4157.35,589,5.0,0.15,60,3,Rent,Medical,Married,Master,0,0,0
47,31401.96,26726.12,763,6.4,0.079,36,5,Rent,Home Improvement,Married,High School,1,1,0
34,24018.67,7225.09,599,4.6,0.338,60,0,Rent,Home Improvement,Married,Master,1,1,1
58,50750.09,6704.52,750,5.2,0.228,60,4,Mortgage,Auto,Single,High School,1,0,0
25,75453.49,12336.56,692,4.3,0.138,36,2,Rent,Business,Married,Master,1,0,0
22,21004.95,18089.39,654,0.1,0.054,36,2,Mortgage,Home Improvement,Married,High School,0,0,0
42,73874.0,14984.13,586,39.1,0.116,48,3,Mortgage,Business,Married,PhD,0,0,0
52,73765.99,7943.73,641,0.2,0.208,24,4,Mortgage,Business,Single,High School,0,1,0
60,78987.32,9374.4,667,,0.254,36,0,Own,Auto,Married,PhD,0,1,1
34,90150.89,6044.3,742,0.6,0.172,24,1,Rent,Business,Divorced,High School,0,0,0
52,147414.99,11415.46,570,0.5,0.066,48,6,Mortgage,Business,Married,High School,0,0,0
39,41025.7,28353.76,626,,0.218,60,2,Rent,Auto,Married,PhD,0,0,0
37,51781.37,13319.92,654,2.8,0.275,24,2,Mortgage,Auto,Single,Master,0,0,0
50,39806.31,24381.75,709,8.1,0.45,48,2,Mortgage,Auto,Married,Master,0,2,0
47,49069.28,37003.99,568,1.6,0.337,48,1,Own,Auto,Married,Bachelor,1,0,0
21,105496.88,8851.9,531,1.5,0.264,48,3,Mortgage,Auto,Married,High School,1,1,0
57,25021.55,11724.06,710,1.4,0.323,48,2,Mortgage,Debt Consolidation,Married,High School,0,0,0
56,31871.75,61073.6,513,4.8,0.391,24,4,Rent,Medical,Married,Master,0,1,0
32,97595.87,36718.66,765,8.4,0.331,24,2,Mortgage,Home Improvement,Married,Bachelor,1,1,0
44,81635.4,4143.59,635,3.0,0.477,24,2,Mortgage,Education,Single,Master,0,0,0
45,40881.55,17518.34,510,2.4,0.103,60,6,Rent,Auto,Married,Bachelor,0,0,0
43,75146.96,13364.96,606,18.2,0.1,36,4,Mortgage,Business,Single,Bachelor,0,0,0
33,58139.93,23825.63,684,0.6,0.551,60,5,Rent,Home Improvement,Single,Master,0,0,0
31,103791.29,7930.84,602,3.3,0.303,36,4,Mortgage,Auto,Single,Bachelor,0,2,1
39,50881.51,7422.52,651,2.6,0.39,36,5,Mortgage,Debt Consolidation,Single,Master,0,2,0
54,81864.12,8322.77,716,0.5,0.187,48,6,Mortgage,Business,Married,Master,0,0,1
46,183690.21,8952.16,631,1.6,0.133,48,5,Mortgage,Debt Consolidation,Married,High School,0,0,0
35,66108.3,23640.74,565,0.1,0.458,24,4,Own,Education,Married,High School,0,0,0
49,50244.89,5843.93,623,10.5,0.089,24,3,Mortgage,Medical,Married,Master,0,1,0
21,70348.98,8640.11,777,4.7,0.568,12,7,Mortgage,Medical,Married,Master,0,0,0
53,40837.64,3818.8,801,8.4,0.169,48,4,Mortgage,Auto,Married,Bachelor,0,0,0
21,161778.57,27037.57,468,3.7,0.119,48,6,Mortgage,Medical,Married,PhD,0,1,0
35,53639.21,32523.59,748,4.6,0.399,12,6,Rent,Auto,Divorced,Master,0,0,0
26,42767.48,10625.89,672,6.0,0.605,24,4,Rent,Auto,Married,Master,0,0,0
24,32278.46,10844.74,733,11.9,0.141,36,2,Mortgage,Medical,Married,High School,1,0,0
53,84847.44,18347.62,600,0.5,0.093,36,6,Own,Medical,Single,Bachelor,0,0,0
34,75628.9,37501.54,490,2.0,0.22,36,2,Rent,Debt Consolidation,Married,Bachelor,0,0,0
44,38227.97,17783.52,702,6.2,0.327,60,4,Rent,Debt Consolidation,Married,High School,1,1,0
39,65396.61,8198.62,565,15.9,0.244,48,4,Rent,Education,Single,Master,0,0,0
45,23056.94,4301.95,525,19.8,0.462,24,4,Mortgage,Debt Consolidation,Married,Bachelor,0,0,0
40,53770.77,6120.58,531,5.1,0.272,24,2,Rent,Business,Married,Bachelor,0,1,0
24,61474.53,14062.31,704,1.1,0.495,36,5,Mortgage,Business,Married,Master,0,0,0
51,115112.47,8444.5,662,0.6,0.054,36,5,Mortgage,Home Improvement,Married,High School,1,2,0
34,33342.58,15313.31,720,14.6,0.263,48,4,Mortgage,Auto,Married,High School,1,1,0
21,25869.6,9072.05,710,2.8,0.116,36,3,Rent,Auto,Divorced,Bachelor,1,0,0
34,31328.58,6369.64,612,1.1,0.377,36,4,Own,Business,Married,Bachelor,1,0,0
58,25127.44,5861.01,643,13.6,0.223,36,3,Rent,Business,Single,Bachelor,0,0,0
50,95638.3,39880.72,603,0.6,0.347,24,3,Own,Auto,Married,Master,0,0,0
35,106331.8,24891.74,631,6.5,0.075,36,7,Own,Home Improvement,Married,High School,0,0,0
35,57532.67,44862.73,562,4.9,0.252,48,3,Mortgage,Medical,Married,High School,0,0,0
36,90277.86,19496.02,685,0.5,0.269,60,1,Mortgage,Home Improvement,Married,High School,0,0,0
64,52416.63,9887.3,746,2.1,0.181,12,2,Own,Business,Divorced,High School,0,0,0
44,46744.14,33736.6,576,0.8,0.204,48,1,Own,Business,Single,High School,0,0,0
45,41501.35,13054.03,765,4.6,0.343,48,2,Own,Medical,Single,Bachelor,0,0,0
52,41973.95,15593.19,660,3.2,0.499,48,3,Rent,Medical,Married,Bachelor,1,0,0
42,22608.91,12965.18,671,0.0,0.485,48,7,Own,Education,Single,High School,1,0,0
36,55945.17,1697.93,497,18.6,0.467,60,4,Mortgage,Home Improvement,Divorced,Bachelor,0,0,0
37,48042.1,41081.55,487,2.2,0.084,12,7,Own,Auto,Married,Bachelor,0,1,0
39,71159.59,18839.34,662,1.5,0.37,36,2,Mortgage,Auto,Married,Bachelor,1,0,0
39,51367.54,16829.29,721,1.3,0.388,48,1,Rent,Debt Consolidation,Divorced,Bachelor,1,1,0
48,45190.77,12794.32,589,0.9,0.13,48,6,Mortgage,Home Improvement,Divorced,Bachelor,0,0,1
40,31710.51,14978.92,800,35.3,0.287,24,4,Mortgage,Business,Divorced,PhD,0,0,0
48,50821.59,8794.7,716,1.7,0.045,36,4,Own,Debt Consolidation,Married,High School,0,1,0
39,70906.59,530120.245616164,568,2.6,0.606,24,6,Rent,Home Improvement,Single,Master,1,0,0
40,27676.27,5350.96,652,10.3,0.235,60,6,Rent,Auto,Single,Bachelor,1,0,0
21,51212.4,15218.21,850,5.1,0.342,48,6,Mortgage,Medical,Single,High School,0,0,0
50,55078.87,19793.35,538,2.3,0.299,24,4,Own,Education,Married,Master,1,1,0
44,34233.76,11625.21,697,11.4,0.259,48,5,Own,Business,Single,Bachelor,0,1,0
51,36536.68,17319.83,620,6.9,0.176,36,4,Mortgage,Debt Consolidation,Single,Bachelor,0,0,0
21,55011.93,6674.61,713,1.3,0.288,24,2,Mortgage,Medical,Married,Bachelor,0,1,0
65,27813.85,6794.86,764,5.2,0.073,60,4,Mortgage,Business,Single,Bachelor,0,0,0
38,58393.62,15767.43,615,12.8,0.258,24,5,Mortgage,Education,Divorced,Bachelor,1,0,0
53,31329.73,21482.3,750,3.4,0.347,36,5,Own,Education,Married,Master,1,0,0
27,83401.94,3596.06,849,6.6,0.738,36,5,Mortgage,Auto,Married,Master,0,1,0
47,157773.21,19252.85,655,17.7,0.144,48,2,Own,Auto,Divorced,Bachelor,1,0,0
27,31876.41,9134.0,720,5.9,0.24,24,0,Rent,Auto,Married,Master,0,1,1
32,64029.8,11673.02,596,0.5,0.493,48,3,Own,Home Improvement,Divorced,Master,0,0,0
62,34085.56,5230.89,651,1.4,0.234,12,9,Own,Business,Married,Bachelor,0,0,0
37,82493.69,7360.39,634,4.5,0.197,48,6,Mortgage,Home Improvement,Single,High School,0,0,0
42,26039.52,26272.75,721,1.6,0.316,24,0,Own,Auto,Married,Master,0,0,0
50,62335.94,13670.62,758,15.8,0.126,48,3,Rent,Education,Married,Bachelor,0,0,0
45,31682.05,10219.52,640,2.6,0.513,48,3,Rent,Business,Single,High School,0,0,1
41,44201.22,12313.58,788,3.1,0.579,12,3,Mortgage,Business,Married,Bachelor,0,1,0
44,29274.95,18815.73,787,6.0,0.476,24,7,Rent,Auto,Single,Master,0,0,0
68,73952.28,18184.89,726,3.7,0.197,24,4,Rent,Home Improvement,Married,Bachelor,0,0,0
39,32257.63,12676.19,603,2.4,0.367,60,1,Own,Debt Consolidation,Married,High School,0,1,0
42,64600.8,28712.03,594,0.4,0.201,36,1,Rent,Auto,Divorced,Bachelor,1,0,0
52,,26352.64,576,4.5,0.289,60,4,Rent,Auto,Married,High School,1,0,1
53,46293.82,17842.89,735,10.1,0.243,12,2,Mortgage,Debt Consolidation,Married,Bachelor,0,0,0
54,52779.49,13880.33,540,5.8,0.125,12,4,Rent,Education,Single,Bachelor,1,0,0
47,33492.86,21165.44,710,2.4,0.147,60,5,Rent,Debt Consolidation,Married,Bachelor,0,0,0
26,54457.92,16647.03,552,0.7,0.13,48,3,Rent,Business,Single,Bachelor,1,0,0
59,105363.05,28072.9,724,8.5,0.165,48,2,Own,Debt Consolidation,Divorced,Master,0,0,0
26,33221.5,25076.66,651,14.2,0.145,60,2,Own,Business,Single,High School,1,0,0
43,88071.57,6550.01,770,2.5,0.55,60,1,Rent,Education,Single,High School,0,1,0
30,103678.37,6246.81,752,6.5,0.272,12,5,Mortgage,Debt Consolidation,Married,Master,0,0,0
39,32595.27,8177.37,779,2.6,0.144,24,5,Mortgage,Home Improvement,Divorced,High School,1,0,0
43,23682.05,26457.56,781,3.5,0.36,24,8,Rent,Business,Single,Bachelor,1,0,0
43,57009.91,4431.9,662,9.1,0.075,48,4,Own,Home Improvement,Single,Bachelor,0,2,0
45,37283.13,17611.9,545,0.4,0.167,36,1,Mortgage,Debt Consolidation,Divorced,Bachelor,0,1,0
59,124779.27,17219.2,555,3.8,0.478,36,4,Mortgage,Home Improvement,Single,High School,0,0,0
45,49881.42,30147.39,462,1.2,0.22,60,3,Own,Auto,Married,Master,1,0,0
37,32823.51,15157.29,552,2.1,0.235,48,2,Mortgage,Debt Consolidation,Single,Bachelor,0,0,0
51,27623.45,5217.39,656,5.2,0.161,12,3,Rent,Business,Single,High School,1,0,1
54,84537.67,6825.71,599,0.1,0.411,36,9,Own,Education,Single,Bachelor,1,2,1
25,36842.52,5840.68,633,4.5,0.287,12,1,Rent,Debt Consolidation,Married,Master,1,1,0
47,50106.92,9167.68,694,1.7,0.438,36,4,Rent,Education,Married,Bachelor,0,0,0
48,79055.18,11754.24,622,5.5,0.526,24,2,Rent,Medical,Single,High School,0,0,0
36,38479.11,5908.76,549,,0.068,12,5,Mortgage,Education,Single,Bachelor,1,0,0
56,47907.89,37401.4,645,6.7,0.121,48,3,Rent,Auto,Divorced,Bachelor,1,0,1
38,48616.38,5283.28,569,5.2,0.318,60,3,Rent,Business,Married,High School,0,0,0
41,68986.23,34278.46,625,17.7,0.082,60,5,Rent,Debt Consolidation,Married,High School,0,0,0
37,65865.64,30626.29,770,12.1,0.314,24,2,Mortgage,Auto,Single,PhD,0,0,0
40,43912.01,25054.58,625,1.7,0.328,48,3,Mortgage,Business,Single,High School,0,0,0
26,50605.95,8220.31,809,0.1,0.112,48,2,Own,Auto,Single,High School,1,0,0
22,40705.17,16978.71,778,5.3,0.296,48,5,Own,Business,Married,Bachelor,0,0,0
59,23416.44,5463.47,597,4.6,0.41,48,1,Mortgage,Auto,Single,High School,1,0,0
29,55759.35,25276.61,549,0.1,0.187,60,4,Mortgage,Business,Married,High School,0,1,0
28,126259.66,12685.45,645,0.7,0.184,24,1,Mortgage,Business,Married,High School,1,0,0
21,31512.53,10031.4,753,,0.02,48,4,Rent,Medical,Married,High School,0,0,0
32,33305.74,5672.46,605,12.1,0.338,48,5,Own,Business,Single,High School,0,0,0
24,31717.89,2358.42,731,11.8,0.054,24,4,Rent,Medical,Married,High School,0,0,0
59,70424.46,6457.65,758,0.8,0.41,36,4,Own,Debt Consolidation,Single,Bachelor,0,0,0
52,61343.39,29113.54,580,2.4,0.153,24,2,Rent,Education,Single,High School,0,0,0
31,45285.0,10077.06,589,0.2,0.36,60,10,Mortgage,Debt Consolidation,Single,Bachelor,1,0,1
67,30976.7,11866.44,714,3.2,0.257,60,3,Own,Auto,Married,Bachelor,0,1,0
51,51338.1,21139.28,663,7.0,0.299,48,2,Rent,Home Improvement,Married,Master,0,0,0
36,22419.56,47285.94,588,,0.147,36,11,Rent,Home Improvement,Married,Bachelor,1,0,0
21,52665.36,33775.92,618,3.5,0.19,24,6,Mortgage,Education,Married,Master,0,0,1
67,75793.07,6763.97,643,0.5,0.094,48,2,Rent,Debt Consolidation,Divorced,Bachelor,1,0,0
23,26223.22,3429.61,509,2.4,0.037,12,3,Own,Medical,Married,Master,0,0,0
21,22782.34,69684.28,718,13.4,0.252,36,2,Mortgage,Business,Single,Bachelor,1,0,0
52,107981.91,65401.09,606,1.3,0.371,60,3,Mortgage,Education,Married,Master,0,0,1
69,36102.6,15243.64,399,1.9,0.25,48,5,Mortgage,Auto,Single,Bachelor,1,1,0
56,86506.42,5489.86,647,,0.291,48,5,Rent,Education,Single,Bachelor,0,0,0
46,45387.92,26219.5,583,6.6,0.275,12,3,Rent,Business,Single,High School,0,1,1
47,45207.69,12387.11,801,12.2,0.101,24,4,Rent,Business,Married,Master,0,0,0
50,61035.22,12343.85,597,2.5,0.35,48,5,Mortgage,Home Improvement,Married,High School,0,0,0
49,31508.12,24987.26,551,3.6,0.523,12,3,Rent,Debt Consolidation,Married,Bachelor,1,1,1
43,52378.35,16883.0,695,3.1,0.144,36,5,Own,Medical,Married,PhD,0,0,0
41,40508.02,5825.09,590,13.1,0.127,36,5,Mortgage,Home Improvement,Single,High School,1,1,0
39,25330.22,10643.24,579,7.3,0.418,36,6,Mortgage,Business,Married,Master,0,0,0
30,58031.49,21222.28,695,8.9,0.067,36,4,Mortgage,Business,Married,PhD,1,0,0
36,42973.81,19094.9,556,0.7,0.44,36,2,Mortgage,Debt Consolidation,Married,Bachelor,1,1,1
21,45319.27,16049.16,518,7.8,0.146,36,7,Rent,Medical,Single,Bachelor,0,1,0
38,26766.85,25678.16,805,2.8,0.26,24,4,Mortgage,Education,Divorced,Bachelor,1,0,0
28,108629.71,10371.3,702,0.1,0.171,24,4,Rent,Debt Consolidation,Single,Bachelor,1,1,0
26,75990.0,15139.6,626,0.3,0.45,48,3,Mortgage,Auto,Married,Bachelor,0,1,0
42,79386.05,1257.77,649,5.7,0.256,36,6,Rent,Auto,Single,Master,0,0,0
56,42077.89,9752.17,695,2.3,0.253,36,5,Mortgage,Home Improvement,Divorced,PhD,0,0,0
51,20648.72,22804.93,737,10.1,0.586,36,2,Rent,Education,Married,Bachelor,0,0,0
21,130152.05,10165.18,581,6.6,0.349,24,1,Rent,Education,Single,Master,0,0,0
28,47545.92,9639.66,682,0.1,0.196,24,10,Mortgage,Debt Consolidation,Married,Master,1,0,0
51,33711.7,6444.5,604,5.8,0.227,36,2,Mortgage,Business,Single,High School,0,0,1
28,60379.25,26966.65,632,1.1,0.378,36,7,Mortgage,Auto,Single,Bachelor,0,1,0
37,87865.31,19612.54,664,2.7,0.136,36,2,Mortgage,Home Improvement,Married,Bachelor,0,3,1
46,48459.07,23808.32,649,4.9,0.155,24,6,Own,Auto,Married,High School,0,1,0
28,92900.8,3990.41,716,10.3,0.162,24,2,Rent,Auto,Single,Master,0,0,0
41,84246.3,11940.42,693,3.0,0.256,36,3,Own,Auto,Married,Bachelor,1,0,0
23,28618.52,10981.01,514,8.3,0.179,36,4,Mortgage,Auto,Married,Bachelor,0,0,0
32,35000.06,10977.46,527,7.6,0.1,60,5,Rent,Debt Consolidation,Single,Master,0,0,0
43,79123.77,8680.03,616,2.7,0.074,12,5,Mortgage,Business,Married,High School,0,0,0
21,15000.0,10485.27,814,3.5,0.536,60,2,Own,Debt Consolidation,Married,High School,0,0,0
45,45491.11,24215.58,573,6.0,0.295,60,5,Mortgage,Home Improvement,Married,High School,0,1,1
39,23970.62,3501.7,631,0.2,0.536,36,6,Rent,Education,Divorced,High School,0,0,0
46,38627.63,46356.02,601,11.1,0.366,48,3,Mortgage,Education,Single,PhD,0,1,1
42,42217.49,18745.12,600,7.3,0.084,60,4,Mortgage,Home Improvement,Married,Bachelor,0,0,0
56,40981.57,12969.65,666,1.4,0.214,24,1,Mortgage,Home Improvement,Single,Bachelor,0,0,0
41,37192.76,25204.65,776,19.9,0.357,36,2,Own,Business,Single,Master,0,0,1
34,28322.96,4835.38,691,1.0,0.299,24,2,Mortgage,Debt Consolidation,Divorced,High School,1,0,0
41,154192.27,8389.27,577,12.3,0.283,36,3,Own,Home Improvement,Divorced,Bachelor,1,0,0
46,124708.09,12274.11,850,2.0,0.525,24,2,Mortgage,Debt Consolidation,Married,High School,1,1,0
40,27418.33,34748.52,657,7.2,0.492,60,6,Mortgage,Business,Single,High School,0,0,1
40,108126.64,12931.9,598,3.0,0.207,36,1,Rent,Business,Single,Bachelor,0,0,0
31,40145.57,18306.99,777,6.7,0.154,60,4,Mortgage,Home Improvement,Married,Master,1,0,0
32,52291.74,8842.23,607,0.8,0.342,24,0,Mortgage,Debt Consolidation,Married,Bachelor,0,0,0
23,47494.21,18784.54,799,1.6,0.254,48,5,Mortgage,Medical,Married,Bachelor,0,0,0
60,35246.65,43220.39,571,0.5,0.064,48,3,Mortgage,Business,Married,Master,0,0,0
25,80171.72,26819.08,778,10.0,0.349,36,3,Mortgage,Home Improvement,Single,High School,1,0,0
31,52205.51,12619.28,668,1.8,0.247,60,5,Mortgage,Education,Single,Bachelor,0,0,0
31,38627.68,21436.36,766,5.9,0.177,36,5,Rent,Business,Single,High School,0,0,0
50,25532.45,20015.49,821,8.6,0.667,24,2,Mortgage,Debt Consolidation,Single,Master,0,1,0
36,31357.3,19045.98,548,11.6,0.501,60,3,Rent,Education,Single,High School,1,1,0
54,21575.42,29096.33,764,0.6,0.466,36,1,Mortgage,Education,Single,Bachelor,0,0,0
31,49321.32,28944.47,523,11.2,0.346,24,6,Mortgage,Medical,Married,High School,0,0,0
43,26948.08,12221.95,555,1.1,0.191,36,4,Rent,Education,Married,High School,0,0,0
29,42925.43,20937.88,577,6.7,0.195,48,6,Rent,Medical,Married,High School,0,0,0
65,97251.04,10217.26,695,6.5,0.152,36,5,Mortgage,Medical,Married,Bachelor,0,0,0
25,89290.45,7001.29,652,0.0,0.106,48,4,Rent,Medical,Married,Master,0,0,0
43,48236.03,11062.92,634,1.2,0.616,48,1,Mortgage,Auto,Married,Master,0,0,1
47,46932.12,12665.1,663,3.4,0.61,24,8,Rent,Debt Consolidation,Single,Master,1,0,0
44,125484.47,4175.1,703,2.7,0.249,36,8,Own,Medical,Married,High School,0,0,0
37,63600.59,24397.42,710,12.5,0.523,48,2,Rent,Education,Married,Master,0,0,0
38,41610.04,1925.37,748,2.2,0.19,48,6,Mortgage,Debt Consolidation,Married,Bachelor,1,0,0
40,24028.38,89354.94,813,13.8,0.055,12,3,Own,Education,Married,PhD,0,0,0
38,59691.0,38227.69,648,3.1,0.529,36,5,Rent,Auto,Divorced,Bachelor,0,0,0
51,74210.57,11128.83,603,16.7,0.245,60,3,Rent,Home Improvement,Married,Bachelor,0,0,0
66,35745.31,13448.17,705,6.7,0.238,60,4,Rent,Auto,Divorced,Master,0,0,0
33,56704.08,16515.92,547,8.8,0.16,48,4,Mortgage,Education,Married,Bachelor,1,1,0
23,40872.52,8844.82,588,0.6,0.412,12,7,Rent,Business,Single,Master,0,0,0
38,44711.4,15288.15,739,4.4,0.512,48,7,Mortgage,Education,Married,Bachelor,1,0,0
70,15000.0,12078.71,638,0.8,0.336,12,5,Rent,Debt Consolidation,Divorced,Master,0,1,0
30,,12506.57,541,1.8,0.218,48,1,Mortgage,Education,Married,High School,0,0,0
59,79593.26,15169.21,515,4.9,0.246,48,6,Rent,Home Improvement,Divorced,Bachelor,0,0,0
60,35749.76,5326.93,654,6.5,0.218,36,4,Rent,Medical,Single,Bachelor,0,0,0
33,50325.3,13734.95,752,0.2,0.527,12,3,Mortgage,Education,Single,Master,0,1,1
46,33591.38,14979.13,751,3.8,0.376,48,3,Rent,Education,Single,Master,0,1,0
59,58701.52,14620.72,659,4.2,0.195,48,7,Own,Home Improvement,Married,Master,0,0,0
35,43990.91,11486.39,830,0.4,0.131,36,3,Mortgage,Auto,Single,Master,1,0,0
37,30649.73,29628.75,640,3.5,0.099,48,4,Mortgage,Education,Divorced,Bachelor,0,0,0
33,95442.16,10430.02,637,6.3,0.091,12,8,Rent,Medical,Married,High School,0,0,0
27,78000.15,15664.12,418,0.3,0.063,48,10,Mortgage,Auto,Single,Bachelor,0,0,0
32,36226.52,33127.14,609,7.1,0.215,48,3,Mortgage,Education,Single,Bachelor,0,1,0
25,62874.39,12637.66,726,4.3,0.328,36,0,Rent,Business,Married,High School,0,0,0
40,64132.47,15523.72,790,9.0,0.42,48,5,Own,Medical,Divorced,Master,0,0,0
30,67585.63,12488.09,575,1.2,0.571,48,2,Mortgage,Debt Consolidation,Single,Bachelor,0,1,0
42,21012.48,31766.22,691,9.0,0.113,36,6,Rent,Medical,Married,Master,1,1,0
21,81089.05,11154.44,744,0.5,0.421,24,4,Mortgage,Home Improvement,Single,High School,1,0,0
43,36869.89,32805.39,651,,0.229,24,3,Own,Home Improvement,Single,High School,0,0,0
50,40990.11,12425.28,444,1.1,0.29,60,3,Rent,Medical,Married,Bachelor,0,0,1
21,183311.26,7320.09,672,10.4,0.17,36,2,Mortgage,Home Improvement,Married,High School,0,1,0
44,57007.42,21494.69,718,6.1,0.381,12,2,Own,Auto,Divorced,PhD,0,1,0
54,40410.25,10793.86,564,0.1,0.107,60,4,Mortgage,Debt Consolidation,Married,Bachelor,0,0,0
25,16274.47,20626.89,627,0.0,0.403,24,2,Rent,Business,Single,Master,0,0,0
60,98211.84,1977.16,546,1.7,0.143,36,6,Mortgage,Auto,Single,Bachelor,0,0,0
45,25019.11,13408.49,418,0.8,0.195,24,9,Rent,Business,Married,Bachelor,0,0,0
31,29681.54,9684.45,742,5.0,0.11,60,1,Mortgage,Debt Consolidation,Single,Master,1,0,0
39,41536.33,6346.88,649,5.5,0.148,36,8,Rent,Medical,Married,High School,0,0,0
46,99529.16,9070.03,793,14.2,0.714,48,5,Rent,Home Improvement,Single,Bachelor,0,0,0
40,72158.47,8941.05,727,15.2,0.222,36,4,Mortgage,Medical,Divorced,Master,0,0,0
46,45300.86,12918.43,618,5.4,0.718,12,4,Rent,Medical,Single,High School,0,0,0
28,57190.67,5130.05,642,0.0,0.187,36,3,Mortgage,Education,Married,High School,0,0,0
42,36308.5,16670.43,700,2.2,0.066,36,1,Own,Education,Single,PhD,1,0,0
23,52566.11,34764.44,737,3.6,0.239,60,0,Own,Debt Consolidation,Single,PhD,0,1,0
38,50851.68,16263.03,679,3.5,0.251,48,2,Rent,Auto,Married,Bachelor,1,2,0
29,79569.41,23536.13,749,4.6,0.504,60,1,Mortgage,Debt Consolidation,Married,Master,1,1,0
31,79506.1,28744.27,623,16.2,0.565,36,8,Mortgage,Education,Single,Bachelor,0,0,0
54,62754.7,31746.66,560,10.8,0.147,36,5,Mortgage,Medical,Married,Bachelor,0,1,0
53,40897.58,49468.78,644,,0.132,36,3,Rent,Business,Married,Master,0,0,0
47,71033.8,9419.7,668,1.5,0.286,48,8,Own,Debt Consolidation,Divorced,Bachelor,0,0,0
26,46817.66,8079.31,541,9.0,0.251,48,5,Mortgage,Auto,Single,High School,0,0,0
36,28539.46,23119.37,529,8.7,0.108,48,5,Rent,Debt Consolidation,Single,Master,0,1,0
54,40068.91,21933.85,690,1.6,0.32,60,6,Rent,Home Improvement,Married,High School,0,0,0
41,51137.0,22993.63,613,6.6,0.222,12,6,Own,Auto,Married,Bachelor,0,0,0
67,77273.62,50136.16,635,5.6,0.198,48,4,Rent,Home Improvement,Single,Master,0,0,0
44,44722.67,13466.48,617,3.2,0.584,48,4,Mortgage,Business,Married,Master,0,2,0
42,26779.73,18003.29,786,1.1,0.27,36,5,Mortgage,Medical,Married,Master,1,1,0
36,50431.48,6725.95,763,11.0,0.662,48,2,Own,Home Improvement,Single,Master,1,2,0
41,51882.04,59559.12,538,5.7,0.265,60,5,Rent,Home Improvement,Married,Bachelor,1,0,1
38,53794.09,10555.67,602,0.9,0.226,36,5,Mortgage,Education,Married,Bachelor,0,1,0
48,,10767.08,726,6.1,0.096,24,1,Own,Medical,Married,High School,0,1,0
51,81589.97,10480.54,704,6.8,0.153,36,1,Rent,Business,Married,High School,0,0,0
30,36420.77,8506.39,646,10.9,0.197,60,3,Mortgage,Education,Married,Bachelor,0,4,0
24,36023.55,8017.6,547,1.3,0.494,48,4,Own,Medical,Married,Master,1,0,1
21,29140.98,9259.52,588,22.4,0.092,24,5,Mortgage,Home Improvement,Divorced,Bachelor,0,1,0
46,69522.65,5135.55,603,0.8,0.524,48,7,Own,Debt Consolidation,Divorced,High School,0,0,0
26,101155.08,7710.03,674,4.6,0.081,24,7,Rent,Home Improvement,Married,High School,1,0,0
21,41875.62,52275.03,803,5.4,0.404,36,2,Own,Medical,Single,Bachelor,0,0,1
44,43446.46,22358.43,588,2.7,0.147,36,8,Rent,Auto,Single,Master,1,0,0
69,102067.67,25543.37,557,3.2,0.379,36,4,Own,Auto,Married,High School,1,0,0
39,63119.11,30456.24,640,11.1,0.254,12,2,Own,Medical,Single,Bachelor,0,0,0
50,60968.82,48237.61,742,5.2,0.242,48,3,Mortgage,Auto,Single,High School,0,1,0
40,27025.65,3866.11,519,3.4,0.121,48,6,Rent,Medical,Married,High School,0,0,0
38,68827.87,5648.14,780,0.7,0.431,36,5,Rent,Debt Consolidation,Divorced,PhD,1,1,0
51,30804.99,7611.33,634,0.0,0.147,24,4,Own,Medical,Single,High School,0,0,0
36,27805.52,9616.05,583,0.7,0.103,24,4,Mortgage,Debt Consolidation,Single,High School,1,0,0
43,41217.34,10824.87,505,15.6,0.562,24,3,Mortgage,Auto,Single,High School,0,1,0
43,36574.39,9770.43,713,7.2,0.503,24,4,Own,Business,Single,Bachelor,0,0,0
31,43879.4,15576.46,634,17.1,0.445,60,2,Mortgage,Auto,Divorced,High School,0,1,1
51,23849.28,13693.91,665,0.2,0.067,36,8,Rent,Medical,Single,Bachelor,0,0,0
37,79174.39,8054.74,568,5.7,0.19,24,2,Own,Auto,Married,PhD,0,0,1
30,86149.82,2913.52,621,0.2,0.062,24,1,Rent,Business,Single,High School,0,0,0
46,18514.86,6667.44,606,7.6,0.244,60,9,Mortgage,Auto,Single,Master,0,1,1
29,79955.77,9095.48,640,2.4,0.324,36,4,Mortgage,Business,Single,High School,0,0,0
40,32687.1,11237.87,589,0.5,0.444,36,4,Rent,Home Improvement,Single,High School,0,0,1
39,75243.72,6058.59,511,4.2,0.225,36,6,Rent,Medical,Single,Bachelor,1,0,0
53,47371.53,9475.22,850,1.6,0.136,24,1,Rent,Medical,Single,High School,0,1,0
45,49731.2,6053.0,527,5.4,0.272,60,4,Rent,Business,Married,High School,1,1,0
39,44687.59,12233.42,666,5.4,0.132,12,5,Rent,Debt Consolidation,Single,Master,1,0,0
49,89865.07,6303.35,490,6.1,0.486,48,2,Mortgage,Business,Single,Bachelor,0,2,0
56,26375.9,7374.38,470,24.4,0.31,12,3,Own,Home Improvement,Single,Master,0,0,0
46,66431.07,5345.02,658,2.4,0.294,36,1,Rent,Medical,Married,High School,1,0,0
40,85021.98,11998.65,665,3.1,0.542,60,2,Mortgage,Medical,Single,Bachelor,1,0,0
24,70134.5,7284.37,763,8.2,0.323,48,4,Mortgage,Auto,Married,Bachelor,0,1,0
27,156740.91,25203.77,685,4.3,0.095,36,6,Own,Business,Single,High School,0,0,0
36,37628.86,17749.19,636,0.2,0.149,36,6,Rent,Home Improvement,Single,PhD,0,0,0
32,79114.58,12722.2,564,9.3,0.298,24,4,Rent,Auto,Married,Bachelor,0,1,1
37,46488.24,7644.64,784,0.3,0.155,60,3,Mortgage,Debt Consolidation,Married,Master,0,1,0
40,90826.2,17437.25,733,0.9,0.341,48,7,Rent,Auto,Single,High School,0,0,0
46,48832.7,21665.81,537,0.5,0.442,36,7,Mortgage,Home Improvement,Married,Bachelor,1,0,1
39,40378.88,14763.04,653,0.4,0.186,36,6,Mortgage,Business,Married,Bachelor,0,0,0
45,94186.87,41051.85,662,0.1,0.114,24,4,Own,Debt Consolidation,Single,Bachelor,0,0,0
40,38338.85,18430.2,618,0.3,0.082,48,4,Mortgage,Education,Single,Bachelor,0,0,0
21,24188.61,25324.44,719,2.9,0.382,36,6,Mortgage,Medical,Married,High School,0,1,0
28,37857.2,14669.06,724,1.5,0.196,36,1,Own,Auto,Divorced,High School,0,0,1
38,66803.88,21438.96,632,0.7,0.414,60,2,Mortgage,Home Improvement,Divorced,Bachelor,0,0,0
25,98323.6,7648.41,624,5.4,0.105,24,4,Own,Business,Married,High School,0,0,0
47,51821.72,9692.63,784,1.3,0.313,24,3,Mortgage,Auto,Married,Bachelor,0,1,0
58,94759.61,17061.07,733,0.1,0.324,36,4,Rent,Education,Married,High School,0,0,0
54,24857.44,16974.54,656,2.7,0.059,24,5,Mortgage,Home Improvement,Married,High School,0,0,1
37,39275.97,19059.64,503,1.9,0.226,36,2,Mortgage,Education,Single,Bachelor,1,1,0
57,42434.31,28861.82,680,1.9,0.287,48,6,Own,Debt Consolidation,Married,Master,0,0,0
41,46291.81,4927.17,712,2.9,0.219,12,4,Own,Auto,Married,Bachelor,0,0,1
35,51125.94,6753.95,402,5.5,0.368,24,5,Mortgage,Auto,Single,High School,1,0,0
32,69248.41,15688.78,672,4.8,0.421,24,3,Mortgage,Business,Divorced,Bachelor,0,0,0
36,39245.68,8046.12,612,13.8,0.141,12,2,Rent,Home Improvement,Single,High School,1,0,0
35,52549.68,100000.0,630,3.6,0.39,24,1,Mortgage,Home Improvement,Divorced,Bachelor,0,0,0
42,47927.2,19168.12,568,3.2,0.169,24,1,Own,Medical,Single,High School,1,0,0
41,,12646.91,636,1.2,0.364,36,6,Mortgage,Medical,Married,High School,0,0,0
40,46312.48,9313.05,775,7.0,0.366,48,3,Own,Home Improvement,Single,Bachelor,0,0,0
45,45623.14,9546.08,609,0.8,0.469,24,2,Rent,Education,Married,High School,0,0,1
54,45137.1,13644.59,736,3.4,0.106,48,8,Own,Auto,Single,Master,0,0,0
51,49805.45,14449.1,577,2.7,0.226,12,4,Own,Debt Consolidation,Single,High School,0,0,0
22,50911.13,9704.17,718,5.4,0.154,48,2,Mortgage,Medical,Married,High School,0,0,0
21,39491.96,11034.63,650,12.5,0.45,48,1,Mortgage,Medical,Married,Bachelor,0,0,0
51,92628.98,34234.84,681,14.6,0.406,48,6,Mortgage,Debt Consolidation,Married,Bachelor,1,0,0
23,27316.87,35212.4,650,0.9,0.478,24,4,Own,Business,Married,Master,0,0,0
37,34184.07,15937.4,707,1.5,0.177,36,7,Rent,Auto,Married,High School,0,0,0
25,196807.59,5224.52,418,8.3,0.131,48,2,Rent,Education,Married,Bachelor,1,0,0
21,29173.16,19476.27,522,3.7,0.3,36,1,Mortgage,Medical,Married,Bachelor,0,0,0
46,24912.44,39656.01,687,3.0,0.396,24,2,Rent,Business,Single,Bachelor,1,0,0
49,70773.39,34851.34,466,6.2,0.089,60,3,Mortgage,Home Improvement,Single,Master,0,0,0
33,17351.6,22339.2,602,4.6,0.146,48,5,Mortgage,Medical,Married,Bachelor,1,1,1
21,43580.41,36159.54,645,17.7,0.264,48,3,Rent,Debt Consolidation,Divorced,Master,0,0,0
33,143331.08,13868.41,575,4.4,0.327,12,3,Own,Home Improvement,Married,High School,1,0,0
44,22641.32,20736.94,587,3.1,0.242,36,2,Rent,Home Improvement,Married,Master,0,0,0
22,18197.1,8295.41,674,3.9,0.376,36,9,Rent,Auto,Married,High School,1,0,0
42,23165.27,16392.61,740,8.3,0.391,36,7,Rent,Business,Married,High School,0,0,0
39,76816.89,33883.18,563,4.7,0.583,24,9,Mortgage,Auto,Single,Bachelor,0,0,1
46,86024.58,8843.2,598,,0.269,36,3,Mortgage,Home Improvement,Married,High School,0,0,0
41,37937.89,7309.93,584,17.8,0.436,48,6,Mortgage,Auto,Married,Bachelor,0,0,0
28,68982.37,14303.25,432,4.8,0.18,36,3,Mortgage,Debt Consolidation,Divorced,Master,1,0,0
54,98235.96,11399.63,662,2.4,0.357,48,3,Own,Medical,Single,High School,1,0,0
38,119811.29,21044.69,734,5.9,0.247,36,2,Mortgage,Debt Consolidation,Single,High School,0,0,0
39,43340.05,9727.56,741,5.4,0.391,36,4,Rent,Home Improvement,Single,Bachelor,0,0,0
28,15510.37,44485.02,571,0.1,0.248,24,2,Mortgage,Auto,Divorced,Bachelor,1,1,1
34,32518.37,5416.62,537,3.1,0.091,48,4,Own,Business,Married,High School,0,0,0
29,39600.53,32132.21,651,6.8,0.241,24,3,Mortgage,Business,Married,Bachelor,0,0,0
37,43067.79,7821.3,724,3.5,0.451,48,3,Mortgage,Home Improvement,Married,Bachelor,0,2,0
60,44625.93,3800.21,663,7.6,0.151,36,2,Rent,Education,Single,Bachelor,0,0,0
23,85771.95,15780.22,676,3.0,0.24,36,6,Own,Medical,Married,High School,0,0,0
21,92708.39,11178.8,752,20.5,0.16,60,5,Mortgage,Auto,Married,Bachelor,0,0,0
57,44988.54,6144.26,583,1.7,0.382,24,3,Rent,Debt Consolidation,Single,High School,0,1,0
37,84901.11,4117.64,630,0.5,0.412,36,6,Own,Debt Consolidation,Married,Bachelor,0,0,0
31,58619.97,13281.77,797,2.8,0.158,36,4,Rent,Business,Single,High School,0,1,0
52,50627.64,26451.97,632,3.9,0.236,60,4,Own,Debt Consolidation,Married,High School,1,1,0
32,77131.89,20119.96,535,2.1,0.107,48,2,Mortgage,Medical,Single,Bachelor,1,0,0
61,50824.1,13900.7,589,1.4,0.335,48,3,Rent,Home Improvement,Divorced,Bachelor,0,1,0
48,137160.3,18679.71,565,5.6,0.157,24,5,Mortgage,Auto,Married,High School,0,2,0
34,23879.95,13107.63,682,2.4,0.384,24,3,Mortgage,Debt Consolidation,Single,Bachelor,1,0,0
65,37888.94,4910.8,569,5.0,0.629,12,2,Own,Home Improvement,Single,Bachelor,0,0,1
32,46015.82,4941.25,674,7.5,0.212,48,4,Mortgage,Education,Single,High School,0,0,0
48,61066.97,11588.66,583,7.2,0.031,36,2,Own,Auto,Married,Master,0,0,0
43,92409.05,11938.73,458,2.4,0.129,36,6,Mortgage,Home Improvement,Married,High School,0,0,0
55,48426.42,24238.27,677,4.2,0.139,48,3,Mortgage,Debt Consolidation,Divorced,Bachelor,0,0,0
58,24073.94,22699.84,663,3.0,0.31,48,4,Mortgage,Home Improvement,Married,High School,0,1,1
40,74701.61,20406.18,696,10.2,0.415,24,1,Rent,Medical,Married,High School,0,0,0
30,71501.91,10979.69,589,10.5,0.189,60,5,Own,Business,Married,Bachelor,0,0,0
45,18565.69,5082.42,579,2.1,0.245,12,4,Rent,Auto,Divorced,Master,1,1,0
31,48927.65,17826.65,686,0.5,0.116,12,4,Own,Auto,Single,Bachelor,0,0,0
64,22135.3,19295.33,786,0.9,0.362,48,4,Rent,Medical,Married,High School,1,0,0
41,35160.36,2509.97,651,2.3,0.114,36,4,Mortgage,Home Improvement,Divorced,Bachelor,1,1,0
35,31213.17,7449.95,688,4.2,0.335,60,2,Rent,Auto,Single,High School,0,1,0
42,73469.99,8235.93,621,5.3,0.078,36,4,Rent,Business,Single,Master,0,0,0
23,51969.65,14513.65,511,,0.31,60,4,Mortgage,Debt Consolidation,Married,Bachelor,0,1,0
28,25776.14,7613.27,737,,0.09,24,7,Mortgage,Auto,Married,Master,0,2,0
54,76117.46,13007.82,731,13.9,0.01,48,3,Rent,Medical,Single,Bachelor,0,0,0
32,23935.0,11529.05,713,5.3,0.128,60,3,Rent,Education,Married,Master,0,0,0
27,57818.09,11951.3,633,0.9,0.675,36,7,Mortgage,Medical,Married,High School,1,1,0
46,32630.24,8091.13,703,4.3,0.378,12,6,Mortgage,Business,Married,Master,1,0,0
54,40829.55,8541.66,730,3.9,0.468,12,3,Own,Medical,Single,High School,0,1,0
48,63078.51,6271.76,795,10.2,0.128,60,2,Rent,Home Improvement,Single,PhD,0,0,0
51,63622.64,17431.73,738,2.2,0.298,36,4,Mortgage,Auto,Married,High School,0,0,0
30,95653.21,19925.82,655,2.7,0.151,36,2,Own,Auto,Married,Bachelor,0,0,0
22,47045.62,7789.78,532,4.6,0.178,48,4,Own,Auto,Married,Bachelor,0,0,0
58,57138.04,38733.03,664,3.7,0.387,48,4,Rent,Home Improvement,Single,Bachelor,1,0,1
36,39384.65,10719.06,673,6.3,0.37,36,8,Rent,Home Improvement,Single,Bachelor,1,0,0
36,53690.69,38992.71,713,0.2,0.414,60,8,Own,Auto,Single,Bachelor,0,0,1
55,61067.98,8522.89,771,4.1,0.22,36,5,Mortgage,Auto,Married,Bachelor,1,1,0
46,46669.45,3233.74,641,0.6,0.695,48,4,Own,Medical,Married,Bachelor,1,0,0
45,19893.03,17703.87,839,1.9,0.328,12,5,Mortgage,Debt Consolidation,Single,PhD,0,0,0
65,57857.33,15898.52,491,5.4,0.221,24,0,Rent,Home Improvement,Married,Bachelor,0,0,1
32,,13685.27,687,0.9,0.092,60,4,Own,Medical,Single,Master,0,0,0
51,34888.53,8522.26,578,1.8,0.259,36,8,Own,Auto,Married,Bachelor,0,0,0
40,25791.66,13040.29,478,6.1,0.141,36,2,Own,Education,Divorced,Bachelor,1,0,0
43,102532.96,9340.53,631,5.3,0.095,48,6,Mortgage,Auto,Married,Master,0,0,0
58,62675.3,10811.39,518,0.5,0.48,36,4,Own,Auto,Married,Bachelor,0,0,0
46,43715.56,24080.14,635,4.3,0.204,12,3,Rent,Debt Consolidation,Single,High School,0,0,0
46,27763.67,15198.5,653,0.8,0.359,48,10,Rent,Home Improvement,Single,Bachelor,0,0,0
52,32503.16,20475.12,750,1.5,0.27,48,1,Own,Education,Single,Bachelor,0,0,0
35,94023.05,11358.16,514,,0.199,60,3,Mortgage,Education,Married,High School,1,0,0
29,52513.78,10515.31,731,0.6,0.193,36,6,Mortgage,Auto,Single,Master,1,0,0
27,37223.91,5958.43,658,,0.426,36,4,Rent,Medical,Married,Bachelor,0,1,0
21,63249.63,10311.08,742,0.9,0.472,36,4,Rent,Business,Married,Bachelor,0,1,0
64,32623.92,1306.65,611,7.6,0.44,12,3,Mortgage,Business,Married,High School,0,0,0
26,103820.79,8838.25,530,8.9,0.216,12,4,Rent,Debt Consolidation,Married,Bachelor,0,1,0
37,96413.38,12615.58,540,26.0,0.605,24,7,Own,Education,Single,High School,0,0,0
36,38820.86,19822.47,533,2.8,0.428,60,5,Own,Home Improvement,Divorced,High School,1,0,0
43,35798.63,11069.24,693,10.4,0.108,60,5,Rent,Home Improvement,Single,Master,0,0,0
49,15000.0,17040.9,782,15.8,0.568,36,8,Mortgage,Debt Consolidation,Married,Bachelor,1,1,1
50,23370.03,2904.88,599,0.9,0.42,24,3,Own,Education,Divorced,Master,0,1,0
33,25091.02,12838.63,706,3.3,0.183,24,2,Own,Business,Married,Bachelor,0,0,0
37,52448.93,4123.05,512,0.3,0.446,24,5,Own,Business,Married,Bachelor,1,0,0
43,41642.77,5734.11,666,4.8,0.324,60,2,Mortgage,Auto,Married,High School,1,0,0
37,25017.53,11719.2,710,4.4,0.471,36,7,Rent,Medical,Divorced,High School,1,0,0
59,42591.84,32642.97,519,1.1,0.191,48,3,Rent,Auto,Divorced,Bachelor,0,1,0
45,63112.15,17323.94,631,8.0,0.372,36,5,Rent,Education,Divorced,Bachelor,1,0,0
48,63826.24,13531.31,714,0.2,0.239,48,3,Mortgage,Home Improvement,Single,High School,0,1,0
47,18961.48,13178.33,385,8.2,0.088,48,3,Own,Auto,Single,Master,0,0,0
54,45975.7,8106.81,770,0.1,0.2,12,7,Rent,Home Improvement,Married,High School,1,1,0
42,24546.62,9129.0,681,5.3,0.234,36,6,Rent,Auto,Divorced,Bachelor,0,0,0
24,,18018.66,714,0.4,0.311,60,6,Mortgage,Medical,Married,Bachelor,0,0,0
44,72553.04,5065.7,612,1.4,0.119,36,6,Own,Auto,Single,PhD,0,0,0
32,31287.89,20234.37,494,6.4,0.093,36,2,Own,Auto,Divorced,Bachelor,0,0,1
33,33422.26,10178.62,698,1.6,0.047,36,3,Rent,Auto,Married,High School,0,0,0
47,38924.01,23810.69,642,3.6,0.669,36,2,Mortgage,Home Improvement,Married,Master,1,0,0
54,15892.51,26180.38,652,12.3,0.167,36,0,Mortgage,Auto,Single,High School,0,0,0
40,57987.58,4141.62,747,0.3,0.394,24,4,Rent,Education,Single,Master,1,0,0
43,42769.38,8891.88,718,8.3,0.271,60,6,Rent,Business,Married,Bachelor,0,0,0
60,79625.33,7340.27,950,0.3,0.289,12,3,Own,Business,Married,High School,1,1,0
42,28305.05,3755.93,663,0.7,0.188,36,6,Rent,Medical,Single,High School,0,0,0
70,35969.93,6484.87,587,0.6,0.266,24,1,Own,Debt Consolidation,Single,Master,1,0,0
46,23080.36,73782.67,633,25.7,0.187,12,2,Rent,Auto,Married,High School,0,0,0
21,29668.9,20468.8,687,1.0,0.243,48,6,Rent,Auto,Married,Master,0,0,0
49,27146.65,51128.72,741,11.4,0.27,60,2,Mortgage,Home Improvement,Divorced,Bachelor,0,0,0
44,80659.09,23869.79,517,23.5,0.52,48,4,Mortgage,Debt Consolidation,Divorced,Master,0,0,0
55,34574.41,7948.27,650,2.4,0.725,24,4,Rent,Education,Single,High School,1,0,1
48,52160.87,10226.73,794,5.0,0.102,36,6,Mortgage,Debt Consolidation,Single,High School,1,0,0
38,40522.73,20169.07,628,7.6,0.282,12,4,Own,Auto,Married,Bachelor,0,2,0
25,25984.81,18146.89,733,2.5,0.384,36,5,Own,Auto,Single,Master,0,0,0
37,45064.49,8918.3,694,0.9,0.41,12,4,Rent,Auto,Single,High School,0,1,1
29,66141.5,4642.48,736,2.8,0.129,48,4,Mortgage,Debt Consolidation,Married,Master,0,0,0
33,26799.01,100000.0,577,7.4,0.22,12,5,Rent,Business,Married,High School,1,1,0
47,73464.41,12102.84,577,7.6,0.281,12,6,Mortgage,Education,Married,High School,1,0,0
60,32052.79,10635.82,651,1.3,0.2,60,3,Rent,Home Improvement,Single,High School,0,0,0
44,38503.64,14462.79,512,1.0,0.268,60,4,Mortgage,Business,Married,Bachelor,0,1,1
25,63917.06,11272.15,625,12.7,0.552,12,4,Own,Education,Married,Bachelor,0,0,0
45,35181.72,14558.21,672,0.2,0.478,24,5,Mortgage,Education,Married,Master,0,0,0
54,49950.48,32888.0,810,6.6,0.435,48,5,Rent,Auto,Single,Bachelor,0,1,0
32,41883.81,12244.3,686,0.2,0.366,36,1,Rent,Debt Consolidation,Single,Master,0,0,0
38,52296.46,5920.06,706,9.1,0.216,60,2,Rent,Business,Married,High School,0,1,0
40,15000.0,11930.45,754,11.8,0.211,36,2,Mortgage,Debt Consolidation,Single,Master,1,0,0
30,19636.77,9651.98,563,1.8,0.359,12,7,Rent,Auto,Single,Bachelor,1,0,1
47,66701.55,36196.92,635,0.4,0.297,12,0,Mortgage,Business,Married,Bachelor,1,0,1
38,82338.22,30326.69,850,3.3,0.44,36,4,Own,Debt Consolidation,Married,Bachelor,1,1,0
45,,14404.09,642,1.8,0.165,48,4,Mortgage,Medical,Single,Master,1,0,0
29,43390.07,5458.26,750,2.7,0.16,48,6,Rent,Business,Married,Bachelor,1,0,0
34,56803.86,5663.94,736,5.5,0.241,60,9,Rent,Home Improvement,Single,High School,0,3,0
48,69328.32,13501.91,516,1.2,0.528,24,3,Mortgage,Debt Consolidation,Single,High School,0,1,0
35,17785.9,16906.04,677,2.2,0.094,48,3,Own,Education,Married,PhD,1,0,1
60,31475.98,10278.03,663,7.6,0.507,48,2,Mortgage,Auto,Married,Bachelor,0,0,0
35,41510.86,9546.04,679,5.2,0.16,48,3,Rent,Auto,Married,Master,0,0,0
42,69673.14,8822.32,582,2.0,0.333,36,0,Own,Business,Single,High School,0,1,0
51,170965.19,13142.73,549,5.5,0.442,48,6,Rent,Education,Married,Bachelor,1,0,0
22,43739.07,2520.13,607,7.2,0.431,36,3,Own,Auto,Single,Bachelor,0,1,0
21,24258.23,6179.99,641,4.5,0.396,36,5,Rent,Education,Single,PhD,0,0,0
21,59942.08,8613.31,756,1.4,0.47,24,3,Rent,Medical,Single,Bachelor,0,1,1
55,94892.3,31108.99,813,0.0,0.143,48,4,Own,Home Improvement,Divorced,High School,0,0,0
33,51741.07,7557.76,775,8.1,0.124,48,3,Own,Business,Divorced,Master,0,0,0
70,31153.31,15158.67,727,8.6,0.148,24,4,Rent,Business,Married,Bachelor,0,0,0
33,79141.84,15655.54,559,6.0,0.264,36,4,Mortgage,Auto,Divorced,High School,0,0,0
42,68307.36,33141.5,613,0.4,0.398,36,5,Mortgage,Education,Single,Bachelor,1,1,0
58,29347.41,32331.72,668,4.4,0.358,48,6,Own,Debt Consolidation,Married,Master,0,0,0
64,59320.65,12832.65,593,8.6,0.467,48,5,Own,Auto,Married,High School,0,1,0
64,80711.21,9577.39,701,2.5,0.233,36,1,Rent,Debt Consolidation,Married,PhD,0,0,0
54,,8394.37,714,1.1,0.443,48,4,Rent,Auto,Single,High School,1,0,0
52,47418.87,11285.29,698,4.4,0.17,24,6,Rent,Debt Consolidation,Single,Bachelor,1,0,0
47,40984.95,9859.36,742,8.8,0.377,24,4,Mortgage,Education,Married,High School,0,0,0
49,90548.14,19683.56,568,0.3,0.128,24,4,Mortgage,Debt Consolidation,Married,Master,0,0,0
33,,17929.75,733,4.5,0.33,12,7,Mortgage,Medical,Single,Bachelor,1,0,0
30,61040.3,20216.63,587,5.2,0.155,48,3,Mortgage,Education,Married,High School,0,0,0
39,24710.58,32257.27,565,4.6,0.47,60,2,Own,Medical,Single,Bachelor,1,0,0
37,83507.2,49217.69,697,5.2,0.583,36,3,Rent,Medical,Single,Bachelor,0,1,1
34,43087.03,14577.94,759,5.0,0.218,60,3,Mortgage,Auto,Single,High School,0,0,0
48,92437.83,28843.06,693,0.7,0.316,48,5,Own,Education,Married,Bachelor,1,0,1
51,62674.28,10444.57,651,1.3,0.209,24,8,Rent,Home Improvement,Married,Bachelor,1,0,0
41,26592.64,30622.95,677,4.8,0.259,12,3,Rent,Medical,Divorced,High School,0,0,0
57,99938.86,28086.84,662,0.1,0.289,48,3,Rent,Business,Married,Master,1,1,0
26,106470.44,27062.15,548,,0.31,48,3,Rent,Home Improvement,Married,High School,0,0,0
37,76202.02,14269.06,538,5.5,0.154,24,5,Own,Business,Single,High School,1,1,0
31,33496.83,8367.83,642,1.4,0.542,36,4,Rent,Medical,Single,Bachelor,0,0,0
21,42065.91,5033.29,657,4.6,0.17,60,4,Rent,Business,Single,High School,1,0,0
39,52718.07,12990.5,651,3.8,0.103,24,5,Mortgage,Auto,Married,High School,0,0,0
38,34480.35,39069.94,710,1.5,0.411,48,6,Rent,Business,Single,Master,0,0,0
58,114253.31,10754.81,630,3.1,0.546,24,4,Mortgage,Home Improvement,Single,Bachelor,0,0,0
47,52689.07,23146.26,700,12.0,0.319,36,2,Rent,Medical,Married,Bachelor,1,0,0
27,15000.0,24119.26,636,2.8,0.107,36,1,Mortgage,Business,Single,Bachelor,0,0,0
62,58085.88,10953.56,814,5.0,0.387,36,4,Mortgage,Business,Married,Master,1,1,0
54,41188.79,33571.79,657,0.2,0.335,24,1,Mortgage,Business,Divorced,Master,0,1,1
46,47218.3,1744.0,850,0.4,0.217,24,4,Rent,Education,Divorced,Bachelor,1,0,1
37,40769.53,5676.41,681,,0.025,48,3,Mortgage,Business,Single,Master,1,0,0
28,73388.55,7037.85,630,7.5,0.133,24,7,Rent,Home Improvement,Single,Master,1,1,0
35,85805.97,7526.61,569,,0.145,48,5,Own,Education,Single,High School,0,0,1
53,56473.49,16905.33,520,1.3,0.314,48,3,Rent,Debt Consolidation,Single,Bachelor,0,0,0
62,41371.37,16367.07,560,6.9,0.437,48,2,Rent,Auto,Single,Master,0,0,0
58,48018.01,17602.45,570,0.9,0.126,24,4,Rent,Medical,Single,PhD,0,0,0
34,49503.56,20277.29,685,1.4,0.148,48,1,Mortgage,Debt Consolidation,Single,High School,0,0,1
26,32819.72,6870.05,602,2.8,0.313,48,7,Rent,Education,Married,Master,0,0,0
41,65477.66,5694.62,666,2.0,0.511,24,2,Mortgage,Auto,Married,Master,0,0,0
21,61698.89,17631.17,765,4.4,0.248,36,3,Rent,Business,Married,Master,0,1,0
43,105896.83,8594.15,642,2.1,0.347,24,8,Mortgage,Debt Consolidation,Married,High School,1,0,0
38,91828.22,4450.04,837,2.5,0.21,36,5,Rent,Auto,Single,Bachelor,1,1,0
34,34792.69,26368.91,544,9.9,0.033,48,2,Rent,Auto,Married,Bachelor,0,0,0
21,73876.44,35474.57,636,10.8,0.235,60,4,Mortgage,Debt Consolidation,Divorced,Bachelor,0,0,0
46,30470.78,39735.99,601,8.8,0.566,48,5,Mortgage,Business,Single,Master,1,0,1
33,69422.48,15228.22,734,10.0,0.194,36,5,Mortgage,Business,Single,High School,0,0,0
25,37861.61,20705.45,448,,0.336,60,4,Own,Education,Married,High School,0,0,0
21,29388.93,34853.46,520,5.2,0.361,36,4,Mortgage,Medical,Divorced,Bachelor,0,0,0
39,56388.62,8527.14,640,4.1,0.62,36,6,Rent,Auto,Divorced,Bachelor,0,1,0
61,15000.0,29070.36,789,7.7,0.339,60,5,Mortgage,Medical,Single,Bachelor,0,0,0
59,20424.94,16200.18,670,4.0,0.164,24,4,Rent,Education,Single,Bachelor,1,1,0
34,44857.86,25326.29,528,0.6,0.202,24,3,Mortgage,Business,Divorced,Master,1,0,0
32,51083.71,15218.47,542,8.3,0.274,48,4,Mortgage,Education,Single,Master,0,0,0
45,40755.28,33103.02,800,7.1,0.054,60,6,Mortgage,Auto,Single,Bachelor,1,0,0
28,22254.11,15622.49,594,8.6,0.352,12,7,Rent,Medical,Married,Bachelor,0,0,1
43,32566.98,4727.8,565,1.1,0.166,48,4,Mortgage,Medical,Married,Master,0,1,0
49,,36914.09,782,1.6,0.402,36,5,Rent,Medical,Divorced,Master,0,0,0
54,65571.14,6882.44,740,1.8,0.098,48,4,Rent,Education,Married,Master,0,0,0
38,48624.77,32117.0,764,3.5,0.201,24,7,Own,Auto,Married,Bachelor,1,0,0
37,87414.54,12541.9,564,0.7,0.067,60,3,Own,Home Improvement,Single,Bachelor,0,1,0
29,59796.27,30430.71,512,2.4,0.334,60,6,Own,Home Improvement,Divorced,Master,0,1,1
30,33734.36,29564.75,661,1.0,0.567,36,5,Own,Business,Married,Bachelor,0,0,0
37,42605.94,18053.59,680,1.5,0.086,60,4,Rent,Auto,Married,High School,0,1,0
44,24308.15,19071.96,682,6.1,0.207,60,3,Mortgage,Auto,Married,Master,1,0,0
50,46440.65,17958.88,783,9.6,0.166,36,5,Own,Debt Consolidation,Married,Bachelor,0,0,0
30,85481.08,3262.74,493,0.1,0.195,60,4,Mortgage,Medical,Married,PhD,1,0,1
57,69054.07,14513.45,727,4.2,0.161,60,2,Rent,Business,Single,Bachelor,1,1,0
36,98815.0,6116.56,551,0.2,0.19,24,8,Own,Auto,Married,Bachelor,1,0,0
39,42131.77,15060.5,727,0.4,0.119,12,4,Mortgage,Debt Consolidation,Married,High School,0,0,0
31,,6002.55,607,6.1,0.395,36,6,Own,Debt Consolidation,Married,Bachelor,0,0,0
21,44504.6,5828.61,576,6.7,0.07,36,4,Mortgage,Auto,Divorced,High School,1,0,0
50,102313.05,41087.29,595,8.4,0.389,12,3,Own,Business,Married,Master,0,0,0
48,48488.0,28243.35,519,3.2,0.087,24,2,Rent,Business,Married,Bachelor,0,0,0
36,69815.8,13321.04,653,9.8,0.06,60,2,Own,Home Improvement,Married,Master,0,0,0
40,102493.66,15204.37,580,0.9,0.525,48,3,Own,Home Improvement,Married,High School,0,0,0
46,44501.86,11231.29,720,1.4,0.283,60,7,Rent,Business,Single,High School,1,1,0
21,54676.79,19908.73,707,0.7,0.35,60,5,Mortgage,Debt Consolidation,Married,Bachelor,0,1,0
33,93379.93,8322.87,801,8.0,0.408,36,3,Mortgage,Education,Single,Master,0,0,0
49,45866.87,26785.56,682,1.3,0.036,48,2,Own,Home Improvement,Single,High School,0,0,0
24,25325.17,11190.71,696,0.8,0.061,24,5,Mortgage,Debt Consolidation,Single,Master,0,0,0
43,143129.28,9957.76,776,4.9,0.124,36,8,Own,Home Improvement,Single,High School,0,0,0
23,38758.98,13564.33,593,0.4,0.366,24,4,Rent,Debt Consolidation,Married,High School,0,0,0
45,53070.58,8832.53,516,0.2,0.208,24,5,Rent,Medical,Married,Master,1,0,0
39,87378.4,16815.86,668,0.6,0.277,12,5,Rent,Auto,Married,High School,0,0,1
21,36161.6,9171.41,521,0.0,0.305,36,4,Rent,Business,Divorced,High School,0,1,0
53,29615.88,18545.2,850,6.0,0.268,60,4,Mortgage,Medical,Single,High School,0,0,1
31,55651.74,31294.72,780,4.1,0.614,24,4,Mortgage,Business,Single,Master,0,1,0
30,19999.48,8074.57,844,1.2,0.463,36,5,Own,Education,Divorced,Bachelor,0,0,0
42,42448.5,12192.75,655,1.3,0.431,48,8,Own,Debt Consolidation,Married,Bachelor,0,1,0
53,55410.22,18452.06,699,8.3,0.277,36,2,Mortgage,Home Improvement,Married,Bachelor,1,0,0
27,42831.28,9846.78,608,3.5,0.494,60,10,Rent,Home Improvement,Married,High School,0,0,0
40,22658.14,18490.72,729,6.0,0.317,24,4,Mortgage,Home Improvement,Single,High School,1,0,0
45,108780.67,19707.99,540,3.0,0.516,12,1,Mortgage,Auto,Married,High School,0,1,1
48,51625.4,28517.79,421,1.4,0.527,36,4,Rent,Auto,Married,Master,0,0,1
42,100265.41,8741.24,578,17.6,0.091,36,5,Mortgage,Education,Single,Master,1,0,0
35,43044.16,6905.39,519,4.2,0.314,24,8,Mortgage,Business,Divorced,High School,0,0,1
30,31570.99,10771.9,950,0.7,0.394,24,2,Rent,Home Improvement,Single,High School,0,0,0
41,56083.14,6785.7,813,2.6,0.293,48,2,Own,Medical,Single,High School,1,0,0
27,44007.11,19833.92,523,2.0,0.449,24,1,Mortgage,Business,Single,Master,1,0,0
21,27204.0,5924.04,766,1.2,0.356,36,8,Mortgage,Auto,Single,High School,0,1,0
45,102220.97,68398.86,735,13.5,0.332,60,3,Mortgage,Auto,Married,Bachelor,0,0,0
50,35913.37,33095.4,508,10.6,0.177,48,3,Own,Home Improvement,Single,High School,0,1,0
21,19533.12,13477.85,614,1.1,0.051,36,3,Mortgage,Auto,Divorced,Bachelor,0,1,0
27,95233.12,24518.33,597,2.2,0.363,36,4,Own,Debt Consolidation,Single,High School,0,1,1
47,38095.48,4248.15,717,7.2,0.357,36,4,Rent,Auto,Divorced,Master,0,0,0
64,36173.72,78148.12,539,1.2,0.183,48,3,Rent,Education,Single,High School,0,0,0
40,20278.29,8838.3,641,4.5,0.283,48,2,Own,Home Improvement,Single,Bachelor,0,0,0
31,,12279.07,588,6.0,0.264,48,2,Mortgage,Business,Married,Bachelor,0,1,0
37,25726.06,3644.03,692,5.3,0.438,48,5,Rent,Auto,Single,Master,0,1,1
56,50474.56,18777.25,630,6.1,0.461,12,3,Own,Medical,Married,Master,1,0,0
32,77366.58,6158.32,601,6.1,0.129,12,9,Rent,Medical,Married,Bachelor,0,0,0
30,60527.83,14345.03,630,16.7,0.123,48,6,Mortgage,Debt Consolidation,Divorced,High School,0,0,0
34,47580.24,9127.14,833,2.1,0.277,24,5,Own,Business,Divorced,Master,0,0,1
28,20934.78,6282.85,612,10.5,0.4,60,3,Mortgage,Debt Consolidation,Married,Bachelor,1,0,0
41,32700.24,7607.93,556,0.1,0.365,36,7,Rent,Education,Single,High School,1,0,0
59,53846.9,15647.27,702,1.7,0.528,36,3,Own,Debt Consolidation,Single,High School,0,0,0
43,33071.03,5447.74,637,0.2,0.743,48,5,Own,Home Improvement,Single,Master,0,0,0
36,54267.44,7909.59,522,5.3,0.043,48,1,Own,Home Improvement,Single,Bachelor,0,1,0
36,68931.72,21253.81,850,0.5,0.25,48,3,Own,Home Improvement,Divorced,High School,1,1,0
21,79320.46,82597.6,618,9.3,0.073,48,2,Own,Medical,Single,Master,0,1,0
50,26553.33,18663.26,615,5.2,0.168,36,2,Rent,Auto,Married,Bachelor,0,0,1
39,147019.87,7029.82,664,0.1,0.089,60,6,Mortgage,Business,Divorced,High School,0,0,0
37,71950.93,10332.2,805,6.3,0.269,60,2,Mortgage,Home Improvement,Single,Bachelor,0,0,0
70,48978.8,13658.43,498,9.9,0.353,36,4,Own,Business,Married,Master,0,0,1
43,84522.1,10460.93,674,5.4,0.13,48,4,Mortgage,Debt Consolidation,Married,Master,0,1,1
30,159963.97,25138.12,837,0.2,0.237,60,5,Rent,Education,Married,Bachelor,0,0,0
34,23876.26,15556.46,661,9.8,0.25,48,4,Own,Auto,Single,High School,1,0,0
53,43799.11,25222.62,538,6.6,0.266,36,5,Rent,Medical,Married,High School,0,0,0
41,15000.0,10720.25,594,2.4,0.097,48,4,Rent,Business,Married,High School,1,0,0
22,53977.67,33787.63,668,2.0,0.289,24,2,Mortgage,Auto,Married,Bachelor,1,0,0
51,58847.06,11890.08,769,3.3,0.108,12,3,Own,Business,Married,Master,0,1,0
31,48070.26,6769.4,619,10.1,0.337,48,6,Rent,Debt Consolidation,Married,High School,1,0,0
62,35338.67,61336.13,724,,0.546,36,2,Rent,Home Improvement,Married,High School,0,0,1
52,17592.76,3723.86,520,0.5,0.381,24,4,Own,Debt Consolidation,Divorced,High School,0,0,0
34,59087.04,7965.56,520,10.0,0.084,36,4,Own,Business,Single,Bachelor,0,1,0
55,101490.17,8613.45,606,0.1,0.398,24,5,Rent,Medical,Single,High School,0,0,0
40,36478.95,77328.23,779,,0.238,60,8,Mortgage,Business,Single,Bachelor,1,0,0
50,61085.51,47325.34,656,1.8,0.046,36,5,Mortgage,Education,Single,High School,1,0,0
45,22380.11,38015.52,676,3.5,0.143,36,3,Mortgage,Medical,Divorced,Bachelor,0,0,0
29,61611.67,10599.25,675,0.7,0.462,24,2,Mortgage,Medical,Married,High School,0,0,0
32,40267.86,73008.02,749,11.6,0.205,48,4,Mortgage,Business,Divorced,Master,0,1,1
52,33482.93,17289.36,595,6.9,0.211,60,5,Own,Business,Divorced,Bachelor,0,1,0
35,33517.34,26478.39,711,12.9,0.429,48,10,Rent,Medical,Single,High School,0,1,0
35,40263.24,15150.47,575,5.7,0.503,36,4,Mortgage,Business,Married,Bachelor,1,0,1
28,59350.55,12905.04,828,1.0,0.387,48,5,Rent,Auto,Single,PhD,0,0,0
45,25435.94,11200.96,577,1.8,0.135,24,3,Rent,Medical,Divorced,Master,0,1,0
64,40192.77,11536.28,570,3.3,0.161,24,8,Own,Education,Married,Master,0,0,0
27,48014.78,20454.21,699,4.7,0.268,36,6,Rent,Medical,Single,Master,0,0,0
40,28296.13,17275.42,657,13.0,0.572,24,2,Rent,Business,Single,Bachelor,0,0,0
56,120370.84,13068.63,679,2.4,0.406,24,4,Rent,Debt Consolidation,Married,Bachelor,1,0,0
39,31992.36,38432.81,670,6.1,0.156,36,3,Own,Auto,Single,Master,0,0,0
45,35076.32,1674.5,551,16.2,0.207,36,4,Rent,Business,Married,Master,1,0,0
27,30056.85,19090.02,795,0.8,0.55,60,2,Rent,Home Improvement,Single,Master,0,1,0
45,120480.12,22079.77,730,9.9,0.236,24,3,Mortgage,Auto,Married,Master,0,0,0
37,64631.2,29818.19,772,,0.286,60,5,Mortgage,Home Improvement,Single,Master,1,0,0
51,30690.36,12766.63,602,6.6,0.308,36,2,Rent,Auto,Married,Bachelor,0,1,1
54,85230.6,15452.78,687,1.7,0.641,36,2,Own,Medical,Single,High School,0,0,1
70,54195.29,26639.86,667,2.0,0.404,24,2,Rent,Auto,Married,Master,1,0,0
46,55749.67,37942.1,751,0.1,0.275,36,5,Rent,Business,Married,Master,0,0,0
43,41264.65,10825.12,754,17.8,0.086,60,2,Mortgage,Home Improvement,Single,PhD,0,0,0
42,33701.31,16104.97,667,8.4,0.083,48,7,Rent,Debt Consolidation,Divorced,High School,0,0,0
35,58039.73,43260.78,513,0.5,0.179,24,1,Mortgage,Home Improvement,Single,Bachelor,0,2,0
44,37326.41,3020.51,810,38.1,0.056,36,5,Own,Education,Single,Bachelor,1,1,0
36,121586.09,8241.94,700,4.6,0.211,36,5,Rent,Education,Single,Bachelor,0,1,0
42,25987.07,37275.26,595,9.6,0.277,12,3,Own,Medical,Single,Bachelor,0,0,0
55,105670.22,28703.56,686,0.3,0.309,60,3,Own,Education,Single,Bachelor,0,1,0
27,,19258.57,514,2.5,0.195,36,3,Rent,Medical,Single,Master,0,0,0
53,56928.02,9759.36,744,5.5,0.187,36,5,Own,Debt Consolidation,Single,High School,1,0,0
55,74352.97,7206.42,517,0.6,0.147,24,3,Rent,Auto,Married,High School,0,0,0
38,35770.38,8832.11,630,3.4,0.408,24,2,Rent,Education,Single,Bachelor,0,0,0
21,,39482.22,672,2.9,0.058,60,4,Mortgage,Auto,Married,High School,0,1,0
32,15000.0,8604.93,743,1.2,0.413,12,5,Own,Medical,Single,High School,0,0,1
55,34200.83,14342.7,659,1.8,0.081,36,4,Own,Debt Consolidation,Single,Master,0,0,1
39,30883.23,7882.53,707,17.1,0.361,48,4,Rent,Medical,Single,Bachelor,0,1,0
28,26192.99,24099.39,647,1.7,0.342,36,4,Mortgage,Home Improvement,Married,PhD,0,0,0
33,44025.42,9162.66,647,1.2,0.344,36,4,Mortgage,Auto,Married,Bachelor,0,0,0
50,59449.05,12477.52,657,3.8,0.275,36,1,Own,Home Improvement,Single,Bachelor,1,0,0
46,69656.41,4111.87,632,5.6,0.274,60,2,Rent,Home Improvement,Divorced,High School,0,2,0
37,55295.03,4318.41,498,6.5,0.214,48,4,Mortgage,Business,Married,Bachelor,0,0,0
35,35142.03,13431.68,580,7.0,0.02,60,2,Mortgage,Auto,Married,High School,0,0,0
35,58953.73,5283.74,672,0.2,0.433,48,3,Mortgage,Medical,Single,Bachelor,0,0,1
28,52163.74,58311.85,627,2.5,0.255,24,2,Rent,Medical,Married,High School,0,0,0
59,78278.49,3155.6,635,7.4,0.37,24,4,Own,Home Improvement,Married,Bachelor,0,1,0
36,72291.97,7630.26,620,11.8,0.181,48,3,Rent,Education,Single,Bachelor,0,0,0
54,49773.51,13516.83,572,4.6,0.15,36,7,Own,Debt Consolidation,Divorced,Bachelor,0,0,0
58,31300.0,10346.53,605,0.3,0.213,36,6,Own,Business,Single,High School,0,1,0
51,35366.66,6167.8,622,2.5,0.137,60,7,Own,Business,Single,High School,0,0,0
34,37238.76,6832.53,650,0.4,0.497,12,5,Own,Education,Married,Master,1,0,1
44,41871.76,6677.79,685,6.9,0.258,36,6,Mortgage,Education,Married,Master,0,1,0
39,56051.45,10930.31,633,0.3,0.418,48,8,Own,Home Improvement,Married,Bachelor,1,0,1
29,70093.63,52383.68,557,1.0,0.187,48,5,Own,Business,Single,High School,0,0,0
43,47783.74,14108.83,524,2.7,0.443,36,4,Rent,Business,Single,Master,1,0,0
25,49417.62,30577.82,850,3.1,0.224,36,3,Rent,Home Improvement,Married,Bachelor,0,0,0
54,,19051.16,548,2.6,0.436,12,2,Mortgage,Medical,Single,High School,0,0,0
34,37875.03,29135.24,603,3.1,0.059,36,3,Mortgage,Home Improvement,Single,High School,1,0,0
42,30862.71,1881.88,696,,0.269,36,4,Mortgage,Home Improvement,Married,High School,0,0,0
43,20379.42,10795.44,682,2.3,0.186,60,3,Rent,Auto,Single,Master,1,0,0
36,34628.26,33356.06,696,4.0,0.274,24,3,Own,Medical,Married,Bachelor,0,0,0
47,62104.44,8953.37,610,1.8,0.448,48,2,Mortgage,Home Improvement,Married,Bachelor,0,1,0
34,34494.12,45877.55,671,2.2,0.248,48,2,Own,Auto,Married,Bachelor,0,1,1
50,43525.25,37749.33,655,4.8,0.339,48,4,Rent,Business,Single,Master,0,0,1
23,61896.3,9620.09,621,3.4,0.18,36,3,Mortgage,Debt Consolidation,Single,Bachelor,0,1,0
41,63598.47,9393.62,672,6.4,0.302,36,5,Mortgage,Medical,Single,Master,0,0,1
63,28573.46,6571.36,744,4.1,0.293,48,9,Own,Auto,Married,Bachelor,0,0,0
27,80702.89,8597.99,648,8.1,0.22,60,6,Rent,Education,Married,High School,0,0,0
31,86135.34,5637.45,648,2.9,0.458,36,7,Own,Medical,Married,High School,1,0,0
46,27863.56,18036.77,746,3.4,0.109,60,1,Mortgage,Auto,Married,Master,0,0,0
42,32470.31,4821.15,736,5.5,0.278,36,3,Mortgage,Business,Married,High School,0,1,0
44,88924.71,20386.19,792,1.3,0.47,60,3,Mortgage,Business,Married,Bachelor,1,0,0
45,45550.33,20736.59,491,2.4,0.428,24,2,Mortgage,Debt Consolidation,Married,High School,0,0,1
47,,4176.2,731,4.9,0.17,48,3,Mortgage,Business,Divorced,PhD,0,0,0
53,24346.89,39532.29,704,0.1,0.083,48,4,Mortgage,Education,Single,High School,0,0,0
44,43274.34,19139.82,570,2.9,0.731,48,1,Mortgage,Business,Single,Bachelor,1,1,1
37,27404.94,22579.3,672,4.6,0.535,48,3,Mortgage,Debt Consolidation,Married,Master,0,1,1
48,39866.36,7855.23,744,17.1,0.288,36,3,Rent,Medical,Single,Bachelor,0,1,0
62,49821.31,20654.02,575,10.5,0.515,36,2,Own,Business,Single,Bachelor,1,0,0
38,101836.85,29391.93,689,1.6,0.207,24,8,Mortgage,Medical,Single,Bachelor,0,0,0
28,42394.46,12468.67,728,3.5,0.296,36,10,Own,Debt Consolidation,Single,PhD,1,0,0
53,83806.92,54249.32,553,0.3,0.422,36,8,Rent,Home Improvement,Single,High School,0,0,0
38,100145.57,13778.23,637,1.4,0.35,24,1,Mortgage,Business,Single,High School,0,0,0
21,100423.83,29689.54,677,7.5,0.187,48,4,Rent,Medical,Single,Bachelor,1,0,0
50,56521.55,16401.14,578,0.7,0.708,48,4,Mortgage,Education,Married,Bachelor,0,0,1
33,18367.82,20127.96,570,1.5,0.183,24,6,Own,Auto,Married,Bachelor,0,0,0
38,61723.03,4146.7,637,14.4,0.619,48,4,Mortgage,Education,Married,Bachelor,0,1,1
43,82801.37,17322.09,722,8.7,0.444,24,3,Own,Auto,Divorced,Master,1,0,0
42,47073.55,7986.58,707,7.6,0.341,24,3,Mortgage,Home Improvement,Single,Bachelor,0,0,0
48,117276.77,7387.33,572,10.0,0.357,48,4,Rent,Business,Single,High School,1,0,0
34,75351.32,45291.39,708,6.9,0.43,36,5,Mortgage,Business,Married,Bachelor,0,0,0
46,65129.75,11502.97,574,0.6,0.285,36,3,Mortgage,Business,Single,Master,0,2,0
36,84388.83,6618.93,505,3.6,0.24,24,5,Mortgage,Auto,Married,Bachelor,0,0,0
48,57912.29,10390.09,616,2.9,0.339,48,1,Own,Home Improvement,Single,Bachelor,0,1,0
47,15000.0,5375.92,751,1.9,0.575,24,6,Mortgage,Auto,Married,PhD,0,0,0
28,38193.88,36450.82,709,9.0,0.169,24,2,Own,Business,Divorced,Bachelor,1,1,0
53,89195.33,8209.3,649,3.1,0.376,36,4,Rent,Home Improvement,Married,High School,0,1,0
33,32735.14,19351.2,612,0.3,0.201,48,3,Rent,Auto,Single,Bachelor,1,0,0
49,43838.33,34519.33,614,1.6,0.224,24,6,Rent,Education,Married,Master,0,0,0
44,29073.48,9413.43,659,1.3,0.755,24,5,Rent,Business,Single,Bachelor,1,0,1
62,119606.36,19388.12,553,10.9,0.532,12,2,Rent,Home Improvement,Divorced,Master,0,0,0
37,113634.93,6495.99,618,5.2,0.081,36,4,Rent,Home Improvement,Single,High School,0,0,1
35,31510.17,74016.16,630,4.1,0.392,24,6,Mortgage,Debt Consolidation,Divorced,High School,1,0,0
39,52767.41,25731.37,528,3.5,0.082,24,3,Own,Home Improvement,Married,Bachelor,0,0,1
36,34882.93,11674.65,574,5.3,0.445,60,3,Rent,Education,Single,Bachelor,1,0,0
49,66667.46,7777.7,686,7.0,0.061,24,7,Mortgage,Debt Consolidation,Married,Bachelor,1,0,0
21,63249.44,12335.08,650,4.0,0.048,36,6,Mortgage,Business,Single,Bachelor,0,0,0
27,73559.71,10530.29,622,13.9,0.366,60,6,Rent,Debt Consolidation,Married,Bachelor,0,0,0
27,57870.28,52420.93,567,18.8,0.15,12,2,Mortgage,Business,Married,High School,0,0,0
51,212713.85,5665.36,791,26.8,0.562,48,5,Rent,Business,Married,High School,0,0,0
60,29320.38,14681.76,574,5.5,0.203,36,9,Mortgage,Education,Single,Bachelor,0,0,0
38,20841.43,13189.33,672,13.5,0.378,60,4,Rent,Medical,Divorced,Bachelor,1,0,0
37,40273.74,12305.64,606,2.6,0.34,60,3,Rent,Education,Married,Master,0,0,0
40,22381.86,12381.62,653,9.8,0.128,36,5,Mortgage,Debt Consolidation,Single,Bachelor,1,1,0
53,23243.22,12317.18,691,12.0,0.489,24,4,Own,Home Improvement,Married,Bachelor,1,0,0
28,29713.08,24615.86,526,11.7,0.225,36,3,Mortgage,Home Improvement,Married,Bachelor,1,0,0
42,30912.18,20461.27,649,8.9,0.335,60,5,Mortgage,Education,Married,Bachelor,0,0,1
51,30414.99,17912.21,757,2.6,0.271,24,4,Mortgage,Education,Single,Master,1,1,0
46,63519.96,1597.52,808,0.9,0.555,60,0,Own,Education,Single,Bachelor,0,0,0
42,38059.48,16479.24,638,2.0,0.611,48,5,Mortgage,Business,Single,Bachelor,1,0,0
52,44812.51,4192.5,653,7.3,0.109,24,3,Rent,Debt Consolidation,Divorced,Bachelor,1,0,0
21,76658.55,21003.07,849,1.3,0.166,48,6,Rent,Auto,Single,Master,0,0,0
48,33417.63,37501.95,752,3.3,0.127,12,6,Rent,Home Improvement,Married,Master,1,0,0
32,42947.21,6985.78,594,4.2,0.066,36,2,Own,Auto,Single,Master,1,1,0
21,58857.82,11122.81,594,4.6,0.161,36,7,Rent,Debt Consolidation,Married,Master,0,1,0
46,18568.39,8781.93,736,13.7,0.086,36,5,Rent,Home Improvement,Single,Bachelor,0,1,0
56,15000.0,31723.16,559,5.4,0.39,36,3,Rent,Auto,Divorced,High School,0,0,1
38,58282.59,14278.63,747,7.7,0.029,36,0,Rent,Home Improvement,Married,Bachelor,0,0,0
51,62693.13,44794.05,680,4.4,0.14,48,6,Mortgage,Education,Married,Bachelor,0,1,1
59,137600.53,17847.66,696,9.0,0.29,48,2,Mortgage,Medical,Married,High School,0,0,0
55,53053.04,15830.84,626,1.5,0.336,60,4,Rent,Medical,Married,Bachelor,0,0,0
59,73855.8,14013.06,593,1.2,0.262,48,6,Own,Business,Married,PhD,0,0,0
48,44456.38,23684.93,781,13.0,0.178,48,0,Own,Debt Consolidation,Married,Master,0,0,0
40,56875.14,3958.5,627,5.9,0.261,36,1,Own,Home Improvement,Divorced,Bachelor,0,0,0
21,112828.97,14182.17,613,5.6,0.231,24,4,Rent,Auto,Married,Bachelor,1,0,0
37,16949.67,12720.47,642,3.1,0.434,12,4,Rent,Home Improvement,Married,Master,1,0,1
29,60283.16,22198.79,667,2.4,0.198,36,1,Own,Home Improvement,Divorced,Bachelor,1,0,0
66,142599.23,11714.81,557,4.1,0.274,48,2,Own,Education,Single,Bachelor,0,0,1
37,56444.72,6456.78,599,0.6,0.288,48,5,Own,Auto,Married,Bachelor,1,0,0
41,111891.67,13428.65,594,3.0,0.109,60,2,Rent,Education,Single,Bachelor,1,0,0
46,35788.93,6260.48,726,3.0,0.267,36,2,Own,Auto,Married,Master,1,0,0
40,48241.56,3471.41,570,3.9,0.415,48,6,Own,Education,Single,Bachelor,0,0,1
60,49849.43,22225.28,491,5.0,0.208,60,5,Own,Medical,Single,Bachelor,0,0,0
32,16174.71,20037.15,472,15.8,0.211,36,7,Rent,Business,Divorced,High School,0,0,0
42,27334.67,18526.62,517,5.3,0.046,36,6,Own,Auto,Married,Bachelor,0,0,0
31,28326.77,33257.98,772,10.8,0.159,60,2,Rent,Home Improvement,Single,Bachelor,0,1,0
24,73941.76,8387.33,651,4.1,0.493,36,5,Mortgage,Medical,Married,Bachelor,0,0,0
32,75816.9,4906.03,695,,0.132,48,0,Mortgage,Debt Consolidation,Single,High School,1,0,0
39,57642.66,12720.61,698,0.4,0.278,60,4,Mortgage,Medical,Married,Master,1,0,0
34,74017.1,10475.03,655,0.7,0.198,36,3,Mortgage,Medical,Married,Bachelor,0,0,0
31,45158.12,7408.57,643,4.3,0.106,24,3,Mortgage,Medical,Single,Master,1,1,0
23,89408.04,12633.48,744,2.5,0.038,48,6,Rent,Education,Divorced,High School,0,0,0
39,49236.68,8706.95,663,8.0,0.311,48,5,Mortgage,Home Improvement,Married,Master,0,0,0
21,50459.79,3695.22,775,3.9,0.229,24,3,Rent,Auto,Single,Master,1,1,0
49,42924.74,9810.18,705,10.7,0.18,36,6,Mortgage,Business,Married,Bachelor,1,0,0
40,69025.08,6030.21,594,17.9,0.22,36,7,Rent,Education,Single,High School,0,0,0
22,39711.68,15711.59,605,0.8,0.013,48,2,Rent,Debt Consolidation,Married,Bachelor,0,0,0
36,79874.8,8440.32,584,2.5,0.284,24,3,Mortgage,Business,Married,Bachelor,0,0,1
30,27831.55,29089.78,759,5.5,0.148,36,2,Rent,Education,Single,Bachelor,0,0,0
43,28297.87,41056.57,613,1.8,0.559,48,2,Own,Home Improvement,Single,Master,0,1,0
56,69127.88,21494.81,578,1.6,0.284,36,4,Own,Business,Married,Master,1,0,0
21,46897.89,4511.03,678,8.4,0.175,60,3,Mortgage,Education,Married,Bachelor,1,0,0
41,39067.82,38316.55,641,19.7,0.131,60,4,Rent,Business,Single,Bachelor,0,0,0
38,76498.69,40255.6,676,7.4,0.419,12,2,Mortgage,Debt Consolidation,Single,High School,0,0,0
48,36183.89,13536.61,820,3.7,0.692,24,5,Mortgage,Medical,Single,Bachelor,0,1,0
42,44351.39,33726.81,732,2.9,0.507,12,5,Own,Auto,Single,Bachelor,0,0,0
30,98677.67,9079.98,652,3.9,0.228,36,3,Mortgage,Auto,Married,Bachelor,0,0,0
36,105828.08,3617.82,523,3.1,0.233,48,6,Mortgage,Education,Single,Master,0,0,0
30,107602.49,7846.33,605,3.5,0.302,36,3,Own,Business,Single,Bachelor,0,0,1
52,42571.36,44824.52,713,1.1,0.147,12,8,Mortgage,Debt Consolidation,Married,Bachelor,0,0,0
40,90703.52,4704.36,544,11.7,0.343,24,2,Own,Auto,Married,High School,0,1,0
62,30501.27,13355.25,842,7.0,0.064,24,2,Own,Auto,Married,High School,1,0,0
39,31149.35,13682.88,651,5.7,0.669,36,5,Mortgage,Auto,Married,Bachelor,0,0,1
31,15135.1,9329.33,654,15.0,0.224,48,1,Mortgage,Business,Single,High School,0,0,0
21,113145.98,9794.09,590,1.7,0.369,36,3,Rent,Home Improvement,Single,High School,1,0,0
21,31825.08,14052.76,694,0.4,0.124,24,8,Mortgage,Business,Single,Master,0,0,0
21,46015.51,9013.57,545,8.7,0.482,48,3,Own,Business,Single,Bachelor,0,0,0
43,31096.1,4937.23,844,32.2,0.148,60,6,Rent,Home Improvement,Single,PhD,0,0,0
46,69395.87,15529.9,768,4.3,0.07,24,9,Mortgage,Education,Married,High School,0,1,0
21,40626.8,28320.94,738,0.3,0.387,36,6,Mortgage,Auto,Single,Master,0,0,0
50,25529.54,24555.74,524,7.6,0.751,12,2,Mortgage,Business,Single,Bachelor,0,0,1
34,61134.48,7579.37,668,0.4,0.301,24,5,Rent,Medical,Married,Bachelor,0,0,0
41,23935.91,5564.38,758,3.9,0.053,48,7,Mortgage,Auto,Married,Master,0,0,0
59,32250.77,10949.71,703,1.6,0.243,36,3,Own,Education,Single,Bachelor,0,0,0
50,17095.24,40032.79,559,12.3,0.368,48,4,Mortgage,Auto,Single,High School,0,2,1
36,24053.14,20992.46,591,3.0,0.177,60,0,Mortgage,Auto,Divorced,Master,0,1,0
29,53597.87,21867.9,609,11.4,0.498,48,3,Own,Business,Single,Master,0,2,1
21,18356.37,24906.89,595,1.8,0.669,36,6,Mortgage,Debt Consolidation,Single,Bachelor,0,1,0
31,23375.11,17935.49,787,2.4,0.273,36,4,Rent,Debt Consolidation,Single,High School,0,0,0
37,48962.77,14536.62,477,14.7,0.203,24,2,Own,Home Improvement,Divorced,Master,0,0,0
28,37354.05,21239.43,709,1.1,0.252,48,6,Rent,Debt Consolidation,Single,Bachelor,0,1,0
38,132722.84,9115.06,533,,0.343,24,3,Mortgage,Auto,Married,Bachelor,0,0,0
40,122632.61,4963.55,563,2.5,0.196,12,3,Mortgage,Medical,Married,PhD,0,1,0
37,31762.41,22161.19,469,,0.304,24,3,Mortgage,Medical,Married,High School,0,0,0
32,64768.12,31774.41,600,0.7,0.01,24,1,Own,Auto,Married,High School,1,0,0
42,71299.26,6107.29,785,2.9,0.174,48,5,Mortgage,Education,Married,Bachelor,0,1,0
45,36361.31,23750.17,673,6.0,0.3,60,4,Mortgage,Business,Single,High School,0,0,1
26,23207.46,43327.2,542,2.6,0.158,60,4,Own,Business,Single,Bachelor,1,0,0
56,48720.29,13338.74,741,0.3,0.255,48,6,Rent,Auto,Single,High School,0,0,0
38,44962.19,7535.64,760,6.1,0.31,24,2,Rent,Auto,Single,Master,0,1,0
40,39423.52,14561.16,659,3.5,0.103,24,3,Mortgage,Home Improvement,Married,High School,1,1,1
48,61154.48,9087.24,833,0.1,0.159,24,1,Mortgage,Business,Married,Master,0,2,0
42,33679.18,8675.77,723,4.7,0.609,24,5,Mortgage,Debt Consolidation,Single,Master,1,1,1
51,27556.71,18092.07,711,12.6,0.149,36,4,Own,Education,Married,High School,0,0,1
43,51768.73,4347.64,577,0.6,0.123,60,1,Own,Education,Single,Master,1,1,1
32,59455.6,4862.22,706,4.5,0.468,48,3,Mortgage,Debt Consolidation,Single,Bachelor,0,1,0
44,27219.19,13541.36,669,6.5,0.369,48,2,Own,Business,Divorced,Bachelor,0,0,0
26,77967.34,13152.72,696,0.4,0.428,36,1,Own,Medical,Single,High School,0,0,0
41,20226.71,16991.83,588,0.1,0.432,36,7,Own,Auto,Single,Bachelor,1,1,1
39,36715.1,49645.24,661,3.1,0.409,60,4,Rent,Education,Single,Master,1,0,1
37,43087.82,14373.76,576,7.8,0.567,48,5,Own,Home Improvement,Divorced,Bachelor,0,0,1
38,35663.68,20306.99,456,0.9,0.37,36,2,Mortgage,Home Improvement,Single,Bachelor,0,0,0
21,36955.5,6748.85,739,9.1,0.449,36,5,Mortgage,Education,Married,Master,0,0,0
33,124933.55,22869.43,514,5.3,0.464,12,5,Mortgage,Home Improvement,Married,Bachelor,0,0,0
41,32034.15,9242.12,659,2.0,0.041,48,4,Own,Debt Consolidation,Divorced,PhD,0,0,0
41,166144.12,14044.62,679,3.6,0.277,24,5,Rent,Education,Married,Bachelor,1,1,0
27,60995.99,12379.61,679,16.8,0.228,36,7,Own,Medical,Married,Bachelor,0,0,0
55,51329.84,27531.39,624,1.2,0.09,48,3,Rent,Medical,Married,High School,0,0,0
29,62200.62,5340.19,674,3.5,0.377,48,1,Mortgage,Education,Single,Bachelor,1,0,0
51,173678.97,2701.96,692,4.9,0.252,12,3,Own,Home Improvement,Married,Bachelor,0,0,0
45,29828.02,11505.69,716,0.7,0.263,12,7,Rent,Auto,Married,High School,0,0,0
32,27995.28,18545.3,806,0.2,0.279,48,7,Mortgage,Auto,Married,High School,1,0,0
61,33609.6,14862.38,671,0.1,0.308,36,6,Rent,Education,Single,Bachelor,0,0,0
25,49815.01,31651.57,655,2.0,0.263,24,7,Rent,Auto,Divorced,Bachelor,0,0,0
51,20683.97,18145.19,568,0.4,0.161,60,5,Own,Home Improvement,Married,Master,0,0,0
52,49571.41,9002.94,689,8.1,0.09,48,2,Rent,Auto,Single,Bachelor,0,1,0
31,114321.92,2623.35,710,29.6,0.361,36,5,Own,Business,Married,Master,0,0,0
56,52875.94,11314.96,632,0.3,0.184,48,5,Mortgage,Home Improvement,Single,High School,0,0,0
36,42347.19,27434.9,699,2.8,0.089,24,9,Mortgage,Medical,Divorced,High School,0,1,0
43,35987.24,10153.43,623,0.1,0.023,60,4,Mortgage,Debt Consolidation,Married,High School,0,0,0
43,76822.73,13627.22,710,0.7,0.245,60,5,Rent,Education,Single,High School,0,0,0
38,32437.93,17942.94,732,1.9,0.502,48,5,Rent,Business,Married,Master,0,0,0
49,123401.43,6563.61,730,2.5,0.222,48,4,Mortgage,Debt Consolidation,Married,Bachelor,1,0,0
49,128885.52,20666.41,660,14.0,0.373,48,1,Own,Business,Married,Bachelor,1,1,0
21,55735.66,42023.54,556,2.5,0.067,48,6,Own,Home Improvement,Single,Master,0,1,1
55,48739.37,11837.53,594,3.4,0.177,36,3,Rent,Medical,Single,Bachelor,1,0,1
21,82070.17,6061.15,703,1.4,0.242,36,3,Rent,Business,Single,Bachelor,1,1,0
52,84744.76,12751.18,850,0.0,0.194,24,4,Rent,Home Improvement,Single,Bachelor,0,0,0
53,32761.33,2815.6,619,11.5,0.252,36,1,Own,Medical,Married,Bachelor,0,0,0
26,37673.89,16912.91,691,0.4,0.396,36,3,Own,Debt Consolidation,Single,Bachelor,0,0,0
35,25306.75,18335.46,599,16.7,0.281,24,3,Mortgage,Business,Single,Bachelor,0,0,0
26,60146.14,43171.91,562,0.7,0.105,48,4,Rent,Home Improvement,Married,Bachelor,0,0,0
37,68412.71,11663.31,589,4.6,0.133,36,6,Mortgage,Business,Married,PhD,0,0,0
36,24960.18,17781.96,462,37.2,0.133,36,5,Rent,Auto,Single,Master,1,0,0
49,39042.28,7310.73,771,0.7,0.458,24,8,Own,Business,Divorced,Bachelor,1,1,1
55,24993.55,10409.78,449,2.8,0.305,36,4,Own,Education,Married,Bachelor,0,1,1
56,31275.81,4593.37,626,7.6,0.2,48,1,Rent,Medical,Single,Bachelor,0,0,0
33,64570.22,11656.83,543,0.2,0.134,36,3,Rent,Education,Divorced,Bachelor,1,0,0
37,33970.88,10789.01,570,5.9,0.264,36,4,Rent,Auto,Married,Master,0,2,0
21,42175.17,16472.37,773,0.4,0.196,48,6,Mortgage,Education,Single,Master,0,0,0
30,21727.72,8634.16,668,1.3,0.239,36,2,Mortgage,Medical,Single,High School,0,0,0
51,53825.1,14162.34,563,,0.347,36,4,Rent,Debt Consolidation,Married,High School,1,0,0
59,47947.57,10579.08,596,11.9,0.405,12,2,Mortgage,Auto,Divorced,Bachelor,1,0,0
25,34047.79,10593.02,581,1.0,0.326,36,2,Rent,Auto,Single,Master,0,0,1
32,44600.17,14132.8,646,0.2,0.425,48,3,Mortgage,Medical,Married,Bachelor,0,0,0
39,53645.21,13744.12,665,4.4,0.07,36,2,Rent,Home Improvement,Single,High School,0,2,0
43,32616.25,22761.41,820,2.1,0.309,24,12,Mortgage,Business,Married,Bachelor,0,0,0
30,23432.25,12277.82,477,2.6,0.442,24,5,Own,Debt Consolidation,Divorced,Bachelor,0,1,0
45,120908.24,10457.56,646,0.6,0.209,24,1,Own,Debt Consolidation,Single,High School,0,1,0
34,35716.34,11771.48,621,6.9,0.041,12,7,Rent,Home Improvement,Single,Master,0,0,0
39,46705.63,8100.94,735,4.6,0.201,36,3,Mortgage,Medical,Single,Bachelor,1,0,0
46,81260.87,10384.42,681,2.3,0.393,24,4,Own,Debt Consolidation,Single,Master,1,0,1
40,250000.0,55370.99,703,0.9,0.465,48,2,Own,Business,Single,Bachelor,0,0,0
34,26311.38,7052.41,681,4.5,0.155,60,2,Own,Home Improvement,Married,Bachelor,1,0,1
38,61384.56,10992.19,566,7.5,0.181,12,7,Own,Auto,Single,Master,0,0,0
38,34414.18,10185.88,759,1.9,0.4,60,1,Rent,Business,Married,Bachelor,1,0,0
35,37444.12,11237.14,721,0.1,0.168,48,0,Mortgage,Education,Single,Master,0,0,0
36,34197.03,10594.95,732,1.2,0.338,60,4,Mortgage,Medical,Single,Bachelor,1,0,0
59,27922.07,16243.82,763,5.7,0.159,24,3,Rent,Medical,Single,High School,0,1,0
46,48019.11,4035.47,687,22.6,0.129,60,5,Rent,Home Improvement,Single,Master,0,1,0
36,23452.88,27612.39,783,0.1,0.154,60,3,Rent,Auto,Single,Bachelor,0,0,0
48,78700.42,20802.07,683,1.8,0.094,60,5,Rent,Education,Married,PhD,0,0,0
35,50387.65,5597.02,630,0.3,0.363,48,3,Own,Auto,Divorced,Master,1,0,0
54,60549.56,2728.88,649,1.9,0.03,12,5,Rent,Education,Married,High School,0,1,0
44,38828.34,6741.58,647,2.6,0.155,24,7,Rent,Home Improvement,Single,PhD,1,0,0
38,40798.4,11272.64,603,12.7,0.317,60,1,Mortgage,Home Improvement,Single,Bachelor,1,1,0
45,56601.0,81324.64,796,0.4,0.379,24,5,Mortgage,Education,Married,Bachelor,0,0,0
21,27391.13,19541.19,676,7.5,0.438,36,2,Rent,Home Improvement,Single,High School,0,1,1
26,40986.78,3769.46,658,2.5,0.124,12,2,Own,Education,Single,High School,0,0,0
25,31894.64,8244.0,684,8.3,0.474,48,2,Own,Auto,Single,High School,1,1,0
41,31404.79,12871.25,850,3.6,0.388,36,8,Mortgage,Medical,Divorced,High School,0,0,0
60,17070.05,15955.81,548,0.2,0.401,60,4,Rent,Medical,Married,High School,1,0,0
66,95766.03,5322.38,573,14.6,0.685,60,2,Mortgage,Business,Married,Bachelor,0,1,1
47,34777.66,12155.13,525,0.4,0.282,36,6,Mortgage,Education,Married,Bachelor,1,0,0
46,87700.95,8084.09,629,4.6,0.33,48,5,Mortgage,Medical,Married,High School,0,0,0
21,83649.95,6169.47,672,10.5,0.361,36,5,Own,Home Improvement,Married,Bachelor,0,0,0
33,25770.87,16021.98,608,0.4,0.165,24,3,Mortgage,Business,Married,Bachelor,0,0,0
30,28446.9,22964.71,601,4.0,0.677,60,2,Mortgage,Education,Single,Bachelor,1,0,0
32,176354.5,24070.18,662,8.7,0.22,36,5,Mortgage,Debt Consolidation,Single,Bachelor,0,1,0
37,117649.24,19971.68,604,21.5,0.344,36,6,Own,Auto,Married,Bachelor,0,0,0
34,48254.33,9431.79,677,6.4,0.153,12,4,Mortgage,Business,Married,High School,1,0,0
21,55753.0,22030.54,950,1.6,0.044,48,7,Rent,Education,Married,Bachelor,0,1,0
48,35759.7,16586.4,710,6.0,0.378,36,3,Rent,Debt Consolidation,Single,High School,0,1,0
27,60850.56,14672.93,729,6.1,0.331,24,3,Own,Home Improvement,Single,High School,0,0,0
42,34248.88,8706.41,747,6.0,0.073,60,3,Rent,Medical,Single,High School,0,0,0
64,17744.36,9435.05,675,9.6,0.224,24,8,Mortgage,Medical,Single,Master,0,0,0
28,25316.77,14068.88,635,0.5,0.078,36,4,Rent,Business,Married,Bachelor,1,0,0
21,49540.53,73711.35,580,0.6,0.168,48,2,Rent,Education,Single,PhD,0,0,0
36,27846.61,16495.94,614,5.1,0.258,48,1,Rent,Debt Consolidation,Married,High School,1,0,1
53,47399.23,8709.49,602,15.4,0.091,48,5,Mortgage,Medical,Single,High School,0,2,0
63,28643.15,7460.12,715,3.1,0.111,60,5,Mortgage,Education,Single,Bachelor,0,2,0
25,33150.83,9468.86,681,16.2,0.36,24,3,Mortgage,Home Improvement,Married,Bachelor,1,2,1
45,75100.51,61334.97,712,13.9,0.239,60,6,Mortgage,Debt Consolidation,Married,Bachelor,0,0,0
34,55477.91,10102.32,545,11.7,0.557,12,1,Rent,Debt Consolidation,Divorced,Master,1,0,1
38,48784.49,25205.3,778,12.0,0.418,24,2,Rent,Medical,Single,High School,0,1,0
70,76075.53,10268.64,611,11.4,0.192,12,2,Own,Business,Married,Bachelor,0,0,0
21,62336.62,16039.81,550,8.6,0.729,60,5,Mortgage,Business,Single,Master,0,0,0
43,101041.0,23253.75,610,5.9,0.552,36,7,Own,Business,Single,High School,0,0,1
45,38951.41,8952.32,850,0.1,0.293,36,9,Rent,Medical,Married,Bachelor,0,0,0
53,39544.52,8528.95,615,0.7,0.13,24,3,Rent,Auto,Divorced,Master,0,0,0
41,25576.91,42668.18,620,0.7,0.395,24,3,Rent,Home Improvement,Single,Bachelor,0,0,1
43,39557.46,26614.59,632,0.1,0.402,48,2,Rent,Home Improvement,Single,Bachelor,0,0,0
35,79410.43,23236.29,636,0.6,0.21,12,4,Own,Business,Divorced,Bachelor,1,0,1
43,93900.75,23181.12,579,12.6,0.291,36,4,Own,Business,Married,Bachelor,0,1,0
35,79233.35,18429.41,662,5.5,0.238,48,7,Mortgage,Home Improvement,Single,Bachelor,1,1,0
47,19988.33,54854.7,746,1.9,0.485,48,3,Rent,Medical,Married,High School,1,0,1
35,84252.42,13776.72,678,7.9,0.434,48,1,Mortgage,Debt Consolidation,Married,High School,1,2,0
44,19550.2,20011.93,549,3.4,0.257,24,4,Rent,Home Improvement,Married,High School,0,0,0
39,76807.58,4838.5,619,0.8,0.409,12,7,Own,Home Improvement,Married,High School,0,0,1
53,40786.55,7499.02,600,10.8,0.202,48,2,Rent,Debt Consolidation,Divorced,High School,0,0,0
39,69652.0,5764.23,654,2.1,0.159,48,5,Rent,Debt Consolidation,Single,Bachelor,0,0,0
21,25179.26,32592.73,769,6.0,0.246,36,6,Mortgage,Auto,Single,Master,0,1,0
55,88043.28,2237.74,636,1.7,0.572,48,3,Rent,Education,Married,High School,0,1,1
29,23564.88,10080.75,642,3.5,0.105,36,2,Rent,Home Improvement,Single,High School,1,1,0
32,35093.55,1643.21,809,8.5,0.305,24,7,Mortgage,Debt Consolidation,Married,Bachelor,0,0,0
32,29760.96,7465.88,728,0.9,0.192,36,2,Rent,Education,Single,High School,1,0,0
56,20391.18,9474.28,701,18.9,0.389,24,5,Mortgage,Home Improvement,Single,Bachelor,0,0,0
21,51393.34,35221.42,826,0.4,0.029,36,4,Mortgage,Debt Consolidation,Divorced,Bachelor,0,0,0
70,120939.36,17634.98,694,3.8,0.148,24,4,Mortgage,Business,Single,High School,0,0,0
52,185990.82,7456.2,471,12.4,0.271,24,6,Own,Education,Married,PhD,1,1,1
42,51460.92,28174.56,724,14.6,0.039,60,7,Mortgage,Business,Married,High School,0,0,0
39,85677.08,13527.54,506,1.3,0.685,24,1,Mortgage,Education,Single,Master,1,0,0
43,55052.76,13715.7,690,0.8,0.5,24,3,Mortgage,Business,Married,Bachelor,0,1,0
46,62908.82,5756.76,495,6.4,0.167,60,3,Mortgage,Home Improvement,Married,High School,0,0,0
47,41312.72,6680.78,607,0.2,0.123,36,2,Mortgage,Home Improvement,Married,High School,1,0,1
46,54043.17,7498.3,617,3.3,0.057,36,4,Rent,Home Improvement,Married,Bachelor,0,0,0
41,64134.6,13801.37,580,8.0,0.238,48,5,Mortgage,Medical,Single,Bachelor,0,0,0
37,36708.74,14108.32,618,4.1,0.367,36,5,Mortgage,Education,Married,Master,0,0,0
38,47157.71,39374.15,742,1.0,0.164,24,2,Rent,Business,Single,High School,0,0,0
37,47609.37,17492.69,585,3.3,0.052,36,3,Mortgage,Debt Consolidation,Single,Master,0,0,1
53,74102.29,2007.62,699,12.7,0.273,48,4,Own,Education,Single,High School,1,0,0
47,28766.99,16056.18,563,4.8,0.156,60,3,Rent,Education,Married,Master,0,0,0
21,47773.62,4841.54,632,6.4,0.229,24,5,Rent,Auto,Married,Bachelor,0,0,0
47,127516.72,6794.17,679,2.0,0.222,24,6,Own,Medical,Married,Master,0,0,0
42,87730.95,7566.47,560,1.0,0.226,36,3,Rent,Education,Married,Bachelor,0,1,1
39,96238.96,8397.28,531,1.5,0.486,36,5,Mortgage,Home Improvement,Divorced,High School,0,1,0
35,49623.31,5102.04,694,3.8,0.495,24,6,Own,Education,Divorced,Bachelor,0,0,0
53,57555.14,15404.85,751,1.6,0.545,60,4,Mortgage,Business,Single,High School,0,1,0
51,80912.05,4976.28,642,3.9,0.261,60,5,Rent,Medical,Single,High School,0,1,0
30,106951.18,17148.52,608,6.2,0.06,48,5,Mortgage,Business,Single,Master,0,0,0
44,18475.46,63951.47,664,6.6,0.308,60,4,Mortgage,Debt Consolidation,Married,Bachelor,0,1,1
28,25394.28,5268.22,654,0.9,0.478,24,4,Own,Auto,Single,Master,0,0,0
23,94345.8,10947.24,671,6.9,0.36,48,4,Rent,Medical,Divorced,Master,0,0,0
32,42682.97,2283.76,422,5.6,0.31,48,8,Own,Auto,Married,High School,0,0,0
50,35036.29,10822.1,553,0.1,0.47,24,5,Own,Medical,Single,Master,0,0,1
51,26184.41,20950.17,573,0.3,0.446,36,4,Rent,Business,Single,Master,0,0,0
46,37141.55,22124.65,663,5.2,0.457,36,1,Rent,Home Improvement,Single,High School,0,0,0
48,24314.19,14103.17,666,2.4,0.274,48,4,Mortgage,Business,Married,High School,1,0,0
46,139461.96,24896.55,707,0.8,0.451,60,5,Own,Home Improvement,Divorced,High School,0,0,0
32,48473.96,79398.77,673,0.2,0.127,48,3,Mortgage,Home Improvement,Married,High School,0,0,0
45,47620.79,44294.39,532,0.9,0.424,48,9,Rent,Home Improvement,Married,High School,1,0,1
49,65777.84,9267.19,780,15.8,0.262,24,8,Mortgage,Business,Single,High School,0,0,0
49,79314.21,4837.86,764,6.5,0.215,48,2,Own,Business,Divorced,Bachelor,0,0,0
54,78664.25,10053.68,536,3.8,0.18,48,5,Rent,Auto,Single,Master,0,0,0
48,83852.2,6885.08,679,14.2,0.085,24,5,Rent,Medical,Divorced,Bachelor,0,0,0
44,35759.71,18323.57,596,4.8,0.153,60,2,Mortgage,Home Improvement,Married,Bachelor,0,1,0
52,42237.62,5843.96,662,6.5,0.399,36,7,Rent,Debt Consolidation,Married,High School,1,0,0
39,72006.8,12695.77,744,1.7,0.499,48,6,Own,Debt Consolidation,Married,High School,1,0,0
29,37658.18,24019.23,841,4.4,0.172,36,4,Mortgage,Home Improvement,Single,Bachelor,0,0,0
38,48895.8,12450.46,717,0.8,0.089,60,7,Own,Medical,Married,High School,1,0,0
31,59837.14,6888.3,676,2.6,0.35,24,1,Rent,Business,Divorced,Master,0,0,0
31,72590.73,30405.23,619,0.2,0.267,36,2,Rent,Auto,Single,High School,1,0,1
38,20154.03,3585.72,666,1.2,0.08,12,4,Rent,Debt Consolidation,Single,Bachelor,0,0,0
30,70078.61,10620.52,772,0.4,0.201,24,1,Mortgage,Medical,Married,Bachelor,0,2,1
36,43614.2,12975.76,645,2.5,0.512,24,6,Mortgage,Business,Married,Bachelor,0,0,1
21,69823.71,13509.33,570,9.3,0.16,36,4,Rent,Education,Single,Master,0,0,0
42,72291.79,15158.96,504,2.4,0.382,48,2,Rent,Education,Married,Bachelor,0,0,0
40,109530.41,20482.13,696,8.9,0.174,36,1,Own,Home Improvement,Single,Bachelor,0,0,0
30,96444.87,13032.67,672,5.3,0.376,36,3,Own,Business,Divorced,Bachelor,0,0,0
47,96113.57,10325.37,591,3.6,0.487,60,5,Rent,Business,Married,Bachelor,0,0,1
51,100894.95,10043.57,742,1.4,0.306,48,2,Mortgage,Education,Single,Master,0,0,0
21,56709.07,8707.49,612,12.8,0.069,12,5,Own,Education,Divorced,High School,1,0,0
30,49816.05,23185.45,637,0.3,0.423,24,4,Rent,Business,Single,Bachelor,0,2,0
30,75842.08,8496.67,648,5.8,0.304,12,0,Rent,Education,Married,Master,1,0,1
28,70688.66,24166.91,618,4.9,0.565,12,8,Own,Auto,Married,Master,0,0,0
49,42001.76,13538.59,671,2.9,0.103,36,7,Mortgage,Debt Consolidation,Married,Bachelor,0,0,0
37,60018.71,9275.41,753,1.4,0.239,48,2,Rent,Debt Consolidation,Divorced,Bachelor,1,0,0
36,48168.08,20596.68,547,,0.706,24,6,Own,Auto,Married,Master,0,0,0
21,31985.36,8028.73,693,10.3,0.152,36,2,Rent,Medical,Divorced,High School,1,0,0
47,93454.54,20883.8,665,9.1,0.091,36,4,Own,Business,Married,High School,0,0,0
25,50392.6,15504.85,663,14.2,0.334,36,3,Own,Home Improvement,Married,High School,1,0,0
40,136537.44,8800.58,728,1.8,0.343,60,3,Rent,Education,Married,High School,0,0,1
43,21747.5,19342.2,654,2.4,0.168,60,3,Own,Auto,Single,Bachelor,0,0,0
56,37108.84,19586.83,693,0.1,0.446,48,3,Own,Business,Single,High School,0,1,0
24,49827.36,30039.36,714,14.3,0.286,36,2,Rent,Business,Married,Bachelor,1,0,0
21,86568.44,26273.15,604,2.0,0.328,48,2,Mortgage,Debt Consolidation,Single,Bachelor,1,1,0
42,59858.26,18842.91,676,2.6,0.355,48,2,Mortgage,Auto,Single,High School,0,0,0
61,57253.06,6067.41,627,11.9,0.353,36,7,Rent,Education,Divorced,High School,1,0,0
54,27899.61,74162.28,638,3.7,0.458,48,4,Rent,Home Improvement,Divorced,Bachelor,0,0,1
42,27488.67,5001.38,621,4.2,0.403,36,6,Rent,Education,Married,Bachelor,1,0,1
34,57598.53,25964.47,692,,0.064,60,1,Own,Auto,Divorced,Bachelor,1,0,0
49,24783.84,18068.02,657,3.5,0.191,12,2,Mortgage,Home Improvement,Single,Bachelor,0,0,1
28,,5872.88,685,12.5,0.36,36,6,Rent,Education,Single,Bachelor,0,1,0
45,62972.83,12246.43,648,4.1,0.202,36,3,Own,Business,Divorced,Master,1,0,0
46,29996.56,12643.18,505,1.5,0.221,48,3,Mortgage,Education,Married,High School,1,0,0
52,109390.35,33319.83,652,,0.424,24,5,Own,Home Improvement,Married,Bachelor,0,0,0
70,90397.16,8108.62,655,2.0,0.211,36,3,Mortgage,Business,Married,Bachelor,0,0,0
44,22343.48,11121.53,671,4.3,0.245,48,8,Own,Education,Single,High School,1,1,0
33,30755.2,2603.86,596,0.2,0.26,48,6,Mortgage,Education,Married,High School,0,0,0
39,15632.56,44996.23,542,4.7,0.345,36,2,Own,Education,Single,High School,0,0,1
21,33146.89,6314.93,706,,0.653,36,4,Rent,Education,Married,Master,0,0,0
31,71911.7,16795.02,625,7.6,0.291,48,0,Own,Education,Single,Master,0,0,0
35,39856.97,12444.26,665,0.1,0.234,48,2,Rent,Home Improvement,Married,Master,0,0,0
33,61722.18,12473.97,624,7.6,0.14,60,5,Own,Debt Consolidation,Divorced,High School,0,0,0
41,22898.64,23550.52,649,,0.341,48,5,Mortgage,Auto,Single,High School,0,1,0
30,73056.44,43039.94,609,2.3,0.171,24,3,Rent,Debt Consolidation,Married,Bachelor,0,0,0
53,37139.83,15931.37,562,16.8,0.191,48,3,Own,Medical,Married,High School,0,1,0
40,49319.99,21132.23,692,0.9,0.475,12,6,Rent,Auto,Married,High School,0,0,0
39,46796.46,16818.32,595,3.9,0.228,36,6,Rent,Auto,Married,PhD,0,1,0
36,25957.76,27235.38,664,1.9,0.734,36,2,Mortgage,Home Improvement,Single,Bachelor,0,1,1
41,27541.74,9662.03,686,3.7,0.552,60,2,Own,Business,Divorced,PhD,0,0,0
49,79530.61,28361.09,597,4.0,0.177,24,5,Mortgage,Home Improvement,Married,High School,0,0,0
29,59843.98,29066.74,541,0.5,0.479,48,6,Rent,Auto,Single,Bachelor,1,0,0
32,82869.68,28503.32,850,5.4,0.218,24,8,Rent,Debt Consolidation,Single,High School,0,0,0
36,57660.59,8416.06,602,5.0,0.101,60,1,Rent,Business,Single,Bachelor,0,0,0
23,52653.89,11874.68,706,7.3,0.239,36,3,Rent,Home Improvement,Single,Bachelor,0,0,0
30,20681.5,15797.81,824,0.5,0.477,48,4,Rent,Debt Consolidation,Married,Bachelor,0,0,0
34,42822.4,5117.44,721,1.8,0.171,48,6,Own,Home Improvement,Single,Master,0,0,0
50,48354.17,40800.28,622,5.3,0.222,36,5,Mortgage,Education,Married,Bachelor,1,1,0
43,130164.41,13245.41,643,0.7,0.269,60,6,Rent,Auto,Married,Bachelor,1,1,1
42,69111.63,16297.22,575,5.7,0.377,48,5,Rent,Home Improvement,Single,Bachelor,0,0,0
50,105665.17,8920.41,729,0.3,0.093,36,4,Own,Debt Consolidation,Married,Master,0,1,0
38,66089.74,5277.38,700,2.0,0.459,36,6,Rent,Education,Single,Bachelor,1,0,0
44,34349.69,8753.24,603,9.4,0.161,60,3,Mortgage,Debt Consolidation,Married,Master,0,0,0
38,51977.29,15575.32,556,,0.526,12,6,Mortgage,Education,Divorced,Master,0,0,1
43,55166.54,21405.44,531,5.2,0.384,36,5,Own,Debt Consolidation,Married,High School,0,0,0
33,30651.05,14961.78,738,10.2,0.519,48,7,Rent,Home Improvement,Single,Bachelor,1,2,1
21,40449.37,17029.57,660,,0.18,12,5,Own,Education,Single,Master,0,0,0
38,44228.14,10552.11,669,3.7,0.215,48,3,Rent,Auto,Single,Master,0,0,0
57,109404.79,18908.64,575,,0.349,36,1,Mortgage,Medical,Married,Bachelor,1,2,0
51,17320.22,37721.41,518,5.9,0.448,24,2,Rent,Medical,Married,Bachelor,0,1,1
51,89581.96,21880.53,736,4.6,0.256,48,3,Own,Medical,Divorced,High School,0,1,0
54,30687.25,23545.25,653,2.6,0.508,48,3,Mortgage,Business,Married,High School,1,1,1
41,24685.23,16412.71,731,11.6,0.13,36,5,Own,Auto,Married,High School,0,0,0
42,88430.4,4664.76,615,1.8,0.227,24,6,Rent,Auto,Single,PhD,0,0,0
32,70682.2,6430.02,628,0.0,0.329,36,5,Mortgage,Business,Single,Bachelor,0,1,0
36,91790.07,18368.88,714,1.1,0.215,60,3,Rent,Medical,Single,Bachelor,0,0,0
47,73156.11,13257.82,715,0.6,0.05,24,1,Rent,Education,Single,High School,0,1,0
54,,18176.59,721,1.9,0.166,24,5,Own,Medical,Married,Bachelor,0,1,0
38,64819.51,43195.71,623,8.7,0.182,60,2,Mortgage,Education,Divorced,Master,1,0,0
34,45331.68,22208.39,705,5.3,0.273,60,7,Own,Education,Married,Bachelor,0,0,1
40,58189.67,32248.29,749,0.9,0.241,48,2,Own,Business,Married,High School,0,0,1
47,91284.34,14275.17,640,7.8,0.264,24,6,Mortgage,Debt Consolidation,Married,Master,1,0,0
22,33200.24,7592.75,603,,0.156,24,4,Own,Education,Single,Master,1,0,0
21,35385.44,12829.39,770,3.6,0.36,24,2,Mortgage,Auto,Single,Bachelor,1,0,0
33,42003.99,7605.86,591,2.2,0.118,48,3,Own,Medical,Single,Bachelor,0,1,1
25,17114.97,39767.55,706,10.0,0.392,36,6,Own,Medical,Single,Master,0,0,0
33,52524.72,23231.72,644,1.9,0.609,12,5,Mortgage,Business,Single,High School,0,0,0
38,19090.3,19232.54,484,0.5,0.479,24,5,Mortgage,Home Improvement,Married,Master,0,0,1
34,50338.71,31734.52,751,1.8,0.127,60,3,Own,Education,Divorced,High School,0,0,0
57,75557.17,3248.54,401,6.3,0.274,48,3,Mortgage,Auto,Single,PhD,1,1,1
43,38621.4,20164.86,471,5.4,0.438,48,7,Rent,Education,Married,Master,0,1,0
43,113386.54,5337.69,697,1.0,0.263,12,6,Rent,Auto,Single,High School,1,0,0
47,23617.65,13292.04,697,0.6,0.553,60,6,Rent,Auto,Married,Bachelor,0,0,1
26,88932.27,10740.8,592,5.4,0.255,36,2,Rent,Debt Consolidation,Single,PhD,0,0,0
52,68704.4,21230.96,663,5.6,0.403,36,4,Mortgage,Education,Single,Bachelor,1,0,0
39,,15673.57,422,2.3,0.21,60,9,Mortgage,Home Improvement,Single,Bachelor,0,0,1
48,190117.42,34254.8,713,9.3,0.349,12,2,Own,Auto,Single,Master,1,0,0
27,47483.02,8766.32,672,19.1,0.211,36,6,Own,Debt Consolidation,Divorced,Bachelor,1,1,0
21,31610.92,21946.88,645,1.2,0.201,48,7,Mortgage,Debt Consolidation,Single,High School,0,0,0
49,24256.9,14966.3,651,4.3,0.465,12,4,Rent,Education,Single,Bachelor,0,0,0
44,43914.11,4252.65,694,0.0,0.029,36,1,Mortgage,Debt Consolidation,Single,Bachelor,0,0,0
29,45995.4,7023.16,647,6.2,0.059,60,1,Own,Auto,Married,High School,0,0,0
29,51602.36,12029.12,481,2.7,0.086,24,8,Mortgage,Auto,Married,High School,0,1,0
53,42239.11,29103.24,847,1.1,0.552,36,2,Own,Business,Divorced,High School,0,0,0
25,67279.62,18482.99,758,7.0,0.134,48,1,Mortgage,Education,Married,High School,0,1,0
59,40383.84,5900.25,534,8.3,0.785,36,3,Own,Business,Married,High School,0,0,1
29,18629.8,12109.9,618,0.6,0.067,36,4,Rent,Home Improvement,Single,Master,1,1,0
47,45493.25,54855.87,628,0.2,0.049,12,2,Rent,Business,Single,Bachelor,0,0,1
36,15006.84,14441.43,747,2.0,0.175,24,2,Own,Education,Divorced,Bachelor,1,0,1
47,58506.04,10624.01,455,4.9,0.251,60,4,Own,Education,Married,PhD,0,0,0
33,30041.95,18849.05,605,7.9,0.362,48,4,Rent,Auto,Married,Bachelor,0,0,1
38,53192.9,22796.79,491,3.9,0.169,36,5,Rent,Business,Single,Bachelor,1,0,1
40,94564.51,9707.77,624,4.3,0.557,36,4,Rent,Home Improvement,Single,Bachelor,0,0,0
27,30504.38,18992.56,607,8.0,0.453,36,2,Mortgage,Auto,Married,Bachelor,1,1,0
48,83335.35,10612.39,657,3.8,0.207,36,1,Own,Medical,Married,High School,0,0,0
33,39470.36,22104.34,595,4.7,0.42,48,5,Mortgage,Medical,Married,PhD,1,0,1
37,117782.78,15044.76,582,3.6,0.218,12,1,Rent,Medical,Married,Bachelor,0,0,0
28,40840.26,18720.56,705,10.6,0.168,60,3,Own,Home Improvement,Single,Master,0,0,0
21,32201.02,7852.38,690,1.3,0.406,36,7,Rent,Home Improvement,Married,High School,1,1,1
37,69121.37,7518.33,699,,0.197,60,3,Mortgage,Auto,Single,High School,0,1,0
68,39423.02,25896.11,634,0.7,0.367,36,6,Own,Medical,Married,Bachelor,0,0,0
49,32185.63,12637.48,598,8.6,0.25,48,0,Mortgage,Education,Single,Master,0,0,1
39,38602.8,16309.85,639,2.7,0.458,48,4,Mortgage,Debt Consolidation,Married,Bachelor,0,1,1
36,47939.58,10780.81,695,2.1,0.329,36,4,Own,Business,Single,Master,0,0,0
40,95902.76,25062.02,454,19.9,0.393,48,7,Mortgage,Education,Married,Bachelor,1,0,0
46,18637.97,8730.11,685,13.1,0.244,48,5,Mortgage,Medical,Married,Master,0,0,0
25,49589.79,12149.94,677,17.9,0.506,36,5,Rent,Medical,Married,Bachelor,1,0,0
53,67000.26,23160.3,655,0.8,0.16,36,4,Own,Medical,Single,Bachelor,0,0,0
48,53999.19,30365.96,636,11.1,0.405,36,1,Rent,Medical,Married,Master,1,0,0
48,94365.67,9259.16,419,2.0,0.072,36,7,Own,Education,Married,Master,0,0,0
45,47232.02,52668.81,610,0.1,0.355,36,4,Rent,Auto,Divorced,High School,0,1,0
40,44699.8,16635.08,811,2.5,0.359,12,3,Mortgage,Business,Married,High School,0,0,0
48,65917.86,6437.85,651,3.6,0.599,60,10,Rent,Medical,Married,Bachelor,0,1,0
47,51516.47,17297.83,622,0.6,0.395,48,8,Own,Auto,Single,High School,0,0,1
35,40327.77,10217.94,651,3.9,0.117,36,5,Own,Education,Single,High School,1,0,0
33,63454.1,18103.27,681,8.6,0.278,12,4,Own,Medical,Married,High School,0,0,1
41,35374.12,12964.9,709,2.4,0.177,48,1,Mortgage,Education,Single,Bachelor,0,0,0
58,36113.12,14072.69,629,2.2,0.151,12,2,Mortgage,Debt Consolidation,Divorced,High School,0,0,0
25,37646.79,7057.77,688,2.1,0.249,48,2,Own,Education,Single,High School,0,1,0
22,96426.33,26716.67,800,12.8,0.016,12,2,Mortgage,Auto,Married,High School,1,0,0
41,15000.0,5947.41,740,0.2,0.602,48,2,Own,Debt Consolidation,Married,Master,0,1,0
40,59742.53,6147.89,850,2.9,0.328,36,6,Own,Medical,Married,High School,0,0,0
42,49868.06,17277.36,590,1.5,0.12,48,8,Own,Business,Married,Bachelor,0,0,0
42,21153.59,41027.22,800,11.2,0.177,24,3,Rent,Auto,Single,High School,1,0,0
37,57231.71,10437.76,578,0.5,0.258,24,3,Mortgage,Debt Consolidation,Married,High School,0,0,0
57,62185.43,21822.15,681,2.7,0.148,24,2,Mortgage,Education,Married,Bachelor,0,0,1
21,65829.25,28320.41,715,2.6,0.166,36,3,Mortgage,Debt Consolidation,Married,High School,0,0,0
30,15000.0,23630.16,604,11.0,0.28,24,3,Own,Business,Married,Bachelor,0,1,0
38,97070.69,10744.55,657,1.2,0.517,12,3,Mortgage,Auto,Married,Bachelor,0,1,0
21,33898.69,6224.62,731,5.2,0.47,36,7,Own,Home Improvement,Single,High School,0,1,0
37,69098.19,2848.98,586,0.7,0.403,48,3,Mortgage,Debt Consolidation,Single,High School,1,0,0
59,71007.22,11114.56,800,15.4,0.116,36,2,Rent,Auto,Single,High School,1,0,0
40,31623.36,30474.98,525,4.5,0.179,60,1,Own,Home Improvement,Married,PhD,0,0,0
42,68202.06,6081.97,824,4.9,0.371,36,5,Mortgage,Auto,Single,Bachelor,1,0,0
24,40427.01,21810.5,740,2.8,0.159,36,1,Rent,Medical,Single,Master,0,0,0
32,17401.5,6869.82,641,2.1,0.325,48,6,Rent,Debt Consolidation,Single,High School,0,1,0
35,87892.61,14389.45,613,1.2,0.041,36,6,Rent,Home Improvement,Married,Master,1,1,0
36,33272.2,21926.56,604,4.6,0.344,48,5,Own,Business,Married,Bachelor,0,0,0
55,31976.4,8419.9,637,15.5,0.614,60,5,Rent,Business,Single,Bachelor,0,0,0
46,40073.36,15053.1,645,2.2,0.508,36,5,Mortgage,Medical,Divorced,Bachelor,0,0,0
26,56168.89,9990.96,762,10.7,0.501,36,6,Rent,Medical,Single,High School,1,0,0
42,47636.99,21886.04,827,0.8,0.397,48,5,Own,Education,Married,Bachelor,0,0,1
45,64475.04,15751.99,667,13.8,0.314,48,4,Own,Home Improvement,Single,Bachelor,0,0,0
53,25090.77,13898.77,573,2.2,0.6,36,2,Own,Debt Consolidation,Married,Bachelor,0,2,1
58,33819.97,39769.08,600,2.4,0.168,12,1,Mortgage,Debt Consolidation,Married,High School,0,0,0
27,46258.54,21239.42,633,3.1,0.392,60,2,Rent,Education,Single,PhD,0,0,1
30,126619.73,8239.98,557,6.3,0.445,36,6,Own,Business,Divorced,Master,1,0,0
24,46309.1,12580.4,543,6.4,0.166,36,4,Own,Medical,Divorced,Bachelor,0,0,0
37,84339.97,12668.46,838,,0.26,60,7,Own,Education,Single,PhD,1,0,0
45,49974.97,14132.38,677,3.7,0.26,60,7,Mortgage,Business,Married,Bachelor,1,0,0
51,38490.65,78210.29,575,0.2,0.478,36,1,Own,Home Improvement,Married,Master,0,1,0
39,43331.62,17319.64,723,1.8,0.252,36,6,Mortgage,Business,Single,Master,0,1,0
36,45061.8,3212.7,543,2.1,0.199,48,7,Rent,Business,Divorced,High School,0,0,0
41,66291.89,9136.57,551,4.1,0.477,36,3,Mortgage,Medical,Single,Bachelor,1,0,0
29,97470.56,3454.18,577,4.1,0.615,24,2,Rent,Medical,Divorced,High School,0,0,0
65,58679.19,10605.64,798,6.2,0.567,60,5,Mortgage,Debt Consolidation,Married,Master,0,0,0
21,88746.46,3323.86,627,6.3,0.076,36,5,Own,Debt Consolidation,Married,Master,0,0,0
42,30260.7,7258.2,430,1.3,0.437,48,5,Mortgage,Education,Married,Bachelor,0,0,0
64,39842.31,4607.75,758,7.4,0.078,48,5,Rent,Debt Consolidation,Married,Bachelor,1,1,0
40,34127.16,17481.74,622,,0.494,48,8,Mortgage,Business,Married,Bachelor,0,0,1
37,57366.87,13364.77,483,,0.555,60,4,Mortgage,Business,Divorced,PhD,0,0,1
35,40966.95,16515.81,621,0.5,0.282,36,4,Rent,Auto,Married,High School,0,0,0
37,70607.13,12416.9,696,6.5,0.108,48,4,Rent,Home Improvement,Married,High School,0,0,0
56,30776.27,5034.11,686,3.7,0.441,48,6,Mortgage,Auto,Divorced,Bachelor,0,1,0
21,50086.94,19138.65,811,2.9,0.072,60,7,Mortgage,Home Improvement,Married,Master,0,0,0
58,69108.22,51305.7,573,5.9,0.089,48,4,Own,Education,Single,PhD,0,2,0
22,17454.43,17791.01,654,0.2,0.513,60,7,Own,Medical,Married,Bachelor,0,0,0
36,141607.67,9915.48,587,1.3,0.105,12,3,Mortgage,Education,Divorced,High School,0,1,0
34,42549.53,4916.5,511,4.8,0.65,24,3,Mortgage,Business,Married,Master,0,1,0
47,17809.37,7075.22,729,9.4,0.507,24,5,Own,Auto,Married,Bachelor,1,1,0
21,53053.01,18345.28,691,2.4,0.2,24,11,Rent,Education,Single,High School,0,0,0
45,49847.41,28316.01,675,1.5,0.074,12,5,Mortgage,Business,Divorced,Bachelor,0,0,1
64,47054.08,16036.24,688,3.7,0.116,24,7,Mortgage,Auto,Married,Bachelor,0,1,0
23,80466.45,23386.66,588,4.9,0.483,60,0,Own,Debt Consolidation,Single,High School,0,0,0
42,71233.78,21924.82,559,2.7,0.746,24,5,Mortgage,Home Improvement,Divorced,High School,0,0,1
32,56893.6,19045.27,653,10.5,0.186,36,7,Mortgage,Debt Consolidation,Married,High School,1,0,1
45,61394.64,8425.92,754,3.7,0.56,48,3,Rent,Education,Single,Master,0,0,0
40,46528.52,15089.38,794,0.2,0.351,24,3,Rent,Business,Single,Bachelor,1,2,1
32,119103.18,7377.1,721,1.3,0.302,36,5,Own,Medical,Divorced,Master,0,0,0
45,23397.91,13523.72,652,3.0,0.357,24,4,Own,Medical,Married,PhD,0,1,1
61,52566.05,16841.55,674,6.0,0.345,12,6,Mortgage,Debt Consolidation,Married,Master,0,1,0
37,50640.77,43267.14,651,1.2,0.12,60,4,Mortgage,Auto,Married,High School,1,0,0
48,73617.66,5341.1,557,18.7,0.377,60,2,Mortgage,Debt Consolidation,Married,Bachelor,0,0,1
24,32146.96,18714.53,652,1.9,0.425,60,4,Mortgage,Medical,Single,Bachelor,1,2,0
28,20499.66,37679.28,529,3.8,0.138,60,3,Own,Debt Consolidation,Married,Master,0,0,0
45,53019.31,22724.38,638,0.1,0.545,24,3,Mortgage,Home Improvement,Married,PhD,0,0,0
57,56422.05,23934.16,797,10.8,0.273,48,3,Mortgage,Debt Consolidation,Married,High School,0,0,0
44,103238.77,20158.6,724,7.8,0.053,48,3,Rent,Auto,Married,Master,1,0,0
36,25973.16,33151.2,566,,0.117,60,6,Rent,Business,Divorced,High School,0,0,0
39,87321.05,6240.19,643,13.5,0.107,24,6,Rent,Debt Consolidation,Divorced,Master,0,0,0
24,160124.54,5063.69,574,1.9,0.192,36,8,Mortgage,Home Improvement,Married,Bachelor,0,0,0
47,40583.53,13300.62,644,5.9,0.465,24,5,Mortgage,Education,Single,High School,0,0,0
50,25707.26,2943.01,743,8.5,0.405,24,11,Rent,Auto,Single,Bachelor,0,2,1
34,39995.12,31617.06,708,6.8,0.065,48,6,Mortgage,Home Improvement,Married,Master,0,0,0
34,49365.27,31398.04,850,12.5,0.1,24,1,Mortgage,Auto,Single,Bachelor,0,0,0
43,64983.84,9864.07,757,10.0,0.727,36,6,Mortgage,Education,Single,High School,0,0,0
34,36472.09,10305.78,668,26.1,0.037,48,2,Rent,Medical,Married,PhD,0,1,0
39,106681.1,12699.99,710,1.0,0.317,24,2,Mortgage,Medical,Divorced,Bachelor,0,0,0
65,28077.78,13855.18,631,1.8,0.036,24,5,Rent,Business,Single,Bachelor,0,0,0
37,20545.5,14603.58,548,5.1,0.108,60,3,Mortgage,Business,Single,PhD,1,0,0
35,85251.01,19747.11,767,6.6,0.586,48,2,Own,Auto,Divorced,Bachelor,1,0,0
32,15720.01,11839.08,740,3.8,0.29,48,5,Rent,Home Improvement,Single,Bachelor,0,0,0
48,44264.36,25854.38,628,0.4,0.044,60,9,Mortgage,Home Improvement,Married,Master,0,1,0
37,233010.91,18254.44,674,9.2,0.143,12,4,Mortgage,Debt Consolidation,Married,Master,0,0,0
32,48726.5,8735.28,761,16.2,0.093,12,1,Mortgage,Medical,Single,Master,0,0,0
55,27990.38,34015.75,726,2.6,0.489,24,4,Own,Debt Consolidation,Married,High School,0,0,0
57,47633.96,5162.73,518,1.3,0.189,36,2,Own,Business,Divorced,Master,1,0,0
32,47791.33,12525.03,671,0.1,0.275,36,6,Mortgage,Medical,Married,Bachelor,0,2,0
21,53120.86,26287.33,634,1.4,0.283,24,8,Rent,Home Improvement,Single,Bachelor,1,0,0
52,68263.57,8053.39,750,6.0,0.525,12,4,Own,Education,Married,Master,1,0,0
31,29156.83,16592.22,742,12.1,0.44,48,2,Rent,Medical,Single,Bachelor,1,0,0
49,113979.52,19542.32,768,0.5,0.57,36,7,Rent,Education,Single,Bachelor,0,0,1
21,55412.32,7314.64,549,4.0,0.122,60,4,Rent,Business,Married,Bachelor,0,0,0
50,70502.05,12698.84,579,5.9,0.075,24,4,Rent,Medical,Single,Master,1,0,0
25,35807.95,11973.45,750,1.6,0.237,48,4,Mortgage,Business,Single,Bachelor,1,0,0
48,,9079.58,596,4.2,0.635,48,4,Own,Home Improvement,Single,High School,0,1,0
40,43108.43,66914.6,513,6.3,0.473,60,1,Mortgage,Auto,Single,Master,0,1,1
28,56318.38,7830.84,697,9.1,0.386,36,2,Mortgage,Medical,Married,Master,0,0,0
35,30743.9,26996.19,600,3.0,0.302,24,2,Own,Auto,Single,High School,1,0,0
48,29778.27,10148.07,811,6.9,0.138,24,1,Rent,Business,Married,High School,0,0,0
41,69154.79,6243.87,676,1.8,0.357,48,3,Mortgage,Medical,Married,Bachelor,0,0,0
47,39269.23,14356.67,664,1.2,0.025,36,10,Rent,Home Improvement,Single,Master,0,1,0
63,31987.12,21043.89,616,1.0,0.487,36,4,Mortgage,Medical,Married,High School,0,0,1
21,35539.79,25447.09,793,2.2,0.388,12,4,Mortgage,Home Improvement,Divorced,PhD,0,1,1
59,69527.42,39878.22,682,0.2,0.22,36,3,Rent,Business,Divorced,Master,0,1,0
41,35792.05,100000.0,613,1.7,0.358,36,4,Own,Education,Single,Master,0,0,0
29,46220.21,15920.45,578,5.3,0.172,60,1,Rent,Education,Married,High School,0,0,0
24,49390.52,8398.73,643,5.2,0.179,48,2,Mortgage,Auto,Single,PhD,0,0,0
37,18794.61,18343.16,562,0.4,0.431,36,7,Rent,Debt Consolidation,Single,Bachelor,1,0,1
51,23492.51,11088.36,742,1.7,0.431,48,6,Mortgage,Debt Consolidation,Single,Bachelor,0,0,1
38,57996.56,25544.47,487,4.2,0.098,12,8,Rent,Education,Married,High School,0,0,0
58,33910.68,5388.3,637,1.9,0.201,48,5,Own,Medical,Single,Bachelor,1,0,0
22,83146.75,70110.94,704,2.7,0.262,12,5,Rent,Education,Single,Bachelor,0,0,0
39,79491.35,24324.36,680,6.2,0.392,48,1,Rent,Auto,Married,Bachelor,1,0,0
24,70233.76,4110.08,585,0.0,0.186,36,5,Rent,Home Improvement,Married,High School,1,0,0
44,121769.59,8132.96,709,1.6,0.395,36,5,Mortgage,Debt Consolidation,Married,Bachelor,0,0,0
50,47025.97,23653.27,570,0.8,0.608,36,5,Rent,Auto,Married,High School,0,0,0
34,67808.37,30437.81,647,0.7,0.103,12,5,Rent,Auto,Married,High School,1,0,0
21,36599.85,5483.14,708,16.0,0.404,36,8,Mortgage,Business,Single,High School,0,0,0
42,167072.81,22007.05,691,2.4,0.103,60,8,Own,Debt Consolidation,Single,Master,0,1,0
45,132166.38,3418.18,589,3.7,0.398,36,3,Own,Business,Married,Bachelor,0,0,0
44,49312.86,12549.86,757,6.6,0.153,36,3,Mortgage,Auto,Single,Master,1,0,0
54,59473.92,29098.23,657,0.2,0.409,48,1,Rent,Debt Consolidation,Single,Bachelor,0,1,0
27,96727.09,9080.99,716,1.4,0.173,36,4,Rent,Home Improvement,Married,Bachelor,0,0,0
48,45543.82,4652.47,787,8.9,0.158,36,7,Mortgage,Medical,Single,Master,0,1,0
54,35301.76,14799.52,750,9.9,0.289,24,5,Own,Auto,Single,Bachelor,0,0,1
21,75886.56,8749.02,750,2.3,0.146,48,4,Own,Education,Married,Bachelor,0,0,0
43,,20758.08,667,2.3,0.076,48,9,Own,Home Improvement,Married,Bachelor,0,0,0
33,53717.67,7188.74,721,7.1,0.096,60,8,Own,Medical,Single,High School,0,1,0
39,32301.35,7778.78,669,1.7,0.09,12,3,Own,Debt Consolidation,Single,High School,0,1,0
44,20767.9,3246.39,541,0.6,0.493,12,4,Rent,Home Improvement,Married,Bachelor,1,0,0
34,55164.3,15047.41,677,1.5,0.297,60,4,Mortgage,Home Improvement,Single,Bachelor,0,0,1
31,77070.9,11936.62,673,2.4,0.519,48,2,Rent,Medical,Single,Bachelor,1,0,0
40,43787.19,5814.62,702,0.3,0.151,60,5,Rent,Home Improvement,Single,High School,0,1,0
26,100530.33,15300.78,638,3.3,0.175,36,3,Own,Debt Consolidation,Married,Bachelor,1,1,0
26,34476.8,27417.84,581,6.7,0.58,36,3,Rent,Debt Consolidation,Single,Master,0,0,0
48,28930.39,11488.51,709,3.6,0.105,36,6,Own,Auto,Single,Master,1,1,0
26,47400.35,16118.4,531,0.4,0.257,24,1,Rent,Medical,Single,Bachelor,1,0,0
47,47037.65,16176.55,781,2.9,0.434,36,5,Mortgage,Business,Married,Master,0,1,0
45,72040.55,5750.08,629,6.2,0.491,12,5,Own,Debt Consolidation,Married,Bachelor,1,0,0
21,33273.57,56365.36,672,0.3,0.116,36,6,Mortgage,Business,Single,Bachelor,1,2,0
31,97153.46,9608.52,700,0.3,0.357,48,4,Rent,Home Improvement,Married,Master,1,1,1
54,131066.29,21147.59,703,2.3,0.139,36,1,Rent,Medical,Single,Bachelor,0,0,0
28,48070.69,22889.89,523,1.1,0.719,12,3,Mortgage,Education,Married,Master,0,0,1
34,91569.65,12116.02,724,13.7,0.153,60,5,Mortgage,Medical,Married,Bachelor,0,1,0
45,28904.47,20429.94,677,4.4,0.259,24,5,Rent,Debt Consolidation,Married,Master,0,0,0
49,83919.29,15868.22,592,1.7,0.149,36,2,Rent,Debt Consolidation,Married,High School,0,0,1
36,82754.88,4952.52,582,6.1,0.479,48,3,Rent,Medical,Single,Master,0,0,0
32,75487.22,10587.29,619,2.3,0.48,24,5,Rent,Education,Single,High School,1,0,0
57,48640.82,8701.18,533,0.7,0.417,48,4,Mortgage,Business,Married,Master,0,0,0
60,15000.0,9669.95,805,1.4,0.123,36,3,Rent,Medical,Single,Bachelor,0,1,0
51,35565.68,5362.57,783,5.1,0.424,36,1,Mortgage,Education,Single,High School,1,0,0
41,35847.96,29392.76,690,0.3,0.087,60,4,Rent,Auto,Married,Bachelor,0,0,0
30,30057.65,41002.77,629,1.6,0.061,48,8,Mortgage,Education,Married,High School,0,0,0
30,52110.49,26492.11,632,1.2,0.274,48,3,Mortgage,Medical,Single,Bachelor,0,0,0
46,39756.09,32512.19,718,1.1,0.362,36,1,Mortgage,Education,Divorced,High School,0,0,0
45,32457.73,10496.06,808,5.7,0.58,24,6,Rent,Business,Divorced,High School,0,0,0
56,28871.2,8557.99,598,8.7,0.042,36,2,Own,Home Improvement,Single,PhD,0,0,0
47,34277.47,7746.44,549,6.3,0.092,12,6,Rent,Business,Married,Master,1,1,0
21,85883.72,20969.94,789,5.2,0.178,24,5,Mortgage,Medical,Married,High School,0,0,0
52,35224.16,15661.24,489,12.4,0.198,24,2,Mortgage,Medical,Married,High School,0,0,1
28,37893.34,12656.74,559,0.3,0.565,12,2,Rent,Home Improvement,Single,Bachelor,1,0,0
35,39013.04,33077.35,627,0.9,0.288,24,5,Rent,Education,Single,Bachelor,0,0,0
43,58075.36,17737.9,509,2.7,0.324,24,1,Rent,Education,Married,High School,0,0,0
63,61581.99,7427.46,750,2.3,0.489,48,3,Mortgage,Education,Single,Bachelor,1,0,0
70,15000.0,8294.63,727,2.7,0.441,24,7,Mortgage,Auto,Married,High School,1,1,0
47,81700.68,21534.15,598,1.2,0.314,36,2,Rent,Debt Consolidation,Single,Bachelor,0,1,0
37,100527.24,27700.7,765,0.8,0.371,36,6,Rent,Business,Married,High School,0,0,0
46,28995.81,19656.75,780,3.6,0.379,48,1,Own,Business,Married,Bachelor,0,1,0
50,30147.31,50403.81,639,13.2,0.01,48,1,Mortgage,Medical,Divorced,High School,1,0,1
36,39138.95,41961.38,609,2.5,0.327,60,4,Mortgage,Business,Married,High School,1,1,0
61,33590.48,18191.78,850,0.2,0.372,48,5,Rent,Education,Married,Bachelor,0,0,0
42,54828.39,7427.86,714,6.1,0.472,12,4,Mortgage,Education,Single,Master,0,0,0
45,18522.42,5340.15,673,1.7,0.434,36,3,Rent,Home Improvement,Single,High School,1,0,0
47,28030.16,10186.64,772,1.4,0.165,48,4,Own,Auto,Single,Master,1,0,0
45,105830.98,22634.93,677,2.0,0.17,36,1,Mortgage,Education,Married,High School,1,2,1
50,30819.1,47985.44,604,6.4,0.068,36,6,Own,Medical,Married,High School,0,1,0
32,91282.48,17893.86,657,8.5,0.096,48,7,Mortgage,Debt Consolidation,Single,Bachelor,1,0,0
33,58551.92,30275.86,743,4.4,0.373,24,6,Own,Home Improvement,Divorced,PhD,0,1,1
26,19838.23,11251.82,470,1.9,0.219,60,5,Own,Debt Consolidation,Single,PhD,0,0,0
45,67350.43,20659.66,624,1.9,0.443,36,4,Rent,Business,Married,Bachelor,0,0,0
49,46219.93,23774.05,774,0.7,0.102,48,3,Mortgage,Business,Married,Master,1,0,0
45,39037.05,3341.86,603,13.5,0.061,60,4,Mortgage,Auto,Single,Bachelor,1,0,0
60,55407.96,10002.52,789,5.1,0.523,48,4,Own,Debt Consolidation,Single,Master,0,0,0
39,62150.66,25972.41,777,0.1,0.207,36,3,Rent,Home Improvement,Single,Bachelor,0,2,1
48,69828.39,16189.66,644,5.4,0.213,60,2,Rent,Debt Consolidation,Divorced,Bachelor,0,1,0
26,88355.74,5781.62,598,3.0,0.022,36,2,Own,Debt Consolidation,Married,Bachelor,0,0,0
35,60118.2,2437.95,624,18.0,0.316,36,1,Own,Education,Single,Master,0,0,0
48,24641.39,10341.84,850,,0.223,60,3,Mortgage,Debt Consolidation,Married,Bachelor,0,1,0
50,38683.84,12706.77,818,0.9,0.1,12,3,Mortgage,Debt Consolidation,Single,Master,1,0,0
36,213528.2,7195.81,661,6.4,0.328,36,1,Own,Business,Single,Master,0,2,1
39,70420.91,14767.14,595,3.3,0.448,36,3,Own,Education,Divorced,Bachelor,1,0,0
21,160274.56,19043.3,660,1.0,0.172,48,2,Mortgage,Auto,Single,Bachelor,0,0,0
35,98490.66,21364.39,671,6.0,0.399,12,5,Own,Home Improvement,Married,Bachelor,0,1,1
50,55320.62,2567.93,538,4.0,0.393,48,7,Mortgage,Medical,Divorced,Master,0,0,0
46,56994.13,5324.11,657,0.2,0.036,36,4,Own,Education,Married,High School,0,0,0
46,48132.36,10794.2,769,5.2,0.088,12,6,Rent,Business,Divorced,Bachelor,0,0,0
40,20559.9,19940.76,488,5.0,0.133,60,3,Mortgage,Business,Single,Bachelor,0,2,0
40,49465.15,18816.02,724,,0.148,24,2,Own,Education,Divorced,High School,0,0,0
32,89799.73,18588.7,773,2.1,0.25,36,4,Own,Home Improvement,Single,Master,0,1,0
48,36322.04,10214.95,599,4.4,0.452,24,6,Mortgage,Education,Married,Bachelor,0,1,0
45,60233.05,10621.72,802,0.7,0.256,48,4,Rent,Home Improvement,Divorced,Bachelor,0,0,0
45,75041.42,8023.82,587,9.6,0.325,48,3,Mortgage,Auto,Married,Bachelor,1,0,0
33,31106.12,22873.54,689,0.1,0.392,60,4,Own,Medical,Married,Bachelor,0,0,0
21,39118.41,7013.96,622,0.5,0.278,36,5,Mortgage,Business,Single,High School,0,0,0
53,29467.53,24222.22,622,0.6,0.16,36,2,Mortgage,Education,Divorced,Bachelor,0,0,0
34,32497.46,15452.05,594,3.8,0.122,48,2,Mortgage,Auto,Single,Bachelor,1,1,0
29,25750.19,12945.05,712,4.8,0.189,48,8,Mortgage,Business,Divorced,Master,0,0,0
48,31250.03,8436.33,726,2.6,0.461,48,2,Mortgage,Education,Divorced,Master,0,1,0
35,99680.75,5172.55,644,1.7,0.17,48,3,Rent,Auto,Single,High School,0,0,0
52,31016.09,8489.99,527,8.3,0.051,12,4,Rent,Education,Married,Master,1,0,0
47,52220.46,10604.09,686,0.4,0.336,24,2,Rent,Auto,Single,Bachelor,0,0,0
48,38122.72,2544.48,687,1.6,0.052,48,5,Mortgage,Medical,Married,Bachelor,0,0,0
23,88382.83,11635.91,630,0.2,0.195,36,3,Mortgage,Debt Consolidation,Married,Bachelor,0,0,0
54,94426.89,25515.72,818,0.1,0.149,36,4,Mortgage,Business,Single,Bachelor,1,0,0
43,75511.1,19871.71,509,2.2,0.267,36,3,Own,Auto,Divorced,High School,0,0,0
35,57129.01,9439.48,0,1.1,0.117,36,3,Rent,Auto,Married,Bachelor,1,0,0
41,43672.34,13805.96,584,1.6,0.237,36,1,Mortgage,Home Improvement,Single,Bachelor,0,1,0
21,27012.71,9051.49,713,,0.274,36,5,Rent,Debt Consolidation,Married,High School,0,1,0
44,129542.52,14825.92,554,0.9,0.033,48,3,Mortgage,Home Improvement,Single,Bachelor,0,0,0
27,33528.92,39264.48,561,7.6,0.083,24,3,Mortgage,Debt Consolidation,Married,Bachelor,1,2,0
23,68310.8,26316.44,735,5.6,0.414,48,5,Own,Medical,Married,Bachelor,1,0,0
21,83264.93,19236.33,691,2.0,0.282,48,5,Own,Medical,Single,Master,0,0,0
53,37136.65,9461.45,683,4.0,0.36,36,3,Rent,Home Improvement,Single,Bachelor,0,0,0
32,82372.45,22583.09,720,2.9,0.223,36,2,Mortgage,Home Improvement,Married,Bachelor,0,1,0
58,71833.53,4101.82,611,0.7,0.695,12,3,Mortgage,Debt Consolidation,Married,High School,0,0,0
33,116306.23,11196.46,615,11.9,0.142,24,1,Mortgage,Debt Consolidation,Single,Bachelor,0,0,0
21,38767.08,20102.47,722,4.2,0.725,12,5,Own,Home Improvement,Married,Master,0,0,1
26,25772.62,22433.15,528,10.6,0.091,12,4,Rent,Home Improvement,Married,Bachelor,1,1,1
54,38072.79,21352.39,457,8.7,0.394,48,4,Rent,Auto,Single,High School,0,0,0
38,54416.72,16422.07,611,0.4,0.39,60,7,Rent,Business,Married,Master,0,0,0
33,50468.59,11649.2,733,1.2,0.318,12,1,Rent,Home Improvement,Single,Bachelor,1,0,0
41,40266.74,19469.09,673,0.8,0.333,24,3,Mortgage,Debt Consolidation,Married,Master,0,0,0
46,18871.37,6856.81,727,8.9,0.082,60,6,Rent,Auto,Single,Bachelor,0,0,0
53,62021.82,7396.23,468,9.9,0.335,48,2,Mortgage,Education,Married,Master,0,0,0
57,131422.45,13949.71,678,3.8,0.122,36,4,Own,Medical,Married,Bachelor,1,0,0
35,61828.87,15081.71,708,0.6,0.178,60,4,Rent,Medical,Married,High School,0,1,0
24,66474.11,3722.2,528,0.7,0.245,36,1,Own,Medical,Married,Bachelor,0,0,0
35,65265.75,18372.36,727,8.4,0.347,48,4,Mortgage,Auto,Married,High School,0,0,0
43,59785.79,22946.25,639,13.2,0.13,48,4,Own,Home Improvement,Single,Master,1,0,0
28,78106.85,12656.17,850,1.1,0.041,24,3,Mortgage,Business,Single,PhD,0,1,0
28,59735.8,70412.52,454,0.1,0.37,36,7,Rent,Medical,Divorced,High School,0,0,0
44,41926.0,8282.88,773,2.0,0.541,24,6,Mortgage,Home Improvement,Married,Master,1,0,0
39,32925.59,10375.88,614,0.2,0.496,36,3,Own,Medical,Married,High School,1,1,0
40,43282.91,10131.99,504,8.8,0.335,12,1,Rent,Medical,Single,Bachelor,0,0,0
30,57357.84,12665.9,602,3.4,0.438,36,7,Rent,Medical,Married,High School,1,0,0
37,41854.66,10613.61,674,5.1,0.395,36,5,Own,Debt Consolidation,Single,High School,1,1,1
28,57363.84,4990.21,743,2.7,0.41,24,6,Rent,Education,Divorced,Master,0,0,0
50,61057.73,9112.63,804,2.1,0.458,12,5,Mortgage,Auto,Married,Master,0,0,0
52,74353.77,12477.29,777,1.3,0.137,48,4,Mortgage,Auto,Single,Master,1,0,0
21,93097.02,31571.2,563,7.4,0.281,36,5,Rent,Debt Consolidation,Married,High School,1,0,0
28,50970.57,62415.59,751,5.9,0.723,48,12,Own,Medical,Married,Master,0,1,0
22,25491.79,34024.35,685,2.2,0.255,48,1,Mortgage,Auto,Single,High School,0,0,0
32,41251.71,7763.86,591,1.9,0.306,24,1,Own,Auto,Married,Bachelor,1,0,0
38,50112.78,8208.56,630,0.0,0.202,36,5,Rent,Auto,Divorced,High School,0,0,0
22,19577.1,11949.8,586,0.3,0.528,48,0,Rent,Medical,Single,Master,1,1,1
28,98157.86,46592.33,653,4.9,0.174,36,5,Own,Medical,Single,Bachelor,0,0,0
27,52637.76,11898.92,584,3.6,0.303,60,4,Own,Auto,Married,Bachelor,1,1,0
42,59318.49,5275.06,557,2.9,0.037,36,3,Rent,Business,Married,Bachelor,1,0,1
40,97028.81,9406.69,693,8.8,0.095,48,4,Rent,Home Improvement,Divorced,Bachelor,0,1,0
31,35772.28,22695.89,706,3.5,0.774,48,2,Rent,Home Improvement,Single,Bachelor,0,0,1
42,65317.87,21654.28,633,2.4,0.411,24,3,Rent,Medical,Married,Bachelor,0,1,0
33,46400.61,11612.63,773,0.9,0.197,36,3,Mortgage,Business,Single,Master,1,0,0
36,44710.18,21555.59,626,8.6,0.147,12,3,Rent,Education,Married,High School,1,0,0
60,33319.69,2721.07,622,4.3,0.327,24,5,Rent,Business,Single,Master,1,0,0
56,112735.72,14366.87,709,0.5,0.456,24,3,Own,Business,Single,Master,0,0,0
24,40629.51,24403.45,638,5.2,0.051,36,0,Rent,Debt Consolidation,Married,Master,0,0,0
49,69545.2,7457.65,657,2.8,0.226,48,6,Rent,Debt Consolidation,Married,Master,0,0,0
49,19196.75,7439.53,423,8.3,0.152,24,2,Own,Auto,Single,PhD,0,0,0
26,88432.45,3617.31,651,12.6,0.477,48,3,Rent,Business,Single,High School,0,0,0
49,82959.31,40657.02,485,4.6,0.096,24,8,Mortgage,Home Improvement,Single,Master,0,1,0
58,51468.08,8069.87,540,6.6,0.193,24,2,Rent,Education,Married,Master,0,0,0
26,43762.33,15815.26,529,0.3,0.121,60,3,Rent,Debt Consolidation,Married,Bachelor,1,0,0
28,59874.14,20388.82,556,4.1,0.235,12,4,Rent,Medical,Single,Bachelor,0,0,0
52,153951.87,38501.31,600,7.0,0.045,24,2,Own,Medical,Single,Master,1,0,0
43,20300.11,11995.32,606,3.4,0.295,24,2,Rent,Business,Divorced,High School,0,0,0
46,72476.21,9158.15,709,4.5,0.206,24,5,Mortgage,Education,Married,Bachelor,1,0,0
44,31076.01,15080.34,670,11.5,0.164,36,2,Rent,Education,Single,PhD,0,0,0
44,48535.02,32822.06,478,1.1,0.157,24,6,Mortgage,Auto,Single,Bachelor,1,0,0
24,43306.58,11859.44,657,0.5,0.174,36,4,Mortgage,Business,Single,High School,0,0,1
52,39570.57,6847.18,678,5.9,0.169,36,4,Own,Medical,Single,PhD,0,0,0
54,48764.97,4543.58,620,8.7,0.241,48,4,Mortgage,Medical,Married,Master,1,0,1
37,27803.42,5682.19,644,9.5,0.226,60,5,Mortgage,Auto,Single,Master,0,0,0
39,82009.49,24466.84,667,5.1,0.052,24,2,Mortgage,Debt Consolidation,Divorced,Master,0,0,0
21,19988.82,10673.96,718,9.0,0.1,36,4,Rent,Auto,Single,Bachelor,1,0,0
46,64207.95,8731.87,508,6.0,0.08,36,2,Rent,Home Improvement,Single,Master,1,0,0
46,41636.48,8093.55,628,0.5,0.113,12,4,Mortgage,Education,Single,Bachelor,0,0,0
39,27297.15,14179.21,785,7.2,0.408,48,1,Rent,Medical,Married,Bachelor,0,1,0
53,54240.96,11298.0,777,1.0,0.175,48,3,Own,Home Improvement,Divorced,High School,0,0,0
35,22505.71,11034.78,726,1.3,0.301,12,2,Mortgage,Medical,Divorced,Bachelor,0,1,0
46,50003.93,34355.82,698,2.5,0.234,24,6,Rent,Medical,Single,High School,1,0,0
27,24066.15,39207.03,798,1.9,0.023,36,6,Own,Business,Married,Bachelor,0,0,0
39,61736.84,4328.54,822,1.9,0.099,48,9,Own,Medical,Married,Bachelor,0,1,0
37,30878.68,16803.04,638,0.9,0.201,48,6,Own,Education,Single,Bachelor,0,0,0
42,39124.45,7755.8,562,1.7,0.089,36,4,Rent,Medical,Single,Master,0,0,0
35,56782.0,11228.65,625,0.1,0.113,24,3,Mortgage,Medical,Single,Bachelor,0,0,0
38,33313.86,16589.0,850,3.2,0.299,36,9,Mortgage,Medical,Single,High School,0,1,0
49,47620.47,11511.43,508,7.3,0.453,48,5,Mortgage,Business,Married,Master,1,0,0
34,22996.21,15698.52,607,9.9,0.26,36,7,Mortgage,Business,Married,High School,1,0,0
21,67200.62,21398.57,522,8.6,0.367,24,3,Rent,Education,Single,Master,0,0,0
60,118474.96,16419.15,661,2.7,0.192,12,4,Rent,Education,Divorced,Master,0,0,0
56,198016.26,8494.84,541,,0.338,36,6,Own,Home Improvement,Married,PhD,0,2,0
24,51307.08,8600.37,640,1.7,0.195,24,1,Mortgage,Home Improvement,Married,High School,0,0,0
48,72700.39,4876.61,474,0.3,0.584,48,5,Own,Education,Married,Bachelor,0,0,0
33,20124.38,7348.53,705,5.6,0.126,24,7,Mortgage,Home Improvement,Married,High School,1,1,0
43,103919.01,52756.79,760,5.2,0.276,60,3,Mortgage,Auto,Single,Bachelor,0,0,1
43,72266.38,7674.03,615,8.1,0.411,48,1,Rent,Business,Divorced,High School,0,2,1
37,38485.36,5794.33,637,4.8,0.153,36,8,Rent,Education,Single,Master,0,1,0
30,90997.78,16713.12,635,0.9,0.297,48,7,Mortgage,Business,Divorced,High School,1,0,0
31,43163.99,12366.48,666,9.6,0.437,24,1,Mortgage,Debt Consolidation,Single,High School,1,0,0
29,38987.15,11650.27,646,4.9,0.306,24,3,Mortgage,Debt Consolidation,Single,High School,0,0,0
30,62172.46,35822.53,719,8.2,0.124,60,8,Rent,Debt Consolidation,Married,Master,0,0,0
39,28805.53,19621.65,760,7.4,0.159,36,5,Mortgage,Education,Married,Bachelor,0,0,1
31,81700.25,9218.84,576,1.8,0.312,12,3,Rent,Home Improvement,Married,High School,0,1,0
48,28911.8,9925.54,622,0.4,0.322,36,1,Rent,Medical,Married,Bachelor,0,0,0
57,28997.72,9397.41,731,1.0,0.33,24,6,Rent,Auto,Married,Master,1,0,0
33,31105.97,24644.71,522,0.5,0.639,24,4,Rent,Business,Single,Bachelor,0,0,1
42,71664.45,10767.6,472,1.4,0.48,12,5,Mortgage,Home Improvement,Married,Bachelor,0,2,1
45,36012.17,3807.75,670,3.1,0.048,24,7,Rent,Auto,Married,Bachelor,0,0,0
45,24984.28,12915.41,694,,0.164,48,5,Mortgage,Business,Single,Bachelor,1,0,0
40,36212.51,4555.46,584,10.3,0.312,48,5,Rent,Education,Single,High School,0,0,0
48,48241.69,61633.54,597,6.3,0.275,36,4,Rent,Auto,Married,High School,0,1,1
45,27160.36,6795.61,581,0.1,0.066,36,2,Rent,Auto,Single,Master,0,0,0
25,27561.07,11928.61,571,2.1,0.173,12,2,Rent,Business,Divorced,Bachelor,1,1,0
50,140877.81,16006.37,712,5.7,0.434,12,4,Own,Auto,Married,High School,1,0,0
50,31879.46,10915.5,543,0.7,0.053,36,3,Mortgage,Debt Consolidation,Single,Bachelor,1,1,0
30,41709.28,10905.02,626,8.1,0.039,48,4,Mortgage,Debt Consolidation,Divorced,Master,0,0,0
40,40797.72,17948.81,568,12.3,0.384,12,4,Own,Education,Divorced,Bachelor,1,0,0
48,39708.54,38884.51,519,2.2,0.044,36,2,Rent,Auto,Married,High School,0,1,1
37,66881.21,22862.57,728,6.1,0.501,60,4,Mortgage,Home Improvement,Single,Master,0,1,0
52,78752.99,37607.54,603,0.8,0.302,48,9,Rent,Medical,Married,Master,0,0,1
68,42067.16,6421.24,666,5.9,0.186,24,3,Rent,Education,Married,Master,0,1,0
30,26416.94,16683.14,514,0.1,0.202,24,5,Mortgage,Business,Married,Bachelor,0,0,0
23,92708.93,14893.38,583,0.8,0.379,60,4,Rent,Home Improvement,Married,Bachelor,0,0,0
43,46738.78,17081.72,718,6.2,0.23,24,8,Rent,Education,Single,Bachelor,0,1,1
48,116443.44,35009.07,850,6.2,0.255,36,3,Mortgage,Medical,Single,High School,1,0,0
37,15949.89,11446.6,472,5.1,0.411,36,5,Rent,Business,Married,Master,1,0,0
57,54051.99,10058.24,631,3.2,0.56,36,3,Mortgage,Medical,Divorced,Bachelor,0,0,1
23,127938.27,19414.71,687,5.6,0.176,24,1,Own,Education,Single,Master,0,1,0
48,41083.75,3847.8,594,,0.133,48,0,Rent,Business,Married,Master,0,1,0
32,43794.05,11318.61,726,17.0,0.654,24,8,Rent,Debt Consolidation,Single,High School,0,0,0
60,56826.38,12161.88,571,11.0,0.065,48,2,Mortgage,Home Improvement,Married,Bachelor,0,0,0
63,37071.44,7014.6,663,7.9,0.146,36,2,Rent,Medical,Single,Bachelor,0,0,0
30,41938.69,27999.48,603,5.9,0.069,24,3,Mortgage,Debt Consolidation,Married,Bachelor,1,0,0
33,41402.33,6351.41,759,4.3,0.305,48,9,Mortgage,Home Improvement,Married,Master,0,2,0
50,35821.0,12147.62,589,0.6,0.305,60,2,Mortgage,Auto,Single,PhD,1,0,0
35,90619.82,16402.84,618,0.9,0.175,60,2,Rent,Home Improvement,Married,Master,0,0,0
39,61730.85,34455.23,735,8.6,0.564,12,3,Mortgage,Home Improvement,Married,High School,1,1,0
40,55565.3,13261.37,557,8.1,0.238,36,2,Mortgage,Debt Consolidation,Married,Master,0,0,0
21,73444.52,25727.29,656,4.8,0.392,48,4,Own,Debt Consolidation,Married,Bachelor,0,0,0
39,42951.3,21816.39,485,2.9,0.307,36,2,Mortgage,Education,Divorced,Bachelor,0,0,0
31,33286.2,14565.64,552,0.1,0.178,48,2,Mortgage,Medical,Single,High School,0,0,0
34,36267.88,6231.3,684,2.0,0.39,60,5,Own,Medical,Divorced,Master,0,0,0
57,49064.52,4894.14,560,2.7,0.493,36,6,Mortgage,Auto,Single,Bachelor,0,0,1
24,28865.26,14393.81,600,3.3,0.14,48,5,Rent,Debt Consolidation,Single,Master,0,0,0
49,38172.46,9137.23,694,13.2,0.294,12,2,Mortgage,Education,Divorced,High School,1,1,0
36,37871.03,25424.86,597,0.6,0.16,60,4,Mortgage,Debt Consolidation,Married,High School,0,0,0
36,141814.92,22518.66,724,3.7,0.115,48,5,Rent,Home Improvement,Single,Master,0,0,0
49,15000.0,11740.18,669,2.3,0.188,36,7,Rent,Home Improvement,Married,Master,0,1,0
44,44810.16,5940.81,689,23.1,0.448,48,6,Own,Education,Single,High School,1,1,0
46,116174.3,19101.36,761,9.9,0.547,48,5,Rent,Auto,Single,Bachelor,0,1,0
51,52100.1,6551.41,678,2.9,0.644,36,7,Own,Home Improvement,Single,High School,0,0,0
36,71446.82,7856.33,788,40.0,0.286,60,4,Own,Home Improvement,Single,High School,0,0,0
32,51529.68,6730.53,732,3.6,0.468,24,3,Own,Medical,Married,Bachelor,1,0,0
26,35113.23,12125.3,602,0.9,0.197,60,3,Mortgage,Auto,Married,PhD,1,1,0
30,15979.18,30307.02,766,4.1,0.193,24,6,Mortgage,Medical,Married,Bachelor,1,0,0
70,54324.35,13312.67,673,1.3,0.488,36,5,Rent,Education,Single,Bachelor,0,1,0
54,33262.86,9796.17,614,5.1,0.307,24,6,Own,Auto,Married,High School,1,1,0
23,32854.12,4591.99,675,13.9,0.577,24,2,Own,Medical,Divorced,High School,0,0,1
24,38196.78,19662.87,750,7.7,0.057,48,3,Mortgage,Medical,Divorced,High School,0,0,0
45,117293.04,7736.59,690,1.6,0.502,12,6,Mortgage,Auto,Married,High School,0,0,0
46,163148.93,14505.2,814,1.8,0.236,60,3,Own,Home Improvement,Single,High School,1,0,0
46,54644.51,10425.89,747,0.4,0.37,24,3,Rent,Business,Single,Master,0,1,1
36,38855.95,24021.97,697,1.7,0.274,24,1,Rent,Debt Consolidation,Married,Bachelor,0,0,0
38,27211.28,11967.32,557,0.5,0.321,60,3,Mortgage,Auto,Married,High School,0,0,0
43,61961.6,12819.87,633,3.5,0.336,48,0,Mortgage,Business,Divorced,Bachelor,0,0,0
41,119545.56,18770.15,656,6.2,0.398,48,4,Mortgage,Medical,Married,Master,1,1,0
21,43318.27,58387.56,712,7.0,0.164,24,2,Mortgage,Education,Married,Bachelor,0,1,1
37,15000.0,24882.32,707,0.3,0.089,48,4,Mortgage,Home Improvement,Single,High School,0,1,1
29,68529.86,12556.27,665,2.1,0.443,36,2,Mortgage,Medical,Single,Bachelor,1,0,0
42,80233.78,13389.67,660,1.7,0.214,60,3,Mortgage,Auto,Single,Master,0,0,0
70,22182.9,9252.03,714,0.6,0.086,48,5,Mortgage,Business,Married,High School,0,0,0
44,53543.09,6870.57,572,2.3,0.11,48,8,Rent,Medical,Single,Bachelor,1,2,1
36,61427.51,9073.15,802,1.8,0.263,48,3,Mortgage,Home Improvement,Single,Bachelor,0,0,0
51,47261.27,7781.43,465,5.0,0.238,36,5,Own,Education,Divorced,Bachelor,0,0,0
45,33011.61,21106.95,780,10.7,0.064,48,2,Own,Auto,Married,Bachelor,0,0,0
45,81468.25,6311.72,645,3.0,0.338,36,5,Mortgage,Auto,Married,Bachelor,0,0,0
47,40067.07,33970.49,740,6.9,0.118,12,3,Rent,Medical,Divorced,High School,1,0,0
64,23327.94,22616.44,682,0.8,0.017,36,5,Mortgage,Home Improvement,Single,Bachelor,0,0,0
26,17593.11,13552.84,681,11.3,0.109,36,3,Own,Auto,Single,Bachelor,0,0,0
45,92081.08,13362.71,699,0.8,0.099,48,10,Own,Auto,Single,Master,0,0,0
28,66724.8,9044.42,722,1.1,0.152,36,7,Mortgage,Medical,Divorced,Master,0,0,0
46,51225.19,16140.05,620,0.6,0.141,48,3,Rent,Business,Divorced,Master,0,0,0
28,39334.71,28614.38,743,1.9,0.16,48,2,Rent,Debt Consolidation,Married,Master,0,0,0
34,37627.89,8166.46,552,4.0,0.434,36,7,Own,Home Improvement,Married,High School,1,0,0
36,28627.75,4567.06,649,22.1,0.424,24,3,Rent,Education,Divorced,Bachelor,0,0,1
51,39508.54,21856.48,725,7.9,0.239,12,1,Own,Education,Single,Master,0,0,0
51,16982.8,16765.13,739,,0.399,24,6,Rent,Auto,Married,Bachelor,1,1,0
25,33927.06,6098.88,691,4.3,0.321,12,2,Rent,Auto,Married,Master,0,0,1
40,41962.48,7995.44,614,4.9,0.274,24,3,Own,Auto,Married,PhD,1,0,0
31,66498.86,7321.91,730,8.7,0.29,48,4,Own,Business,Married,High School,0,0,0
24,48051.89,8045.17,589,6.7,0.189,24,7,Own,Education,Divorced,PhD,0,0,0
37,72945.04,10651.14,807,4.2,0.426,12,3,Mortgage,Debt Consolidation,Single,High School,0,1,0
36,96236.84,11085.76,642,5.5,0.15,60,3,Own,Medical,Married,Master,0,0,0
69,83206.86,8471.34,511,6.9,0.226,60,2,Mortgage,Home Improvement,Married,High School,1,0,0
45,62022.65,7857.98,542,0.7,0.487,48,4,Mortgage,Business,Single,Master,0,0,0
23,49312.42,11382.71,653,1.1,0.216,24,5,Mortgage,Auto,Divorced,Master,1,3,0
33,30019.61,15023.7,662,5.8,0.104,48,4,Mortgage,Education,Married,Master,0,1,0
52,70967.13,10706.35,827,9.5,0.408,36,4,Rent,Education,Single,Bachelor,0,0,1
65,113535.82,30063.49,556,2.6,0.283,24,4,Own,Education,Married,High School,0,0,0
21,58165.81,19065.99,653,19.5,0.195,36,4,Rent,Debt Consolidation,Divorced,Master,1,0,0
21,127852.12,4387.03,554,1.2,0.366,12,8,Mortgage,Debt Consolidation,Divorced,Bachelor,0,0,0
62,22861.61,19275.87,605,2.7,0.497,60,5,Rent,Debt Consolidation,Single,High School,1,0,0
44,27526.88,20412.05,801,2.4,0.317,48,3,Mortgage,Medical,Divorced,Bachelor,0,1,0
29,75177.01,9854.52,547,13.3,0.35,24,6,Own,Home Improvement,Single,High School,0,0,0
46,55946.16,4690.82,702,1.7,0.514,36,10,Rent,Auto,Single,Master,1,0,1
21,94550.66,13435.38,685,3.2,0.544,36,4,Rent,Business,Married,Master,0,0,1
40,48643.05,13287.83,647,1.0,0.159,60,4,Rent,Business,Married,Master,0,0,0
43,31761.57,6092.71,696,3.7,0.046,36,3,Mortgage,Education,Married,High School,1,0,0
51,44055.41,4837.47,545,9.7,0.241,12,7,Mortgage,Business,Single,Bachelor,0,0,1
27,22780.45,12565.53,799,1.8,0.191,24,1,Mortgage,Business,Married,High School,0,2,0
41,27881.11,11348.56,823,8.3,0.245,24,0,Rent,Auto,Single,Master,1,0,0
28,79715.71,9975.77,654,12.1,0.327,60,5,Mortgage,Home Improvement,Married,Master,0,0,0
43,75840.95,12602.02,850,0.4,0.399,60,2,Mortgage,Auto,Single,Master,0,0,0
29,,6173.72,614,7.1,0.1,36,4,Mortgage,Business,Single,Master,0,0,0
35,20732.57,9853.93,686,1.5,0.441,12,4,Rent,Home Improvement,Married,Bachelor,0,0,0
28,40978.31,19405.8,778,1.0,0.368,36,3,Mortgage,Medical,Married,Bachelor,0,0,0
47,26568.99,10456.94,608,4.6,0.268,48,5,Rent,Home Improvement,Married,Bachelor,1,0,0
50,88279.8,4144.84,525,6.1,0.104,24,6,Mortgage,Medical,Married,Master,0,0,0
37,36612.28,9596.13,504,2.5,0.214,36,4,Mortgage,Auto,Single,Bachelor,1,1,0
40,28484.81,6316.3,835,,0.296,24,5,Mortgage,Medical,Single,Master,0,0,0
22,49756.58,803604.3340529562,602,12.0,0.068,36,6,Rent,Medical,Married,Bachelor,0,0,1
36,35593.66,16700.37,633,6.6,0.396,48,3,Mortgage,Home Improvement,Single,Master,0,0,0
39,102936.95,4183.31,549,1.6,0.479,36,2,Mortgage,Education,Single,Bachelor,0,0,0
70,33948.32,22727.0,735,3.4,0.298,36,2,Rent,Auto,Married,High School,0,0,1
26,24352.4,6133.19,579,0.1,0.233,48,3,Mortgage,Home Improvement,Married,Master,0,0,0
57,16706.33,39792.26,605,2.1,0.347,48,2,Rent,Debt Consolidation,Single,Bachelor,0,0,0
51,48271.99,12911.28,676,3.7,0.38,24,7,Mortgage,Medical,Single,Master,1,1,0
43,37013.39,5583.24,554,3.6,0.665,36,3,Mortgage,Home Improvement,Married,Bachelor,0,2,1
61,23993.73,6006.57,633,1.2,0.235,48,2,Own,Auto,Single,Bachelor,1,1,0
44,88841.86,17045.93,776,7.5,0.199,36,6,Rent,Home Improvement,Married,PhD,1,1,0
44,68433.83,10158.74,688,1.8,0.245,48,2,Own,Debt Consolidation,Married,Master,1,0,0
39,48334.03,12485.74,661,4.3,0.237,36,5,Mortgage,Medical,Single,High School,0,0,0
54,96970.6,41313.56,669,1.6,0.104,12,2,Rent,Debt Consolidation,Divorced,PhD,0,0,0
53,68272.89,8188.85,614,2.8,0.215,24,3,Mortgage,Debt Consolidation,Single,PhD,1,0,0
32,32486.25,13932.42,829,,0.243,36,2,Own,Medical,Married,High School,0,0,0
24,29155.24,36094.33,576,5.0,0.419,36,4,Rent,Education,Single,PhD,1,0,0
37,73790.91,16144.9,668,2.8,0.076,60,2,Own,Debt Consolidation,Married,Bachelor,0,0,0
30,59765.48,4338.91,660,0.1,0.383,36,3,Own,Medical,Single,High School,0,1,0
39,53363.05,19030.01,740,,0.602,48,3,Own,Medical,Married,PhD,0,0,0
54,32104.49,5918.85,749,3.2,0.257,48,3,Mortgage,Business,Single,High School,0,1,0
34,66434.63,35766.44,647,1.0,0.139,36,3,Rent,Auto,Single,Bachelor,0,0,0
39,33598.97,7510.01,676,4.4,0.476,48,6,Rent,Education,Married,Master,1,0,0
40,46583.73,100000.0,679,2.6,0.285,48,5,Rent,Home Improvement,Married,Master,1,0,0
50,101060.24,37315.47,445,5.3,0.424,36,0,Rent,Home Improvement,Single,High School,0,0,0
21,35227.52,7649.31,506,15.2,0.208,12,4,Rent,Auto,Single,Bachelor,1,1,1
32,22325.96,13548.21,595,3.8,0.482,60,4,Rent,Debt Consolidation,Single,High School,0,0,0
42,28961.61,22641.75,599,7.7,0.311,48,6,Rent,Auto,Married,High School,0,0,0
54,80591.58,23122.52,542,7.0,0.394,48,13,Mortgage,Education,Divorced,Master,0,0,1
34,55679.4,18208.35,717,12.7,0.262,48,2,Own,Medical,Single,Master,0,0,0
21,45961.59,32096.79,650,1.2,0.369,48,3,Mortgage,Medical,Married,Bachelor,1,0,0
47,38004.24,12257.85,630,8.8,0.01,36,5,Own,Home Improvement,Married,Master,0,0,0
32,62484.88,10335.06,536,11.8,0.114,60,3,Rent,Business,Single,Bachelor,1,0,1
25,32062.67,10479.7,645,2.5,0.425,48,3,Rent,Debt Consolidation,Married,Master,0,0,0
32,57115.61,24363.98,413,1.9,0.487,48,4,Own,Auto,Married,Bachelor,0,0,1
37,34008.74,17251.02,635,15.2,0.15,36,1,Mortgage,Medical,Married,Master,1,0,0
32,31293.64,16381.35,655,4.9,0.232,60,8,Rent,Medical,Single,High School,1,0,0
21,35641.15,23310.61,671,2.4,0.317,48,8,Rent,Business,Single,Bachelor,1,0,0
50,40631.39,3178.81,509,7.8,0.155,48,5,Mortgage,Medical,Divorced,High School,0,0,0
55,47838.45,16598.18,670,1.8,0.379,12,4,Own,Auto,Divorced,High School,0,0,0
47,55145.36,15568.4,556,1.0,0.387,48,6,Own,Home Improvement,Single,High School,1,1,0
26,15000.0,42966.05,576,3.9,0.543,36,1,Rent,Home Improvement,Married,Bachelor,0,1,0
37,32734.17,4582.45,714,4.2,0.257,48,4,Rent,Debt Consolidation,Single,Master,0,1,0
39,40304.36,39736.71,831,8.7,0.435,36,1,Own,Education,Married,High School,0,1,0
47,104040.03,14083.88,654,3.1,0.255,24,4,Own,Auto,Single,High School,0,0,0
48,28566.75,18812.8,576,8.4,0.286,36,2,Mortgage,Medical,Married,Master,0,1,0
31,53177.91,43180.45,666,1.9,0.219,36,2,Rent,Medical,Married,High School,1,1,0
40,103519.49,19782.1,734,4.3,0.324,48,4,Rent,Auto,Single,Bachelor,0,0,0
45,25425.7,17681.21,705,1.2,0.322,36,2,Rent,Education,Married,High School,1,0,0
57,59694.05,15829.08,850,2.4,0.127,36,7,Rent,Home Improvement,Divorced,Bachelor,1,0,0
48,32822.32,9523.95,585,,0.154,48,4,Rent,Medical,Single,High School,1,1,0
49,38089.09,13095.94,672,1.2,0.029,48,4,Mortgage,Medical,Married,Master,0,0,0
41,32808.55,8096.13,789,8.3,0.272,60,5,Own,Auto,Single,High School,0,0,0
56,33998.49,12949.38,783,1.7,0.41,36,1,Own,Debt Consolidation,Single,Bachelor,0,0,1
44,191177.21,2604.12,474,0.2,0.063,48,2,Own,Auto,Married,Bachelor,0,0,0
29,74774.18,18039.66,649,0.6,0.235,24,4,Rent,Medical,Divorced,Master,1,0,0
56,85039.31,12268.42,783,,0.48,48,8,Rent,Auto,Single,Bachelor,0,0,0
48,62692.48,10558.19,850,1.5,0.211,48,7,Own,Auto,Divorced,High School,0,0,0
34,21957.67,15581.36,713,5.3,0.039,48,5,Mortgage,Debt Consolidation,Single,Bachelor,1,1,1
34,59723.39,4897.62,616,6.0,0.252,24,4,Mortgage,Home Improvement,Divorced,Master,0,1,0
43,83823.18,51559.36,559,2.1,0.182,60,0,Rent,Auto,Single,Bachelor,1,1,0
45,31993.89,12432.42,849,3.2,0.115,60,6,Mortgage,Auto,Single,Bachelor,1,0,0
42,79432.54,12063.13,715,2.6,0.323,36,3,Mortgage,Education,Divorced,High School,0,0,0
43,69714.81,6796.91,573,14.7,0.133,36,7,Rent,Education,Single,Bachelor,0,0,0
60,123750.17,13585.56,631,1.9,0.46,60,3,Rent,Debt Consolidation,Single,High School,0,0,0
52,39779.56,35272.96,677,1.0,0.244,36,2,Own,Education,Divorced,High School,1,0,0
42,28316.35,27588.14,698,2.3,0.36,36,3,Own,Medical,Divorced,Bachelor,1,0,0
51,40912.3,24296.96,569,5.5,0.319,48,2,Mortgage,Business,Married,Master,0,1,0
27,100487.19,19584.22,594,6.0,0.049,48,3,Rent,Business,Divorced,Bachelor,0,0,0
44,19649.3,10394.38,501,,0.135,36,5,Own,Education,Single,PhD,0,2,1
61,17427.63,4841.04,743,10.7,0.193,36,5,Mortgage,Medical,Married,High School,0,0,0
37,51261.62,11605.95,619,1.7,0.153,36,7,Rent,Education,Married,High School,0,0,0
29,39289.22,11326.38,691,3.0,0.28,60,5,Own,Medical,Divorced,Master,0,0,0
32,49210.58,27837.97,778,6.9,0.214,60,5,Own,Medical,Divorced,Bachelor,0,0,0
26,78641.58,16590.3,669,12.4,0.156,48,4,Rent,Home Improvement,Single,Bachelor,0,0,0
30,37187.03,41300.01,639,2.1,0.31,36,2,Rent,Education,Single,Master,0,0,0
35,19215.97,30891.67,667,2.9,0.154,48,9,Rent,Home Improvement,Married,PhD,0,2,1
23,136249.19,9705.55,655,11.5,0.408,36,6,Own,Debt Consolidation,Divorced,High School,0,0,0
40,29773.85,3802.48,762,2.2,0.466,48,5,Rent,Medical,Single,Bachelor,0,1,0
50,28867.78,35238.79,677,3.3,0.205,36,4,Mortgage,Auto,Single,Master,0,0,0
29,85123.63,34598.64,601,11.7,0.292,36,7,Own,Medical,Single,High School,0,2,0
58,40447.31,5134.06,744,8.1,0.306,36,4,Mortgage,Education,Married,Bachelor,0,0,1
46,47491.45,38425.17,760,1.4,0.259,48,5,Rent,Medical,Single,Bachelor,0,1,0
52,62404.65,17456.76,529,2.0,0.269,60,3,Rent,Auto,Single,Bachelor,0,0,0
32,84270.87,14950.2,787,2.2,0.106,24,3,Mortgage,Debt Consolidation,Married,Master,0,0,1
50,41492.57,41371.53,682,12.2,0.067,36,3,Rent,Medical,Married,Bachelor,0,0,0
26,104817.5,34244.44,675,34.2,0.779,36,3,Mortgage,Auto,Married,Master,0,1,0
50,16849.9,21076.87,740,7.4,0.251,36,4,Own,Business,Married,Bachelor,0,0,0
42,71674.74,18606.23,598,3.3,0.214,60,3,Mortgage,Business,Married,PhD,0,0,0
46,32216.57,20567.68,735,0.1,0.229,36,7,Mortgage,Auto,Single,Bachelor,0,1,0
25,97356.59,10096.66,616,6.0,0.264,48,2,Rent,Medical,Single,Bachelor,1,0,0
29,52628.98,12854.24,517,2.5,0.092,48,6,Own,Home Improvement,Married,High School,0,1,0
47,35015.54,7103.75,560,5.0,0.232,24,3,Own,Home Improvement,Married,High School,0,0,1
28,68283.3,10581.6,701,4.7,0.141,48,7,Mortgage,Medical,Single,Master,1,0,0
45,76618.53,10335.67,564,,0.068,48,5,Own,Auto,Single,Master,1,1,1
23,67571.87,8563.69,794,14.4,0.42,48,5,Mortgage,Debt Consolidation,Single,Master,1,0,0
50,29294.41,14701.76,757,0.1,0.449,12,5,Own,Home Improvement,Married,Master,1,1,0
25,38483.75,10648.92,770,6.2,0.312,24,3,Rent,Business,Divorced,High School,1,0,0
46,48921.08,18988.03,661,2.6,0.229,48,7,Rent,Debt Consolidation,Single,Bachelor,1,0,0
47,48019.87,4291.43,673,6.3,0.089,36,3,Rent,Business,Married,Master,0,0,0
31,71315.77,12340.62,542,5.6,0.511,60,3,Own,Medical,Single,Bachelor,0,0,0
46,17899.88,14648.4,739,0.1,0.054,36,4,Mortgage,Debt Consolidation,Divorced,PhD,0,0,0
43,57940.01,10748.91,684,1.7,0.179,12,4,Own,Education,Divorced,Bachelor,0,1,0
33,42404.48,11841.02,701,1.0,0.484,48,5,Own,Education,Single,Bachelor,1,0,0
27,32233.12,818187.3947835912,801,0.9,0.221,36,9,Mortgage,Education,Married,PhD,1,0,0
21,33818.27,17146.24,595,6.5,0.121,36,2,Mortgage,Medical,Married,Bachelor,1,0,0
44,44034.61,21021.99,638,,0.412,12,2,Own,Home Improvement,Married,PhD,0,0,0
21,15000.0,18872.78,679,3.2,0.725,24,2,Mortgage,Medical,Married,High School,0,0,1
41,34522.11,27642.48,565,1.4,0.28,24,5,Mortgage,Education,Single,Bachelor,0,0,1
36,31637.32,15383.81,633,4.3,0.452,36,3,Mortgage,Home Improvement,Married,High School,1,0,1
48,63984.21,18677.54,694,6.4,0.271,48,3,Mortgage,Home Improvement,Single,Bachelor,0,1,0
36,32768.95,14902.19,620,2.0,0.404,24,4,Rent,Auto,Single,High School,0,0,0
36,44021.93,21618.08,767,,0.28,48,4,Mortgage,Medical,Divorced,High School,1,0,0
48,105994.06,4429.04,514,8.7,0.728,60,3,Mortgage,Debt Consolidation,Married,Bachelor,0,1,0
44,80593.7,7147.32,751,0.5,0.023,48,3,Own,Education,Married,Master,0,0,0
43,76967.28,40571.85,709,6.2,0.35,48,1,Rent,Education,Single,Master,1,0,0
45,38179.87,2386.77,598,2.0,0.029,24,4,Rent,Debt Consolidation,Married,High School,0,1,1
21,64312.94,12111.07,566,0.7,0.214,12,4,Mortgage,Auto,Married,Master,0,0,0
49,43610.41,30351.23,462,3.9,0.245,36,6,Mortgage,Medical,Married,High School,1,0,0
47,44442.58,12515.43,578,1.3,0.281,48,5,Rent,Auto,Divorced,Master,1,0,0
27,60164.8,10061.71,744,8.6,0.131,48,3,Mortgage,Home Improvement,Divorced,Bachelor,0,1,1
37,36370.13,14626.57,644,0.2,0.421,60,1,Mortgage,Medical,Single,Master,0,0,0
39,103414.61,10433.9,754,0.5,0.118,48,5,Own,Debt Consolidation,Divorced,High School,1,0,0
38,45248.96,13651.36,594,3.7,0.165,36,5,Rent,Education,Single,Bachelor,1,0,0
44,66781.43,8280.29,713,4.4,0.146,48,4,Mortgage,Education,Single,High School,1,0,1
57,101498.6,29029.62,585,6.5,0.448,24,3,Mortgage,Education,Married,High School,0,1,0
52,82110.97,36180.86,563,1.5,0.117,48,4,Mortgage,Home Improvement,Married,Master,0,1,1
24,24234.69,12168.75,640,9.2,0.745,36,4,Mortgage,Auto,Single,High School,1,0,0
47,61233.39,5061.7,590,15.3,0.183,24,4,Mortgage,Auto,Single,Bachelor,0,0,0
55,75008.72,9258.62,511,3.5,0.219,24,3,Rent,Auto,Married,Bachelor,0,0,0
44,76567.77,11745.29,633,7.1,0.338,60,7,Mortgage,Education,Divorced,Bachelor,0,0,1
53,28095.16,19032.0,659,3.7,0.32,48,5,Rent,Medical,Married,High School,0,0,0
64,35294.5,6597.14,764,0.4,0.534,24,6,Rent,Auto,Divorced,Bachelor,1,0,0
52,80602.03,7797.72,734,2.0,0.447,24,0,Rent,Home Improvement,Married,Bachelor,0,0,1
42,33493.94,19100.57,759,0.5,0.127,36,3,Mortgage,Education,Single,Master,1,0,0
52,,25776.96,714,22.5,0.297,12,6,Own,Education,Single,High School,0,0,0
41,,753506.8461035098,679,1.3,0.323,24,9,Mortgage,Medical,Married,Bachelor,0,0,0
40,47863.11,5254.02,539,5.1,0.048,48,3,Mortgage,Medical,Married,Bachelor,0,0,0
35,34085.01,100000.0,663,1.7,0.2,48,1,Own,Education,Married,Master,0,0,0
58,31608.82,23116.76,703,5.3,0.113,60,3,Own,Home Improvement,Married,Bachelor,0,0,1
30,57893.46,11082.22,781,1.2,0.302,12,8,Own,Education,Married,High School,0,0,0
58,25170.45,24546.43,711,7.7,0.054,60,3,Mortgage,Debt Consolidation,Divorced,Bachelor,1,1,0
45,43318.37,12245.09,761,0.6,0.105,36,3,Rent,Medical,Married,Bachelor,1,1,0
23,57908.26,24514.25,557,11.3,0.287,36,3,Rent,Home Improvement,Single,Bachelor,0,1,0
44,93861.44,14936.68,620,9.2,0.141,24,6,Mortgage,Medical,Married,Bachelor,0,0,0
21,68444.2,14241.14,688,5.7,0.066,60,5,Rent,Debt Consolidation,Married,High School,0,0,0
47,34302.29,12338.66,754,0.3,0.337,60,3,Mortgage,Debt Consolidation,Single,Bachelor,0,0,0
50,88363.09,4850.48,636,1.2,0.365,60,4,Mortgage,Business,Married,High School,0,1,0
32,42202.83,51878.85,642,9.8,0.251,12,3,Own,Medical,Married,Bachelor,0,1,0
41,26427.18,6911.39,711,0.7,0.191,48,5,Rent,Medical,Married,Bachelor,0,0,0
63,44980.27,5156.35,548,0.8,0.267,48,4,Mortgage,Home Improvement,Married,PhD,0,1,0
33,100617.81,11510.31,794,3.9,0.07,24,7,Mortgage,Home Improvement,Married,Bachelor,1,0,0
27,53242.92,6815.6,570,1.6,0.404,24,1,Mortgage,Business,Married,High School,0,0,1
57,49328.68,12884.77,477,1.3,0.465,48,4,Rent,Home Improvement,Married,Master,1,0,0
63,111146.65,21621.31,650,4.3,0.194,48,5,Own,Debt Consolidation,Married,High School,0,0,0
40,23964.35,26814.87,802,2.3,0.406,48,3,Mortgage,Auto,Married,Bachelor,0,0,0
52,25776.03,23630.92,702,0.8,0.072,36,3,Own,Medical,Married,High School,1,2,0
56,21852.63,10786.57,717,3.8,0.812,36,2,Own,Education,Single,Bachelor,0,1,0
31,59060.88,13831.64,653,2.4,0.231,48,6,Mortgage,Business,Single,Bachelor,1,0,0
34,53276.28,17774.41,636,,0.17,48,5,Mortgage,Education,Single,Bachelor,0,0,0
54,106018.43,3903.19,510,0.5,0.235,24,6,Rent,Medical,Married,Bachelor,0,0,0
60,55366.92,19918.6,446,4.8,0.539,48,3,Rent,Business,Divorced,High School,1,0,0
46,40051.5,4816.92,667,2.9,0.496,36,6,Rent,Auto,Married,Bachelor,0,0,0
29,49064.81,55728.26,768,2.6,0.269,36,3,Mortgage,Business,Married,Master,1,0,1
63,51992.45,10065.2,680,1.3,0.165,12,4,Mortgage,Business,Married,Bachelor,1,1,0
33,21250.15,11738.01,706,0.2,0.11,36,5,Mortgage,Education,Married,High School,0,1,0
35,190073.44,7794.74,792,9.4,0.44,12,5,Own,Auto,Married,Bachelor,0,1,0
44,63572.45,8595.73,679,2.0,0.44,60,3,Rent,Home Improvement,Divorced,Bachelor,1,0,0
58,54448.15,65635.07,638,5.7,0.334,48,9,Rent,Debt Consolidation,Single,High School,1,0,0
50,66674.78,25803.33,576,14.7,0.327,60,6,Rent,Business,Married,Bachelor,0,1,0
44,69891.93,4516.8,831,4.2,0.15,24,4,Rent,Debt Consolidation,Single,High School,0,0,0
45,45694.04,38290.19,697,2.5,0.232,48,3,Mortgage,Business,Single,High School,0,1,0
40,35752.64,30799.99,565,1.6,0.469,60,6,Rent,Auto,Divorced,Bachelor,0,0,0
46,66152.99,10972.54,544,13.6,0.323,24,2,Mortgage,Debt Consolidation,Married,Master,1,0,0
21,59447.89,16559.05,762,,0.378,12,6,Rent,Education,Married,Master,0,0,0
36,32697.53,13220.7,556,5.5,0.308,48,1,Own,Medical,Divorced,High School,0,0,0
42,99659.81,53146.42,816,2.8,0.354,36,6,Rent,Debt Consolidation,Divorced,Bachelor,1,0,0
26,56765.05,7651.04,401,9.3,0.577,24,4,Rent,Auto,Single,High School,1,0,1
44,70608.77,14797.41,778,6.3,0.14,60,3,Own,Home Improvement,Married,PhD,0,1,0
37,98317.81,9900.08,693,1.7,0.301,48,5,Mortgage,Education,Married,Bachelor,0,0,1
61,49560.25,4899.42,660,4.6,0.375,36,3,Rent,Home Improvement,Married,High School,1,1,0
58,57438.84,61953.96,634,2.8,0.279,12,2,Rent,Debt Consolidation,Single,Master,1,0,0
34,73498.01,5842.44,820,0.0,0.094,24,3,Rent,Auto,Married,Bachelor,0,0,0
38,34117.63,15585.41,713,8.2,0.199,24,4,Rent,Education,Single,High School,0,0,0
39,50363.69,3950.15,568,0.7,0.354,36,2,Rent,Home Improvement,Single,High School,0,1,0
34,52196.69,10103.64,495,3.6,0.293,36,4,Rent,Home Improvement,Married,Bachelor,0,1,1
42,30393.1,17950.59,665,2.0,0.065,12,4,Mortgage,Home Improvement,Single,High School,0,1,0
30,156188.42,7500.21,649,2.1,0.189,60,4,Mortgage,Debt Consolidation,Married,Bachelor,1,1,0
26,24254.4,20146.01,513,3.2,0.178,36,6,Mortgage,Home Improvement,Single,Master,0,0,0
47,25615.38,11066.43,645,29.1,0.222,12,3,Own,Auto,Married,Master,0,0,0
47,94571.67,30093.3,598,2.6,0.139,48,3,Mortgage,Education,Divorced,Master,0,1,0
30,70026.79,34656.22,650,1.0,0.145,12,4,Mortgage,Auto,Married,Master,0,0,0
50,,8859.79,715,4.8,0.285,48,0,Rent,Education,Single,Bachelor,1,1,0
32,66412.76,14096.94,784,1.3,0.586,48,2,Mortgage,Medical,Single,High School,0,0,0
43,102122.18,15190.39,731,0.6,0.247,60,8,Mortgage,Home Improvement,Married,Bachelor,0,0,0
49,48284.63,20610.26,585,0.3,0.421,36,5,Rent,Medical,Divorced,High School,0,0,1
39,179766.03,13494.9,683,0.1,0.26,24,4,Mortgage,Medical,Married,Master,1,1,0
45,20701.66,15262.4,655,2.8,0.151,12,8,Mortgage,Home Improvement,Single,Bachelor,1,0,0
33,69349.33,11266.8,530,2.8,0.308,12,5,Rent,Medical,Single,Master,0,0,0
37,87839.29,14482.09,685,1.0,0.231,48,3,Own,Home Improvement,Single,High School,0,1,0
37,76547.9,33142.05,817,7.7,0.325,48,3,Own,Business,Married,High School,1,1,0
31,44259.36,20999.59,652,0.7,0.128,60,3,Rent,Auto,Single,Master,0,0,0
37,42394.73,21826.47,506,12.3,0.343,36,1,Mortgage,Business,Married,Master,0,1,0
21,61210.41,22162.33,652,4.4,0.433,48,4,Mortgage,Education,Divorced,Bachelor,0,0,0
34,73708.78,11996.06,540,0.1,0.355,12,2,Rent,Debt Consolidation,Single,High School,1,0,0
36,66253.05,16700.25,727,16.5,0.213,60,1,Mortgage,Debt Consolidation,Married,Bachelor,0,1,0
36,82456.73,6250.26,697,1.8,0.242,12,3,Rent,Medical,Married,High School,0,0,0
37,29453.41,32473.04,634,3.0,0.065,48,5,Own,Business,Married,Master,0,0,0
39,43744.21,1904.41,620,1.7,0.214,36,2,Mortgage,Business,Divorced,High School,1,0,0
45,30637.87,12569.09,630,6.5,0.225,24,8,Rent,Home Improvement,Married,Bachelor,1,1,0
50,40414.49,29691.83,650,3.3,0.402,48,2,Own,Medical,Single,Master,1,0,0
32,81439.07,5142.49,580,0.7,0.171,60,4,Mortgage,Auto,Married,Bachelor,1,0,0
25,51740.28,17673.93,525,0.6,0.42,48,6,Rent,Business,Single,Bachelor,1,0,0
27,180489.81,8295.46,752,6.5,0.291,36,5,Rent,Business,Divorced,Master,0,1,0
34,53998.05,10319.99,615,1.4,0.311,36,5,Mortgage,Home Improvement,Single,Bachelor,0,0,0
35,50505.93,25904.16,665,0.7,0.67,24,3,Mortgage,Home Improvement,Single,Bachelor,0,0,1
30,51693.71,15346.46,675,3.5,0.424,48,3,Mortgage,Auto,Divorced,High School,0,1,1
24,35635.43,3216.18,678,8.1,0.307,24,7,Rent,Medical,Divorced,Bachelor,0,0,0
34,47623.5,6744.63,544,1.6,0.034,60,5,Own,Home Improvement,Single,High School,1,2,0
42,86154.2,26442.69,499,1.6,0.152,48,3,Mortgage,Debt Consolidation,Married,Bachelor,1,0,0
47,51895.39,18292.75,597,9.0,0.155,36,3,Own,Business,Single,High School,1,0,0
33,32967.26,45419.41,685,0.8,0.205,48,1,Mortgage,Debt Consolidation,Single,Bachelor,0,0,0
35,30867.46,43384.32,584,4.8,0.316,48,3,Own,Debt Consolidation,Single,High School,0,0,0
28,39139.95,10513.64,618,15.5,0.099,36,6,Mortgage,Business,Single,High School,0,1,1
39,50865.07,77054.36,841,9.2,0.373,36,0,Mortgage,Business,Married,Bachelor,0,0,0
29,89035.75,13590.63,483,0.3,0.154,24,6,Rent,Home Improvement,Single,PhD,0,0,0
46,,6809.9,582,1.9,0.218,36,4,Mortgage,Medical,Married,Bachelor,0,0,0
21,41776.4,8573.68,820,0.8,0.197,24,4,Rent,Business,Married,High School,0,0,0
35,52688.63,2752.58,645,14.9,0.191,48,4,Mortgage,Medical,Married,Bachelor,0,0,0
43,19597.3,41147.29,586,21.3,0.251,24,14,Rent,Business,Single,High School,1,1,0
42,32312.22,40795.76,755,1.3,0.593,60,1,Mortgage,Education,Single,High School,0,1,1
70,34893.5,6562.62,654,5.5,0.381,48,6,Rent,Debt Consolidation,Married,Master,1,0,0
44,32925.9,11389.89,618,9.2,0.268,60,6,Mortgage,Debt Consolidation,Single,Bachelor,0,0,0
27,53957.11,14284.43,667,1.3,0.256,12,4,Mortgage,Auto,Single,High School,1,0,0
38,45239.24,6820.94,590,1.0,0.054,48,3,Mortgage,Home Improvement,Married,Master,1,1,0
21,37136.55,3910.53,558,0.1,0.258,60,8,Mortgage,Home Improvement,Married,High School,0,0,0
39,60717.14,11530.49,639,2.7,0.145,12,6,Rent,Business,Single,High School,0,0,1
30,116022.26,10670.57,559,11.5,0.19,60,2,Own,Business,Married,Bachelor,0,0,0
50,111260.35,10179.31,650,11.7,0.663,36,2,Mortgage,Home Improvement,Married,Bachelor,0,0,1
33,18743.72,15613.66,681,0.7,0.485,24,4,Mortgage,Auto,Divorced,Master,1,0,1
38,65416.91,36339.62,726,1.1,0.345,36,1,Mortgage,Business,Married,Bachelor,0,0,1
32,44845.94,10805.77,751,2.6,0.125,12,3,Mortgage,Medical,Single,High School,0,0,0
60,52975.12,15052.66,613,7.6,0.068,60,2,Own,Business,Married,Bachelor,0,0,0
36,40169.31,22221.36,694,4.7,0.166,24,4,Mortgage,Medical,Single,Master,0,0,0
61,51989.36,19690.67,694,3.6,0.081,36,3,Own,Medical,Divorced,Bachelor,0,0,0
49,52875.94,8689.79,679,4.5,0.387,48,4,Rent,Debt Consolidation,Single,Bachelor,0,0,0
45,36699.71,14292.13,606,0.5,0.415,48,6,Mortgage,Education,Divorced,Bachelor,0,0,0
44,31313.86,19599.86,557,3.2,0.601,24,1,Mortgage,Education,Divorced,Bachelor,0,0,1
44,39169.44,6064.18,695,24.2,0.342,48,5,Own,Education,Married,Bachelor,1,0,0
21,55112.38,32353.49,496,0.5,0.137,24,2,Own,Debt Consolidation,Single,High School,0,0,0
36,66137.96,36392.29,625,3.7,0.184,48,5,Own,Auto,Married,Bachelor,0,0,0
50,75107.41,8055.04,420,1.8,0.349,60,4,Rent,Education,Single,Bachelor,1,2,0
39,38288.5,15299.4,529,3.9,0.435,12,4,Mortgage,Debt Consolidation,Married,Master,0,0,0
23,56495.84,20943.73,571,4.3,0.377,24,2,Mortgage,Medical,Single,High School,0,3,1
39,79320.45,9118.59,748,4.3,0.331,36,3,Rent,Auto,Married,High School,0,1,0
60,87798.3,18715.92,711,9.6,0.056,12,1,Own,Debt Consolidation,Married,Master,0,0,0
54,47599.79,14977.12,600,2.5,0.364,24,1,Mortgage,Debt Consolidation,Single,High School,0,0,0
39,43894.05,4781.25,715,3.6,0.525,24,2,Rent,Education,Married,High School,0,1,0
51,53936.47,18424.06,729,0.1,0.31,36,5,Own,Medical,Single,High School,0,1,0
35,27588.28,6185.11,635,,0.125,24,4,Own,Business,Married,Master,0,0,0
21,44497.81,25782.26,525,1.5,0.217,36,4,Mortgage,Education,Single,High School,0,0,1
28,71132.04,8351.13,631,8.5,0.04,36,4,Rent,Auto,Single,Bachelor,0,0,0
58,67573.66,11933.44,641,1.5,0.209,48,3,Mortgage,Debt Consolidation,Married,Bachelor,0,1,1
36,42824.52,34912.33,539,0.1,0.09,60,5,Own,Medical,Married,High School,1,2,1
37,54658.45,18910.4,683,0.8,0.106,36,8,Rent,Debt Consolidation,Single,Bachelor,0,0,0
36,32457.11,6275.25,675,21.2,0.168,36,6,Mortgage,Business,Married,Master,0,0,0
62,69685.4,6565.33,690,1.9,0.114,24,3,Own,Home Improvement,Married,High School,0,0,1
59,47150.0,8782.25,675,0.6,0.177,48,5,Mortgage,Auto,Single,High School,0,1,0
66,42702.99,17610.5,715,0.6,0.317,60,4,Mortgage,Auto,Married,Bachelor,0,2,0
38,40910.34,17168.13,633,1.9,0.45,48,2,Own,Medical,Single,Bachelor,1,0,1
43,47503.23,7404.39,668,0.2,0.221,24,7,Rent,Education,Divorced,Master,0,0,0
21,39185.47,5901.45,614,3.6,0.464,60,5,Mortgage,Medical,Single,High School,0,1,0
57,68123.09,16270.49,597,1.2,0.278,48,3,Rent,Debt Consolidation,Married,Bachelor,0,0,0
25,40229.6,11762.81,770,3.7,0.342,24,7,Mortgage,Auto,Married,High School,0,0,0
42,108714.67,60478.98,466,0.8,0.259,48,8,Mortgage,Education,Married,Bachelor,0,1,0
26,101987.47,13706.46,728,2.8,0.191,24,3,Rent,Debt Consolidation,Divorced,Bachelor,0,0,0
32,31389.49,47570.92,594,4.6,0.425,36,3,Own,Home Improvement,Married,Master,0,0,0
29,50759.4,5888.35,582,0.3,0.206,36,5,Own,Education,Single,High School,0,0,0
32,35407.24,4441.52,673,2.5,0.481,12,2,Rent,Auto,Divorced,High School,1,2,1
33,41634.16,6099.37,515,1.8,0.128,48,6,Own,Home Improvement,Single,Bachelor,0,0,0
33,133414.18,30711.45,576,1.4,0.617,48,1,Rent,Debt Consolidation,Single,Bachelor,0,0,0
50,42033.17,45673.39,573,4.6,0.163,24,2,Rent,Education,Married,High School,0,0,1
26,58695.19,7726.99,630,4.4,0.118,24,8,Mortgage,Business,Divorced,High School,0,0,0
42,64257.94,9677.93,577,5.0,0.254,36,4,Rent,Home Improvement,Married,Master,0,0,0
54,,5894.14,794,0.9,0.212,48,2,Own,Education,Divorced,Bachelor,0,0,0
33,31966.77,3758.79,811,1.7,0.527,12,4,Rent,Business,Divorced,Bachelor,0,2,0
31,26822.3,22090.17,468,1.2,0.146,48,4,Rent,Auto,Married,High School,0,1,0
37,31477.07,15616.98,698,3.9,0.327,60,2,Own,Business,Married,Master,0,1,0
54,15000.0,13458.17,727,3.1,0.48,36,4,Mortgage,Business,Single,PhD,1,0,0
42,64362.81,5013.86,0,2.0,0.155,12,2,Rent,Education,Single,PhD,0,0,0
33,136912.45,42107.02,590,7.7,0.063,24,2,Rent,Debt Consolidation,Married,Bachelor,1,1,0
45,52781.2,9392.35,628,0.5,0.056,24,1,Rent,Debt Consolidation,Single,PhD,0,0,0
26,24145.8,19409.9,582,18.4,0.282,24,4,Rent,Debt Consolidation,Single,Bachelor,0,0,1
48,35547.03,4826.16,612,,0.317,48,4,Own,Debt Consolidation,Single,Bachelor,0,1,0
44,38970.55,11691.68,541,7.4,0.51,12,2,Mortgage,Auto,Divorced,Master,0,0,0
36,29472.34,16382.39,639,2.3,0.231,24,2,Rent,Debt Consolidation,Single,Master,0,0,1
29,75364.48,16796.95,514,10.0,0.122,36,8,Mortgage,Auto,Single,Bachelor,0,0,0
29,73506.57,14887.15,631,0.4,0.078,60,5,Rent,Auto,Married,Bachelor,1,1,0
46,27509.15,18885.8,537,2.3,0.229,24,3,Rent,Education,Divorced,PhD,0,0,0
54,70441.69,6054.98,668,2.0,0.625,48,4,Rent,Business,Married,Bachelor,0,2,1
32,105177.67,15339.11,588,24.9,0.207,36,4,Mortgage,Auto,Single,Master,1,1,0
45,126915.79,14467.07,676,21.2,0.093,48,3,Rent,Debt Consolidation,Single,Master,1,1,0
21,205377.7,15711.86,747,1.1,0.313,60,3,Own,Medical,Married,High School,1,2,0
32,31225.92,14053.71,793,5.0,0.346,12,4,Mortgage,Business,Single,High School,0,2,0
39,201211.17,5479.4,422,3.8,0.379,36,4,Rent,Auto,Married,High School,0,0,0
29,41064.4,5311.03,574,0.8,0.208,48,2,Rent,Business,Single,High School,0,0,0
28,36452.57,2835.61,622,0.9,0.054,60,6,Mortgage,Education,Married,Bachelor,0,0,0
31,57730.23,23677.35,691,22.7,0.38,24,4,Rent,Auto,Married,High School,1,0,0
43,36642.69,23845.73,501,3.0,0.26,36,4,Mortgage,Auto,Married,High School,0,0,0
37,59845.53,24112.49,561,0.7,0.293,12,2,Rent,Business,Married,High School,1,0,1
21,25335.49,16560.12,661,1.2,0.507,48,2,Rent,Business,Married,Bachelor,0,0,0
21,43504.68,3001.35,657,1.6,0.267,60,3,Mortgage,Home Improvement,Single,High School,0,1,0
32,93226.86,6511.35,683,3.6,0.237,36,7,Mortgage,Home Improvement,Divorced,Bachelor,0,0,0
45,47641.97,15052.37,689,2.0,0.348,12,3,Own,Debt Consolidation,Married,Bachelor,0,1,1
21,52617.18,14689.12,680,3.0,0.23,24,4,Own,Auto,Single,Bachelor,0,0,0
34,,11430.91,667,0.9,0.382,48,5,Own,Business,Married,Master,0,1,1
33,88021.01,17296.2,655,2.0,0.288,60,2,Mortgage,Education,Married,PhD,1,0,0
56,21426.58,13469.14,709,0.4,0.235,48,7,Mortgage,Education,Married,High School,0,0,0
35,65661.11,14538.26,448,11.0,0.405,48,3,Rent,Medical,Married,High School,0,1,1
44,42870.12,8541.18,788,1.1,0.367,36,2,Own,Education,Single,High School,0,0,0
41,53280.14,26566.54,451,7.1,0.274,60,6,Rent,Education,Divorced,Bachelor,0,1,1
21,83280.95,9881.9,552,2.2,0.15,48,2,Rent,Business,Married,Master,0,1,0
49,26981.5,5263.47,629,3.2,0.39,36,3,Mortgage,Home Improvement,Married,Master,0,0,0
42,29545.24,7787.7,710,1.7,0.114,48,7,Mortgage,Business,Married,Bachelor,1,0,0
46,18625.47,10467.95,380,6.0,0.065,36,6,Mortgage,Education,Married,Master,1,1,0
70,37250.5,26790.48,647,9.3,0.235,48,6,Rent,Medical,Married,PhD,0,1,0
21,95341.09,12970.24,721,1.7,0.509,60,2,Mortgage,Business,Single,High School,0,0,0
60,46152.5,11727.55,739,1.4,0.481,24,8,Mortgage,Business,Married,PhD,0,0,1
36,25082.8,5574.38,587,5.7,0.46,48,2,Rent,Medical,Single,Master,0,0,1
43,38451.79,23152.03,622,1.1,0.199,36,4,Rent,Home Improvement,Married,High School,1,1,1
39,23296.75,8464.48,594,5.1,0.215,60,5,Own,Business,Married,Master,0,1,0
34,27928.61,12456.28,614,0.5,0.434,24,6,Rent,Education,Married,High School,1,0,0
33,59540.35,37651.5,557,4.8,0.166,48,5,Mortgage,Home Improvement,Married,High School,1,0,0
43,27256.94,19075.01,569,3.6,0.204,12,6,Mortgage,Medical,Single,Master,0,0,1
21,85503.89,4273.64,689,0.6,0.043,24,2,Mortgage,Business,Single,Master,0,0,0
49,47308.24,3871.29,661,,0.38,36,2,Mortgage,Business,Single,Bachelor,0,0,1
35,51164.3,12771.64,694,3.0,0.13,36,3,Mortgage,Auto,Single,High School,0,0,0
26,42651.32,5716.33,669,1.2,0.206,60,4,Mortgage,Debt Consolidation,Married,Bachelor,1,0,0
34,72144.33,21035.84,713,2.2,0.494,12,3,Rent,Medical,Divorced,High School,0,3,0
55,72517.26,13760.87,729,3.4,0.483,24,4,Mortgage,Education,Married,Bachelor,0,0,0
33,57961.09,14999.46,493,0.5,0.136,24,4,Mortgage,Home Improvement,Single,Bachelor,1,0,0
44,65016.38,8145.98,573,15.8,0.255,36,4,Rent,Medical,Single,Bachelor,0,0,0
31,44088.54,45205.25,629,5.5,0.025,12,4,Rent,Auto,Single,High School,0,0,0
49,64286.28,97715.51,647,0.5,0.044,60,8,Mortgage,Education,Single,High School,0,0,0
48,41401.03,10992.74,589,8.7,0.271,36,6,Mortgage,Medical,Married,Master,0,1,0
62,49075.53,17105.02,732,1.9,0.265,48,5,Rent,Debt Consolidation,Married,Bachelor,0,0,1
37,42730.92,14302.54,828,4.5,0.339,48,6,Own,Education,Divorced,Bachelor,1,1,0
48,39002.88,11139.13,666,1.6,0.347,48,5,Mortgage,Medical,Married,Bachelor,0,1,0
41,34732.95,7461.79,657,6.6,0.062,60,4,Own,Home Improvement,Single,High School,1,0,0
55,61935.27,6251.16,726,6.4,0.341,60,3,Rent,Education,Single,Bachelor,0,0,0
31,94400.62,6033.5,482,4.0,0.191,24,7,Rent,Home Improvement,Married,Bachelor,0,0,0
48,88040.39,17741.61,652,1.4,0.254,60,4,Own,Debt Consolidation,Married,High School,0,0,0
37,26152.95,9285.67,738,1.5,0.43,36,4,Rent,Auto,Married,Bachelor,1,0,0
39,93395.79,2197.76,592,2.4,0.224,24,3,Own,Education,Married,Master,0,0,0
41,41811.25,18240.52,539,,0.274,48,3,Own,Business,Single,PhD,0,0,0
43,66195.42,13006.66,633,,0.455,24,4,Rent,Business,Divorced,High School,0,0,0
38,31160.06,34292.13,644,5.8,0.124,36,7,Own,Debt Consolidation,Divorced,Master,1,0,0
42,52627.28,17347.19,568,8.9,0.384,48,8,Rent,Debt Consolidation,Single,High School,0,0,0
58,57346.18,4745.39,838,2.0,0.507,12,7,Mortgage,Home Improvement,Single,Bachelor,1,0,0
51,23334.72,2805.19,606,1.3,0.092,24,8,Own,Debt Consolidation,Married,High School,1,2,0
50,66445.25,8073.72,546,8.9,0.23,60,8,Rent,Home Improvement,Married,Bachelor,0,1,0
34,96082.98,8625.04,641,11.1,0.262,36,5,Own,Medical,Married,Bachelor,0,0,0
29,44921.69,25853.76,731,2.6,0.325,36,4,Mortgage,Home Improvement,Single,Bachelor,0,1,0
51,96769.2,13277.02,651,,0.372,60,3,Rent,Home Improvement,Married,Bachelor,0,0,0
50,44585.02,29542.4,693,5.9,0.216,60,4,Rent,Medical,Married,PhD,0,0,0
57,74966.17,5284.94,571,7.7,0.248,12,5,Rent,Home Improvement,Single,Master,0,0,0
32,16166.8,26256.93,783,0.1,0.259,36,7,Mortgage,Business,Married,PhD,0,1,0
37,164290.07,22130.07,700,4.5,0.059,60,5,Rent,Home Improvement,Married,Bachelor,0,0,0
21,103541.64,3252.69,744,4.4,0.53,24,3,Rent,Debt Consolidation,Single,High School,1,0,0
35,42518.19,33719.53,682,2.4,0.304,36,5,Rent,Home Improvement,Married,Bachelor,1,0,1
51,18287.18,14262.96,724,6.9,0.116,36,9,Mortgage,Medical,Single,Bachelor,0,1,1
34,56614.15,17578.49,571,2.8,0.032,48,3,Rent,Debt Consolidation,Married,Bachelor,0,0,0
47,23814.2,7292.29,605,5.6,0.417,24,4,Own,Education,Married,Bachelor,0,0,1
37,61232.1,32619.74,771,3.6,0.39,36,6,Own,Medical,Married,Master,1,0,0
43,60221.39,5824.94,790,1.4,0.337,12,2,Mortgage,Medical,Single,Master,0,0,0
26,30616.62,23919.86,546,4.7,0.268,24,5,Rent,Business,Married,Bachelor,0,0,0
41,85860.87,23728.34,672,6.7,0.182,24,4,Own,Education,Single,Bachelor,0,0,0
21,73334.57,6755.3,611,18.2,0.115,24,5,Own,Auto,Single,Bachelor,0,0,0
37,79850.52,53549.49,587,2.4,0.233,60,3,Mortgage,Business,Single,Bachelor,1,0,0
21,49238.39,15710.27,675,0.3,0.091,60,2,Own,Medical,Single,High School,0,0,0
54,24154.79,21114.7,752,22.1,0.197,48,3,Mortgage,Medical,Single,Bachelor,1,0,0
49,79932.37,4587.16,690,4.9,0.553,36,1,Rent,Medical,Single,High School,1,0,1
45,42822.3,58830.22,621,14.6,0.141,24,10,Rent,Medical,Married,Master,0,2,0
58,24467.72,5669.24,696,0.5,0.167,24,2,Mortgage,Medical,Single,Bachelor,0,0,0
28,96376.69,27375.96,617,2.1,0.269,36,4,Mortgage,Business,Married,High School,0,0,0
60,140042.85,6658.57,687,0.7,0.13,48,4,Rent,Auto,Single,High School,0,0,0
51,48020.15,8662.06,775,9.0,0.357,24,3,Rent,Medical,Single,Bachelor,0,0,0
37,144287.13,23205.11,463,10.6,0.196,60,5,Mortgage,Education,Divorced,Bachelor,1,0,0
53,51310.84,27427.1,721,3.5,0.611,48,2,Mortgage,Auto,Married,Master,0,1,0
26,40528.96,5486.8,511,1.0,0.719,60,5,Rent,Debt Consolidation,Married,Master,1,2,0
30,35766.64,28662.09,760,0.7,0.316,36,8,Rent,Home Improvement,Married,High School,0,0,0
32,111139.47,27763.75,592,4.4,0.309,36,5,Mortgage,Education,Single,High School,0,0,1
33,33187.48,6928.74,540,3.5,0.446,24,3,Rent,Medical,Married,Bachelor,0,0,0
27,70801.44,40906.87,712,5.9,0.549,48,3,Own,Education,Single,High School,0,1,0
54,37064.62,4818.41,682,1.8,0.099,60,3,Rent,Education,Single,High School,0,0,1
36,38942.7,8627.06,560,2.6,0.238,12,3,Rent,Medical,Married,Bachelor,0,1,0
44,82053.34,18681.74,537,0.1,0.369,24,3,Mortgage,Education,Single,Bachelor,0,0,0
33,40537.45,7350.35,633,4.7,0.121,24,6,Rent,Medical,Single,Master,0,0,0
21,40038.72,16069.42,541,2.8,0.326,60,3,Rent,Education,Single,High School,1,0,0
43,86370.58,15815.62,554,12.6,0.318,24,9,Rent,Home Improvement,Single,Bachelor,1,0,0
21,108955.92,11719.95,660,5.1,0.421,48,5,Rent,Auto,Married,Master,0,0,0
39,67666.39,23925.03,563,2.5,0.311,24,6,Own,Education,Married,High School,0,0,0
23,35334.5,11386.09,688,1.5,0.251,60,5,Mortgage,Business,Single,Master,1,0,0
63,37975.47,15710.41,784,11.8,0.234,36,5,Mortgage,Medical,Married,Bachelor,0,0,0
50,51019.22,29807.95,636,0.1,0.08,24,6,Own,Home Improvement,Divorced,Master,1,0,0
41,57553.2,23236.52,661,2.0,0.06,48,5,Mortgage,Debt Consolidation,Single,Bachelor,1,1,1
55,29913.56,23160.7,831,14.4,0.137,48,1,Mortgage,Home Improvement,Single,Bachelor,0,1,0
29,70369.76,5976.4,543,5.3,0.423,36,2,Mortgage,Medical,Married,High School,1,1,0
46,51162.22,19290.24,757,3.8,0.038,48,4,Mortgage,Auto,Married,Master,0,0,0
42,20788.3,7223.18,746,1.1,0.044,24,8,Own,Auto,Single,Bachelor,1,0,0
43,30808.22,5448.03,726,9.0,0.23,60,3,Own,Debt Consolidation,Single,High School,0,2,0
55,38098.71,12705.69,766,1.1,0.517,12,2,Mortgage,Medical,Married,Master,1,0,0
48,47267.17,7093.92,675,1.4,0.085,24,4,Rent,Debt Consolidation,Single,Master,1,0,0
43,126075.9,23235.4,597,1.1,0.03,24,8,Rent,Education,Divorced,Master,0,0,1
21,55220.29,23627.7,748,0.9,0.303,24,2,Mortgage,Debt Consolidation,Single,Bachelor,0,0,0
28,32196.53,3526.85,751,15.3,0.108,36,4,Rent,Medical,Married,Bachelor,0,0,0
38,54738.11,7481.5,749,4.6,0.14,36,6,Rent,Auto,Single,Bachelor,1,0,0
41,41107.92,4808.54,654,5.1,0.161,36,8,Mortgage,Auto,Married,High School,0,1,1
26,57663.47,9663.97,585,15.4,0.543,12,4,Rent,Auto,Married,Bachelor,0,0,0
68,65531.34,18372.73,667,1.3,0.048,24,2,Rent,Auto,Single,Bachelor,0,0,1
58,89734.92,11275.62,734,0.0,0.524,48,8,Own,Auto,Married,Master,0,0,0
47,48429.13,8841.12,742,4.6,0.223,48,1,Own,Debt Consolidation,Single,Master,1,0,0
40,111243.89,33193.97,611,3.5,0.174,36,3,Mortgage,Education,Married,High School,1,0,0
37,77188.93,2661.38,678,3.2,0.41,36,2,Mortgage,Business,Divorced,High School,0,1,0
28,34416.12,31755.15,532,0.3,0.269,24,4,Mortgage,Medical,Married,High School,0,1,0
40,147994.12,9127.05,738,3.0,0.253,48,4,Rent,Education,Married,Bachelor,1,0,0
43,57727.98,12648.88,579,1.7,0.232,60,5,Rent,Education,Married,High School,0,0,1
25,32287.57,9235.83,720,1.6,0.466,24,9,Mortgage,Business,Single,Bachelor,0,0,0
44,112022.67,39340.97,546,1.3,0.486,48,2,Rent,Debt Consolidation,Single,Master,0,1,1
38,138536.46,5643.81,742,2.0,0.29,36,3,Rent,Medical,Married,Master,1,0,0
21,48217.99,13469.94,678,2.2,0.197,12,6,Mortgage,Debt Consolidation,Single,Master,0,1,1
29,38107.82,19326.01,579,1.8,0.393,36,5,Own,Education,Single,High School,0,0,0
35,44972.77,4325.57,712,19.3,0.127,36,3,Rent,Medical,Married,Bachelor,0,1,0
62,70078.12,7016.86,596,13.5,0.363,48,5,Own,Education,Single,High School,0,0,0
46,92867.44,12043.44,717,4.3,0.356,48,3,Mortgage,Home Improvement,Married,Bachelor,0,0,0
23,65201.89,7182.01,625,19.8,0.257,60,3,Own,Debt Consolidation,Married,Bachelor,0,1,0
45,51578.57,7548.36,495,23.7,0.404,36,4,Rent,Debt Consolidation,Divorced,High School,1,0,0
21,103673.92,10457.72,561,2.2,0.281,36,8,Own,Home Improvement,Single,High School,1,0,0
52,41922.66,21051.08,611,2.9,0.164,36,3,Own,Education,Single,Bachelor,0,1,0
34,82080.82,10510.16,773,16.0,0.21,24,5,Rent,Auto,Married,High School,0,1,0
38,,28421.42,731,4.7,0.276,48,2,Own,Home Improvement,Single,Bachelor,1,0,0
55,60810.12,6644.66,796,1.2,0.249,48,4,Own,Home Improvement,Single,High School,0,0,1
24,46314.89,5561.67,798,5.8,0.339,24,2,Own,Business,Married,Master,1,0,0
23,47670.78,51453.91,601,1.2,0.154,60,4,Mortgage,Business,Single,Bachelor,1,0,1
32,40591.21,8428.97,633,2.1,0.373,48,3,Own,Auto,Single,Bachelor,1,0,0
52,96031.07,5336.69,612,1.3,0.677,48,3,Mortgage,Business,Single,Bachelor,1,1,1
21,33980.33,3946.41,589,1.4,0.159,60,4,Rent,Auto,Single,Bachelor,0,1,0
21,33856.42,28355.39,484,0.0,0.43,36,3,Own,Education,Married,Bachelor,1,0,0
34,141562.53,10520.56,648,10.6,0.138,12,3,Rent,Home Improvement,Single,High School,0,1,1
46,79931.38,11185.83,534,1.8,0.175,48,5,Rent,Education,Married,Bachelor,1,1,0
54,15000.0,11950.86,646,0.5,0.252,60,6,Rent,Business,Divorced,Master,0,0,0
34,36951.84,27148.04,840,0.5,0.252,24,7,Mortgage,Education,Divorced,Bachelor,0,0,0
35,19811.25,11782.01,604,4.1,0.082,12,3,Mortgage,Auto,Single,High School,0,0,0
53,30474.78,68929.37,667,24.8,0.439,24,3,Rent,Education,Married,Bachelor,1,0,0
21,15000.0,14671.06,731,0.8,0.125,36,1,Own,Auto,Married,Bachelor,0,2,0
35,45775.54,28092.26,675,0.5,0.337,60,3,Rent,Business,Single,Bachelor,0,0,0
42,27695.61,23474.45,676,2.9,0.075,12,2,Own,Medical,Single,PhD,0,0,0
45,50511.31,13023.19,617,4.1,0.12,48,4,Mortgage,Business,Divorced,High School,1,0,0
33,21751.53,8858.39,629,1.7,0.079,60,8,Rent,Auto,Married,Bachelor,1,0,0
40,,16854.53,563,1.8,0.185,48,4,Mortgage,Medical,Married,High School,1,0,0
21,39836.62,19092.85,726,2.8,0.114,12,1,Mortgage,Business,Married,Bachelor,0,1,0
32,103878.42,8948.04,493,1.9,0.292,48,3,Own,Home Improvement,Single,High School,0,1,0
45,99277.92,15009.48,737,12.3,0.283,60,3,Rent,Education,Single,Master,0,0,0
28,72596.56,31740.33,523,0.2,0.165,24,4,Own,Debt Consolidation,Married,High School,0,2,1
40,41634.86,56895.04,736,1.3,0.18,12,1,Rent,Business,Single,Bachelor,1,1,0
45,132281.86,24295.79,618,8.3,0.5,60,3,Mortgage,Business,Single,Bachelor,1,0,1
35,22549.82,49213.92,539,9.0,0.233,48,3,Rent,Debt Consolidation,Single,Bachelor,1,2,1
42,24299.73,8599.32,702,0.6,0.229,48,5,Rent,Medical,Divorced,High School,1,0,1
28,47009.66,21836.05,733,18.2,0.247,60,5,Own,Debt Consolidation,Married,High School,0,1,0
37,151299.87,34096.96,610,5.9,0.219,48,4,Own,Medical,Single,Bachelor,1,0,1
47,44304.01,7133.57,714,1.6,0.136,36,4,Rent,Auto,Single,Bachelor,1,2,1
41,44729.0,9509.88,444,3.0,0.392,36,2,Rent,Medical,Married,High School,0,0,1
32,23838.2,45095.3,531,1.8,0.481,24,7,Own,Home Improvement,Single,Bachelor,1,0,1
42,78665.88,6750.9,766,0.8,0.085,36,1,Rent,Debt Consolidation,Married,Bachelor,1,1,0
48,78951.43,5224.99,629,1.7,0.271,36,1,Rent,Home Improvement,Divorced,Bachelor,1,1,0
21,72732.06,38932.6,482,4.3,0.491,24,3,Mortgage,Home Improvement,Married,High School,0,0,1
53,35788.78,30875.99,587,8.7,0.789,60,2,Rent,Debt Consolidation,Divorced,Bachelor,0,1,0
35,34428.73,18078.6,566,2.3,0.464,12,5,Mortgage,Medical,Single,Master,0,0,0
45,25679.26,12939.02,635,2.1,0.274,36,1,Mortgage,Home Improvement,Single,High School,0,0,1
54,51120.26,9828.41,616,3.2,0.329,48,5,Own,Home Improvement,Married,Bachelor,0,0,0
23,28560.97,16274.65,666,5.2,0.491,48,4,Rent,Education,Married,High School,0,0,0
31,27208.69,40370.91,643,7.0,0.027,48,5,Own,Medical,Single,Bachelor,0,0,0
36,39662.23,15787.86,772,2.0,0.193,36,1,Mortgage,Home Improvement,Single,Bachelor,1,0,0
30,38385.0,60892.88,688,4.4,0.073,60,3,Rent,Business,Single,Master,1,0,0
60,37459.32,7125.54,691,2.5,0.402,36,9,Own,Debt Consolidation,Married,High School,0,0,1
29,61896.71,13176.94,754,6.3,0.108,48,4,Mortgage,Medical,Single,High School,0,0,0
33,50997.09,10289.29,615,0.9,0.477,60,4,Own,Business,Single,Master,0,1,1
42,42443.2,6250.4,536,1.5,0.146,24,5,Own,Business,Married,Master,1,0,0
25,53718.16,12002.15,758,2.8,0.456,60,5,Mortgage,Education,Single,Bachelor,0,1,0
35,29858.85,17892.39,662,11.0,0.434,48,5,Mortgage,Medical,Married,Bachelor,1,1,1
43,51670.35,19282.65,662,4.3,0.324,48,4,Rent,Auto,Single,Master,0,0,0
36,52854.66,61041.94,593,16.8,0.627,36,4,Mortgage,Home Improvement,Single,Bachelor,0,0,0
38,23120.54,18492.62,594,0.5,0.073,60,2,Mortgage,Education,Married,Bachelor,0,1,1
33,80647.81,29884.52,726,3.1,0.521,12,4,Mortgage,Home Improvement,Divorced,Bachelor,1,0,0
21,31548.56,13992.35,738,2.7,0.176,36,6,Own,Auto,Single,Bachelor,0,0,0
43,51285.07,43245.09,720,4.6,0.27,48,5,Own,Auto,Married,Master,0,1,0
61,,71604.59,721,8.4,0.264,48,4,Rent,Auto,Divorced,Bachelor,1,1,0
40,77873.3,19375.4,701,9.2,0.279,24,3,Rent,Home Improvement,Single,Bachelor,1,0,0
42,49869.59,6668.42,661,5.5,0.203,12,5,Own,Education,Single,Bachelor,0,0,0
48,40894.49,9098.24,634,5.1,0.213,48,8,Mortgage,Debt Consolidation,Divorced,PhD,0,0,0
24,78728.14,16274.49,758,14.9,0.12,36,2,Rent,Education,Married,Bachelor,0,0,0
60,68689.22,18389.75,616,2.4,0.071,24,1,Rent,Home Improvement,Married,High School,1,1,0
42,35983.56,21783.27,683,8.9,0.346,12,6,Rent,Debt Consolidation,Married,Master,0,0,0
59,,18437.43,577,12.7,0.531,48,4,Mortgage,Home Improvement,Single,Bachelor,0,0,0
31,17392.99,13425.21,590,3.4,0.227,36,6,Rent,Debt Consolidation,Single,High School,1,0,0
61,52945.37,8558.34,628,6.5,0.062,60,4,Mortgage,Education,Married,High School,0,0,0
49,47035.18,17690.74,577,2.4,0.21,12,6,Rent,Debt Consolidation,Married,PhD,1,1,0
46,86516.96,48946.89,721,0.9,0.275,60,1,Rent,Business,Married,Bachelor,1,0,0
42,58660.83,27281.12,528,4.4,0.082,60,4,Mortgage,Home Improvement,Married,Bachelor,0,1,0
37,95522.26,19424.55,658,1.1,0.329,36,4,Rent,Education,Single,Bachelor,1,1,0
54,34589.93,27465.8,661,3.1,0.232,12,4,Own,Debt Consolidation,Single,High School,0,0,0
41,86601.74,10303.67,487,10.3,0.152,60,7,Own,Business,Single,Bachelor,1,0,0
21,37629.43,9360.13,610,0.4,0.036,12,3,Rent,Home Improvement,Single,Bachelor,0,0,0
26,72315.81,7915.28,673,0.2,0.298,36,4,Mortgage,Debt Consolidation,Married,PhD,0,2,1
37,23638.23,12237.98,688,4.7,0.309,36,1,Mortgage,Business,Single,High School,0,0,0
43,55136.52,9942.72,631,2.0,0.217,48,5,Mortgage,Auto,Single,High School,1,0,0
39,18172.34,31125.8,710,2.7,0.393,36,2,Rent,Debt Consolidation,Married,Bachelor,1,0,1
54,42891.6,9578.47,640,2.6,0.442,36,6,Rent,Business,Married,Master,1,0,0
21,61094.49,7616.67,651,0.5,0.147,60,5,Mortgage,Debt Consolidation,Single,Master,0,1,0
41,37779.27,52041.88,672,0.0,0.104,60,1,Mortgage,Education,Married,High School,1,0,0
21,28992.17,9740.4,733,11.4,0.394,36,4,Mortgage,Home Improvement,Married,Bachelor,0,0,0
49,74836.37,14875.49,589,1.2,0.19,36,3,Rent,Business,Single,High School,1,0,0
38,46549.36,18323.25,606,2.8,0.253,48,3,Rent,Home Improvement,Single,Bachelor,0,0,1
45,38377.04,6028.87,589,17.9,0.588,48,4,Own,Business,Divorced,High School,0,0,1
29,50058.52,31724.31,620,8.8,0.379,36,4,Mortgage,Debt Consolidation,Married,Master,0,0,0
55,183200.15,20868.23,778,0.6,0.116,36,5,Own,Home Improvement,Single,Master,0,2,0
52,87269.07,39770.03,701,3.6,0.129,24,7,Mortgage,Education,Married,High School,0,1,0
47,87665.77,8304.43,548,6.5,0.302,48,3,Own,Medical,Married,Bachelor,1,0,0
38,60947.81,14319.65,595,6.0,0.347,48,5,Rent,Education,Single,PhD,0,0,0
46,53276.08,13732.89,683,7.2,0.122,24,7,Rent,Medical,Divorced,Bachelor,0,0,0
31,15000.0,16070.2,568,3.1,0.379,36,5,Rent,Education,Married,Bachelor,0,0,0
50,34909.34,4825.98,584,1.0,0.381,36,2,Rent,Medical,Single,Bachelor,0,0,0
59,38550.05,14437.52,771,3.1,0.39,48,5,Rent,Medical,Divorced,Bachelor,0,0,0
52,19197.86,4922.02,594,5.2,0.633,48,5,Own,Business,Single,Bachelor,0,0,0
31,27482.15,17168.54,735,4.7,0.35,36,4,Mortgage,Education,Married,High School,1,1,0
44,18207.37,3010.75,762,0.4,0.073,24,2,Mortgage,Home Improvement,Married,High School,0,0,0
24,48090.41,3655.14,583,0.3,0.129,48,4,Rent,Business,Married,Master,0,0,1
46,73819.85,23694.17,569,16.8,0.225,36,3,Own,Home Improvement,Married,PhD,0,0,0
45,85253.74,9110.78,625,0.8,0.131,36,4,Rent,Education,Single,Bachelor,1,0,0
21,60318.39,6690.87,552,1.7,0.309,48,1,Mortgage,Medical,Single,Master,0,0,0
26,30281.79,32519.39,660,7.3,0.102,36,5,Mortgage,Auto,Married,Master,1,2,1
36,18656.83,16803.43,631,,0.164,48,4,Rent,Debt Consolidation,Divorced,Bachelor,0,1,0
36,20364.85,24599.05,682,1.0,0.072,60,3,Rent,Medical,Single,Bachelor,1,0,0
25,25991.08,11892.11,775,3.1,0.487,60,2,Mortgage,Medical,Single,Master,1,1,0
44,31431.64,87180.86,723,4.2,0.222,24,3,Mortgage,Auto,Single,Master,1,0,1
43,45257.59,8750.27,694,3.0,0.525,36,2,Rent,Business,Married,Master,0,0,0
37,29522.79,45303.83,473,12.6,0.314,36,5,Rent,Business,Single,Bachelor,0,0,1
30,58074.85,12797.99,689,1.7,0.223,24,2,Rent,Home Improvement,Single,Bachelor,0,0,0
52,43645.84,4195.81,805,5.4,0.327,48,6,Own,Education,Single,Master,0,0,0
59,49279.96,18732.1,379,0.6,0.109,36,3,Own,Debt Consolidation,Married,Bachelor,1,0,0
34,86692.73,16652.8,712,2.5,0.153,48,5,Own,Home Improvement,Married,Master,0,1,0
32,27170.42,658613.8641649319,635,6.8,0.481,12,2,Mortgage,Medical,Divorced,Bachelor,0,0,0
45,60436.73,7005.47,573,1.3,0.414,36,0,Own,Business,Married,High School,1,1,0
35,48679.51,13130.74,722,4.5,0.177,12,7,Rent,Medical,Married,High School,0,0,0
38,41492.04,17065.66,803,0.8,0.139,48,5,Mortgage,Medical,Married,Master,0,1,0
48,76315.26,2369.74,719,0.5,0.551,60,4,Rent,Education,Divorced,High School,0,1,1
21,76077.44,27922.41,616,3.7,0.136,36,6,Rent,Education,Divorced,Master,0,1,1
55,30538.84,9450.77,565,5.6,0.354,48,11,Mortgage,Business,Married,Bachelor,0,0,1
40,44753.27,5259.42,663,0.6,0.337,12,7,Mortgage,Education,Married,Master,1,2,0
35,56421.52,25815.92,728,12.5,0.11,36,5,Own,Medical,Divorced,Master,0,1,1
38,42765.91,13140.67,615,1.3,0.227,36,5,Mortgage,Medical,Single,Master,0,0,0
39,65677.43,31298.21,623,0.6,0.289,12,4,Mortgage,Debt Consolidation,Married,Bachelor,0,0,0
21,56420.96,18152.55,850,1.1,0.349,48,3,Own,Home Improvement,Single,Bachelor,0,0,0
57,122550.76,13345.57,747,0.9,0.075,24,3,Mortgage,Debt Consolidation,Married,Bachelor,0,0,0
40,22807.86,12005.13,753,0.5,0.16,48,4,Mortgage,Auto,Married,Bachelor,1,0,0
45,46109.86,18730.32,518,8.0,0.362,36,10,Rent,Debt Consolidation,Single,Bachelor,1,0,0
51,31124.44,10001.88,586,3.4,0.461,60,2,Mortgage,Home Improvement,Single,Bachelor,0,0,0
27,66307.2,7355.47,656,2.5,0.363,24,3,Own,Debt Consolidation,Married,Bachelor,0,0,0
45,21838.16,20474.52,559,15.0,0.032,12,5,Mortgage,Auto,Married,Bachelor,0,0,0
36,58288.28,12074.59,794,2.3,0.394,60,3,Mortgage,Medical,Married,Bachelor,0,0,0
50,35773.97,13677.36,776,0.9,0.194,24,5,Mortgage,Medical,Single,Master,0,0,0
21,33959.34,28640.18,601,1.6,0.059,48,0,Mortgage,Debt Consolidation,Married,Master,0,0,1
38,23783.58,12336.11,810,1.4,0.324,36,2,Rent,Auto,Divorced,Bachelor,1,0,0
32,38849.95,13501.06,649,3.5,0.477,48,2,Mortgage,Home Improvement,Divorced,Bachelor,0,1,0
45,84309.54,8780.12,850,1.7,0.505,36,4,Mortgage,Auto,Single,High School,1,0,0
45,48407.29,18061.14,663,3.6,0.327,48,0,Rent,Debt Consolidation,Divorced,Master,0,0,1
31,67093.35,17066.62,701,5.5,0.292,12,8,Mortgage,Business,Married,High School,0,1,0
31,112681.54,25097.98,775,7.5,0.228,48,7,Own,Business,Married,Bachelor,1,1,0
38,55931.21,8907.15,764,6.2,0.515,36,4,Rent,Education,Single,High School,0,0,0
29,37071.37,9696.58,695,1.2,0.466,36,2,Own,Auto,Married,Bachelor,0,0,0
50,61921.71,23260.13,637,0.6,0.294,36,6,Rent,Debt Consolidation,Single,Bachelor,1,0,0
35,37341.18,15939.4,696,3.9,0.017,60,3,Rent,Auto,Married,Bachelor,0,0,0
21,38093.11,7084.38,576,1.1,0.474,48,1,Mortgage,Debt Consolidation,Married,Bachelor,0,0,1
35,22926.61,33342.49,663,0.4,0.061,36,3,Own,Home Improvement,Married,High School,0,0,0
27,77895.91,4068.72,550,3.7,0.201,48,6,Mortgage,Business,Single,Master,0,0,1
21,40416.71,23132.63,489,2.0,0.25,36,1,Mortgage,Medical,Single,High School,1,0,0
25,53693.6,5510.17,654,,0.045,60,2,Rent,Business,Married,Bachelor,0,1,0
41,29202.78,50013.69,763,1.9,0.209,12,2,Own,Medical,Married,Master,0,0,0
55,60960.04,4531.37,733,,0.118,36,6,Rent,Debt Consolidation,Married,High School,0,0,0
43,33490.91,29928.77,642,7.1,0.238,36,3,Rent,Medical,Single,Bachelor,0,0,0
32,45667.66,12617.7,807,0.3,0.391,48,1,Mortgage,Home Improvement,Married,High School,1,1,0
45,76032.26,10335.9,598,3.6,0.376,24,1,Mortgage,Debt Consolidation,Married,Master,0,0,0
34,72793.33,15211.05,477,4.1,0.151,24,3,Rent,Business,Divorced,Bachelor,1,1,0
31,48483.8,20792.14,453,5.9,0.451,48,7,Mortgage,Business,Married,High School,1,0,0
26,,7093.4,543,3.4,0.473,12,2,Rent,Auto,Married,Bachelor,0,0,0
21,218907.66,7547.33,723,3.3,0.344,24,5,Own,Education,Single,Bachelor,0,0,0
35,117351.56,21051.42,592,2.3,0.274,48,5,Mortgage,Medical,Married,Master,1,0,0
41,70356.99,4043.48,691,1.6,0.182,60,1,Own,Debt Consolidation,Married,Master,1,0,0
38,33637.54,8875.41,798,14.6,0.111,48,5,Rent,Education,Married,PhD,0,0,1
35,46314.2,100000.0,550,1.9,0.477,36,4,Rent,Medical,Single,High School,0,0,0
28,37357.53,6784.47,693,0.3,0.205,12,5,Mortgage,Home Improvement,Single,High School,0,1,0
47,92219.6,29835.73,698,0.9,0.68,48,3,Mortgage,Home Improvement,Married,Master,1,0,0
24,55896.19,8864.72,572,9.7,0.153,24,6,Mortgage,Auto,Divorced,PhD,0,1,0
49,33120.84,19078.77,771,4.4,0.647,36,2,Own,Debt Consolidation,Single,Bachelor,0,0,1
27,38739.79,21121.55,624,7.5,0.365,12,4,Mortgage,Debt Consolidation,Single,Bachelor,0,0,0
30,85870.37,29444.71,615,8.3,0.213,48,4,Mortgage,Medical,Divorced,Bachelor,0,0,1
22,109103.14,11612.33,840,8.7,0.33,36,7,Mortgage,Auto,Single,Master,0,0,0
33,105257.58,53756.47,697,4.0,0.284,60,8,Rent,Education,Married,Master,0,1,1
51,71576.07,8843.73,733,1.0,0.213,24,2,Rent,Business,Married,High School,0,2,0
46,43203.97,15739.9,771,0.8,0.115,48,6,Mortgage,Debt Consolidation,Married,Bachelor,0,0,1
51,15000.0,15862.19,591,4.3,0.048,36,2,Rent,Debt Consolidation,Single,High School,0,0,0
46,56873.23,6091.33,762,2.3,0.443,36,3,Own,Debt Consolidation,Married,High School,0,0,1
26,48976.0,10936.81,604,4.1,0.416,48,5,Mortgage,Auto,Single,High School,0,0,1
36,52574.74,14958.87,600,3.5,0.209,48,1,Own,Education,Single,High School,0,0,0
30,50359.81,9872.57,625,4.6,0.208,36,7,Rent,Home Improvement,Single,High School,0,0,1
55,25257.26,73765.53,594,0.2,0.487,24,5,Rent,Business,Married,Bachelor,1,0,0
25,64776.9,7427.64,723,0.2,0.432,60,9,Rent,Home Improvement,Single,High School,1,0,0
50,67245.69,30503.51,674,6.4,0.092,36,3,Rent,Education,Single,Master,0,0,0
50,68952.24,24331.37,605,1.1,0.43,60,5,Own,Education,Single,Master,0,0,0
61,78691.35,13230.72,710,5.3,0.391,48,1,Own,Education,Single,Master,1,1,0
35,66305.35,7290.69,625,4.0,0.304,48,3,Rent,Medical,Married,Bachelor,0,0,0
48,39934.08,7802.67,620,20.0,0.095,12,5,Rent,Debt Consolidation,Single,Bachelor,0,0,0
67,47314.95,9296.78,654,9.0,0.068,36,4,Own,Medical,Married,High School,0,0,0
32,51305.97,3827.55,691,2.7,0.312,36,3,Own,Education,Married,High School,0,0,0
21,51732.93,6618.17,685,4.8,0.277,36,1,Rent,Medical,Married,PhD,1,0,0
21,80749.64,4732.77,617,0.6,0.135,24,3,Rent,Debt Consolidation,Married,Bachelor,0,0,0
48,67631.85,34272.98,726,2.4,0.611,36,3,Mortgage,Education,Married,High School,0,0,1
21,138506.39,20597.47,629,6.6,0.483,12,3,Own,Auto,Single,High School,0,0,0
35,147743.73,23160.0,591,4.9,0.098,24,1,Mortgage,Medical,Single,Master,1,0,0
45,51012.44,20174.65,517,3.3,0.079,12,8,Rent,Auto,Married,High School,0,0,0
42,15000.0,15016.09,738,1.0,0.27,48,8,Mortgage,Home Improvement,Single,Bachelor,1,0,0
45,90981.93,37140.98,651,8.1,0.379,48,6,Own,Business,Single,Bachelor,1,0,0
42,37414.43,8712.08,668,1.6,0.415,60,3,Mortgage,Business,Single,PhD,1,0,0
55,32835.25,14395.47,744,8.6,0.383,36,6,Rent,Business,Married,High School,0,0,0
28,40166.05,22537.62,607,4.7,0.306,48,4,Mortgage,Business,Married,Bachelor,0,0,0
31,39209.66,5298.36,526,2.3,0.507,36,4,Mortgage,Education,Married,PhD,0,0,0
30,66578.36,100000.0,656,0.2,0.631,48,2,Rent,Auto,Single,High School,1,0,0
49,22477.77,13629.56,677,1.3,0.326,36,3,Rent,Home Improvement,Married,High School,0,1,1
50,28599.36,14755.82,626,11.0,0.424,48,3,Rent,Auto,Single,High School,1,1,0
45,58196.43,32202.99,782,8.5,0.064,12,2,Own,Medical,Single,Bachelor,1,0,0
54,66934.65,25348.35,426,4.3,0.714,12,5,Own,Debt Consolidation,Married,Bachelor,0,1,1
25,67559.96,13720.61,750,3.1,0.402,12,4,Mortgage,Education,Married,Master,0,0,1
60,33073.31,14633.82,721,5.2,0.109,24,3,Own,Medical,Married,Bachelor,0,0,0
58,30057.49,4661.52,691,3.1,0.289,36,5,Own,Auto,Single,Bachelor,1,0,0
48,38051.0,9049.58,349,5.2,0.241,48,5,Mortgage,Medical,Single,Bachelor,0,0,1
61,55267.28,19188.13,765,1.8,0.516,48,3,Rent,Medical,Married,PhD,1,0,0
21,103026.21,18228.2,557,9.1,0.436,24,8,Mortgage,Medical,Married,Bachelor,0,1,0
33,17611.04,31407.94,604,6.1,0.06,48,2,Mortgage,Home Improvement,Married,High School,0,0,0
31,43898.51,12279.04,634,2.0,0.462,24,1,Own,Home Improvement,Single,Bachelor,1,0,0
48,25176.36,5058.88,686,8.9,0.36,12,5,Mortgage,Debt Consolidation,Divorced,Master,0,0,0
27,21458.55,27993.04,707,3.3,0.24,48,3,Own,Business,Single,Bachelor,0,0,0
49,79497.3,36507.12,730,1.0,0.442,48,6,Own,Education,Single,Bachelor,0,0,0
56,64364.16,25053.56,723,0.4,0.379,48,3,Mortgage,Education,Married,Master,1,0,0
48,61372.48,11913.84,672,6.0,0.213,24,0,Mortgage,Auto,Married,Bachelor,0,2,1
43,77692.42,27752.2,687,10.0,0.336,60,5,Rent,Auto,Married,High School,0,0,0
28,38566.55,100000.0,551,8.2,0.459,60,2,Rent,Home Improvement,Single,PhD,1,1,0
29,39485.2,14481.2,582,5.3,0.18,36,2,Mortgage,Home Improvement,Divorced,Bachelor,0,0,0
54,146219.66,5333.61,730,0.8,0.171,60,3,Rent,Debt Consolidation,Married,High School,0,0,1
49,43334.94,8862.64,725,0.5,0.23,24,6,Own,Auto,Married,Bachelor,0,0,0
39,70796.59,20698.85,715,2.1,0.192,36,3,Mortgage,Auto,Single,Bachelor,0,0,1
34,49177.47,4344.37,603,9.7,0.333,60,5,Mortgage,Debt Consolidation,Single,Bachelor,0,1,0
21,19455.22,15041.71,731,16.3,0.313,36,5,Rent,Education,Married,PhD,0,1,0
27,17635.79,17435.01,545,1.4,0.171,36,8,Own,Debt Consolidation,Married,Bachelor,1,0,0
62,36699.11,39127.67,746,7.2,0.086,12,3,Own,Medical,Married,High School,0,0,0
24,83120.83,33427.57,626,4.3,0.302,24,3,Own,Debt Consolidation,Married,Master,1,0,1
42,72703.57,24470.15,801,,0.291,24,1,Mortgage,Medical,Single,High School,0,0,0
52,77422.95,2939.88,513,3.9,0.487,36,7,Mortgage,Education,Single,Master,0,0,0
24,29925.82,25456.77,808,8.2,0.057,36,6,Own,Auto,Married,High School,0,0,0
42,109967.07,21891.62,617,1.6,0.237,12,3,Rent,Medical,Married,Master,1,1,0
51,30259.13,15981.08,615,11.4,0.045,36,4,Rent,Business,Married,Master,0,0,0
40,54524.87,3979.23,667,1.3,0.05,48,2,Own,Home Improvement,Married,High School,0,0,0
70,48767.72,7756.28,587,0.4,0.367,48,5,Mortgage,Medical,Single,High School,1,1,0
21,44939.08,5903.05,643,0.9,0.307,48,4,Rent,Business,Married,Master,0,0,0
52,95730.87,3260.04,583,9.1,0.163,36,5,Rent,Debt Consolidation,Single,Master,1,0,0
37,34456.22,13332.49,586,2.7,0.198,36,4,Mortgage,Debt Consolidation,Single,High School,1,2,0
49,24964.18,7642.84,693,8.0,0.226,48,5,Rent,Debt Consolidation,Single,High School,0,0,0
45,49513.36,83927.94,568,3.8,0.066,12,6,Rent,Debt Consolidation,Married,Bachelor,0,0,0
31,40138.31,11871.07,580,3.3,0.175,48,5,Mortgage,Business,Married,Master,0,0,0
42,250000.0,33045.05,526,8.2,0.16,36,2,Rent,Home Improvement,Married,High School,1,0,0
21,68751.49,4454.32,604,2.8,0.462,36,6,Own,Education,Single,Master,1,0,0
47,39947.83,9218.22,768,8.1,0.35,24,4,Own,Education,Married,High School,0,0,0
43,28910.04,14297.34,573,0.5,0.346,24,4,Mortgage,Medical,Married,Bachelor,0,0,0
47,19146.13,7074.78,584,5.1,0.178,36,2,Mortgage,Home Improvement,Single,Master,1,0,0
52,29360.06,9941.36,667,6.1,0.221,36,3,Rent,Medical,Divorced,High School,0,0,0
44,51920.6,11469.36,616,,0.186,60,6,Rent,Home Improvement,Single,High School,0,0,0
41,100073.91,11341.96,850,1.3,0.059,60,5,Mortgage,Business,Divorced,Master,1,0,0
29,85891.88,48951.39,635,4.6,0.166,48,3,Mortgage,Business,Married,High School,0,0,0
31,54970.25,17409.28,680,2.8,0.5,60,1,Rent,Debt Consolidation,Married,Bachelor,1,1,0
54,41706.66,18688.38,734,2.4,0.29,48,3,Mortgage,Auto,Single,Bachelor,0,0,0
57,56072.8,19491.98,733,0.6,0.162,36,1,Mortgage,Business,Married,Bachelor,0,0,0
37,37823.32,20513.5,670,0.7,0.357,48,5,Own,Business,Married,High School,1,0,0
40,115749.31,12606.64,635,9.1,0.582,24,5,Own,Debt Consolidation,Single,Bachelor,0,0,0
29,44596.24,10673.05,832,6.9,0.451,48,4,Mortgage,Auto,Single,Bachelor,1,0,0
54,46949.65,15014.49,641,2.4,0.174,12,2,Mortgage,Business,Married,Master,0,0,0
47,16189.02,30024.31,610,8.8,0.215,48,5,Own,Business,Single,Master,0,0,0
63,44457.22,29388.74,591,0.4,0.353,36,4,Own,Home Improvement,Single,Bachelor,1,1,0
29,74476.73,11290.55,494,4.9,0.448,12,5,Own,Medical,Married,High School,0,0,0
35,28742.69,22867.93,723,10.1,0.193,60,5,Rent,Medical,Single,High School,0,0,0
42,33679.34,11658.5,438,9.1,0.064,60,3,Own,Education,Married,Master,0,1,0
47,72864.4,13680.26,649,2.3,0.249,60,5,Mortgage,Home Improvement,Single,Bachelor,0,0,0
37,23427.63,9590.55,631,6.8,0.27,48,3,Own,Education,Divorced,Bachelor,1,0,0
29,83191.5,11764.58,850,2.8,0.111,48,3,Mortgage,Education,Married,PhD,0,0,0
50,37568.76,34164.11,485,9.2,0.433,36,1,Mortgage,Medical,Divorced,Master,0,0,1
48,40364.9,14252.6,568,3.8,0.169,24,5,Rent,Debt Consolidation,Divorced,Bachelor,0,0,0
29,27946.88,14686.7,637,7.2,0.275,24,2,Rent,Auto,Divorced,Bachelor,0,0,0
56,59220.51,4851.04,632,0.4,0.283,36,3,Rent,Business,Single,Bachelor,0,0,0
54,167700.68,10759.34,600,4.5,0.185,36,4,Mortgage,Medical,Married,Master,0,0,0
41,72457.0,11283.31,642,,0.527,36,4,Rent,Business,Married,Bachelor,0,1,0
40,31820.22,7477.09,536,4.7,0.39,24,5,Rent,Home Improvement,Married,Master,0,1,1
46,86492.27,13563.88,682,5.9,0.124,24,5,Own,Home Improvement,Single,Master,0,1,0
29,41842.18,9892.9,441,12.5,0.217,48,4,Rent,Medical,Single,Bachelor,0,1,0
40,97464.4,14129.18,647,7.7,0.153,12,6,Own,Home Improvement,Single,Bachelor,0,0,0
21,73374.97,14545.72,595,1.2,0.148,24,3,Rent,Medical,Married,High School,0,0,0
50,15000.0,6842.93,741,8.7,0.316,36,3,Rent,Debt Consolidation,Married,Bachelor,1,1,0
21,29672.03,10106.24,807,0.7,0.341,24,10,Own,Medical,Married,High School,0,0,0
58,78605.16,14103.27,620,4.9,0.271,60,5,Rent,Home Improvement,Married,Bachelor,1,0,0
36,52882.55,30607.78,775,10.7,0.371,48,5,Rent,Debt Consolidation,Single,High School,0,0,0
37,29381.54,15989.75,621,0.5,0.26,36,5,Rent,Education,Single,Bachelor,0,0,0
32,35710.69,8405.53,563,9.5,0.351,24,4,Own,Debt Consolidation,Divorced,Bachelor,0,0,1
36,18899.33,17664.34,807,8.0,0.202,36,2,Mortgage,Medical,Divorced,Bachelor,0,1,0
57,46901.89,44147.18,696,3.5,0.421,48,4,Mortgage,Business,Single,Master,0,0,0
21,,25379.44,650,1.8,0.298,60,6,Rent,Business,Single,Master,1,0,1
55,73311.06,19599.68,711,,0.265,36,5,Mortgage,Home Improvement,Divorced,Master,0,1,0
44,146562.69,22201.46,674,17.3,0.33,48,6,Rent,Education,Single,Bachelor,0,0,0
25,76206.23,36606.01,643,1.1,0.134,24,5,Mortgage,Medical,Single,Master,0,1,0
27,81939.76,28365.78,530,4.3,0.202,48,5,Mortgage,Business,Single,Bachelor,1,0,0
60,131536.46,19865.35,625,0.4,0.165,24,4,Mortgage,Medical,Single,Bachelor,1,1,0
28,59197.32,28227.43,706,1.2,0.12,24,2,Mortgage,Business,Married,High School,1,0,0
26,44640.03,6265.69,638,7.2,0.584,36,6,Mortgage,Debt Consolidation,Married,Bachelor,0,1,0
53,82152.19,4667.67,731,1.8,0.292,24,0,Rent,Medical,Single,High School,1,1,0
44,101409.3,14912.71,684,21.3,0.602,48,6,Own,Business,Divorced,Bachelor,0,0,0
28,38561.81,14017.71,570,3.5,0.145,60,5,Mortgage,Auto,Married,High School,1,0,1
42,34173.83,9129.47,531,3.6,0.309,36,4,Own,Home Improvement,Married,Bachelor,0,0,0
27,52545.15,666131.8903862853,635,0.2,0.193,36,5,Mortgage,Home Improvement,Married,Master,0,0,0
53,74291.32,3626.4,602,15.7,0.134,24,8,Mortgage,Medical,Married,Bachelor,0,1,0
52,73060.67,9188.05,680,1.0,0.232,36,5,Own,Auto,Divorced,Master,0,0,0
46,24050.62,9514.11,585,3.9,0.28,36,7,Mortgage,Debt Consolidation,Married,High School,1,0,0
44,127491.25,4249.64,594,2.5,0.727,36,1,Rent,Home Improvement,Married,Master,1,0,0
61,35575.68,38036.89,744,2.7,0.295,48,6,Rent,Medical,Single,High School,1,0,1
39,42936.07,5159.32,663,5.2,0.537,48,3,Own,Education,Divorced,High School,0,0,0
25,31215.59,8849.9,586,5.4,0.425,12,6,Rent,Home Improvement,Married,Bachelor,0,0,0
45,188936.15,25224.87,651,0.8,0.054,48,3,Rent,Medical,Married,High School,0,0,0
65,55328.05,20999.03,774,3.5,0.407,60,3,Own,Education,Single,High School,0,0,1
27,32032.7,6150.43,676,7.8,0.416,12,4,Rent,Auto,Married,Bachelor,0,0,1
35,75505.58,21541.63,703,2.9,0.648,36,3,Mortgage,Business,Married,High School,1,0,1
44,72010.55,16364.16,582,0.9,0.561,48,3,Rent,Business,Single,Master,0,0,1
39,44628.88,68399.78,742,1.9,0.255,48,3,Rent,Education,Single,Master,0,0,0
28,74630.41,17725.48,850,1.2,0.2,36,7,Rent,Business,Married,Bachelor,0,0,0
53,32446.7,12102.06,578,0.7,0.276,48,2,Mortgage,Business,Married,Bachelor,1,0,0
67,38312.86,7335.26,543,2.4,0.393,36,5,Rent,Debt Consolidation,Married,Master,1,1,1
42,17941.86,7934.93,665,3.9,0.157,36,3,Mortgage,Medical,Single,Bachelor,0,0,0
29,25286.46,7494.78,728,0.4,0.507,48,9,Mortgage,Debt Consolidation,Single,Bachelor,0,0,0
21,121032.62,581617.1384917282,641,4.6,0.604,60,3,Mortgage,Business,Married,Master,1,1,0
43,111381.25,13528.84,555,24.8,0.093,48,4,Mortgage,Business,Single,Master,0,0,0
53,50660.12,19844.32,640,16.6,0.179,60,3,Rent,Auto,Married,Master,1,0,0
45,112585.22,38560.1,703,8.8,0.063,24,3,Rent,Home Improvement,Married,Master,1,0,0
39,45250.22,2563.36,613,1.5,0.167,24,1,Own,Business,Single,Bachelor,0,2,1
32,43403.48,32702.66,704,0.1,0.352,36,8,Own,Debt Consolidation,Single,Bachelor,0,1,1
26,50425.65,13887.96,754,9.0,0.202,12,1,Own,Education,Divorced,Bachelor,0,0,0
50,46052.59,18115.69,671,0.3,0.298,48,7,Mortgage,Debt Consolidation,Married,Master,0,0,0
50,44020.11,7480.97,647,1.2,0.039,24,3,Rent,Education,Married,Master,1,0,0
21,86829.27,7874.72,724,3.9,0.15,36,3,Mortgage,Debt Consolidation,Married,High School,0,0,0
59,52842.33,18810.91,572,1.0,0.083,48,1,Mortgage,Auto,Married,Master,0,0,0
46,69999.33,70913.67,564,9.0,0.085,36,2,Own,Debt Consolidation,Single,Master,1,0,1
56,82099.75,26965.66,626,7.5,0.341,24,10,Mortgage,Education,Married,High School,1,0,0
23,59521.5,32398.46,605,,0.288,60,3,Mortgage,Medical,Divorced,Bachelor,0,0,0
23,30177.88,11679.6,577,8.5,0.412,48,7,Mortgage,Education,Single,PhD,0,1,0
38,24923.52,8776.71,814,1.2,0.368,48,6,Mortgage,Medical,Single,Master,0,0,0
46,52806.54,7734.43,845,6.5,0.409,48,4,Own,Auto,Single,High School,0,1,0
61,44997.93,9492.04,618,2.2,0.147,36,3,Rent,Medical,Married,Master,1,0,0
48,51210.29,3174.97,658,,0.407,36,2,Rent,Education,Single,High School,0,0,0
37,48628.89,8042.99,633,0.7,0.19,24,5,Rent,Auto,Single,High School,1,0,0
27,178400.59,9024.99,749,6.1,0.462,48,4,Mortgage,Auto,Single,High School,1,0,0
54,25207.25,11816.47,767,17.9,0.461,36,6,Rent,Auto,Single,Bachelor,0,0,0
28,18124.63,14650.43,490,0.2,0.185,48,2,Rent,Education,Single,Master,0,1,0
59,57883.54,17218.09,692,0.5,0.389,24,7,Mortgage,Education,Married,High School,0,1,0
36,40610.78,13220.87,532,0.7,0.38,48,4,Mortgage,Medical,Married,Bachelor,0,0,0
59,57413.45,8892.73,808,2.8,0.089,24,5,Rent,Education,Single,High School,1,1,0
48,65640.06,3380.06,689,1.7,0.124,48,2,Mortgage,Business,Married,High School,0,0,0
38,93158.01,8931.0,575,8.2,0.118,48,5,Rent,Medical,Single,Master,0,0,1
33,23072.28,6763.42,628,3.2,0.318,48,5,Mortgage,Auto,Married,Bachelor,0,0,0
35,37109.97,18513.34,623,3.3,0.146,48,2,Mortgage,Home Improvement,Single,Bachelor,0,0,0
45,60741.39,25247.97,697,6.3,0.069,36,6,Mortgage,Medical,Divorced,High School,1,1,0
40,72058.37,25770.86,743,2.2,0.295,36,6,Own,Home Improvement,Married,High School,0,0,0
32,146785.08,22694.25,546,2.2,0.378,12,3,Own,Medical,Married,Master,0,0,0
38,79051.28,12167.6,815,,0.128,24,8,Own,Auto,Divorced,Master,0,1,0
40,47648.47,9270.86,794,7.6,0.348,48,3,Own,Medical,Single,High School,1,0,0
21,31406.88,7919.06,571,0.1,0.306,60,3,Own,Debt Consolidation,Single,Bachelor,0,1,0
45,36969.74,4650.6,656,0.8,0.393,36,3,Rent,Debt Consolidation,Married,Bachelor,0,0,0
28,36448.25,26750.21,803,1.2,0.525,48,3,Mortgage,Auto,Married,Master,0,1,0
26,68024.06,11821.82,760,2.2,0.071,48,4,Rent,Business,Married,Bachelor,0,1,0
21,55742.53,5583.45,619,1.7,0.263,60,7,Own,Home Improvement,Single,Bachelor,1,0,1
21,25290.28,7490.99,723,5.5,0.188,48,4,Mortgage,Education,Single,High School,0,1,0
23,39420.82,7281.69,850,8.8,0.02,48,2,Own,Medical,Married,Master,0,0,0
31,76021.68,13768.2,659,1.1,0.668,24,3,Rent,Auto,Married,High School,0,0,0
63,,28204.24,593,4.1,0.118,36,6,Own,Home Improvement,Married,Bachelor,0,0,0
33,65141.84,10471.45,665,2.3,0.224,24,4,Own,Medical,Married,Bachelor,0,0,0
42,59365.04,2760.66,672,3.5,0.135,60,4,Mortgage,Medical,Divorced,High School,1,0,0
44,110549.14,11702.69,602,4.8,0.171,36,6,Mortgage,Business,Married,Master,0,1,1
41,55161.56,11976.05,689,11.2,0.482,36,6,Rent,Home Improvement,Divorced,High School,0,1,0
39,40416.31,11413.54,537,1.1,0.233,60,2,Rent,Medical,Single,Master,0,0,1
25,31011.78,8610.84,590,0.5,0.487,48,1,Rent,Business,Divorced,Master,0,1,0
57,55537.0,15556.09,718,4.9,0.294,48,2,Rent,Debt Consolidation,Married,Master,1,3,0
61,15000.0,13992.81,492,2.5,0.107,24,4,Own,Business,Single,PhD,0,0,0
21,44705.66,13129.52,731,0.9,0.488,12,1,Own,Home Improvement,Married,Master,1,0,1
27,44226.53,17833.77,468,0.6,0.711,24,3,Own,Business,Single,Bachelor,0,0,0
36,24779.32,9888.39,494,4.1,0.39,48,2,Rent,Debt Consolidation,Single,Master,0,0,0
28,30818.4,9503.26,605,1.8,0.54,36,2,Rent,Debt Consolidation,Married,High School,1,0,1
46,73484.43,35104.56,675,29.8,0.104,24,6,Rent,Home Improvement,Divorced,Bachelor,1,0,0
31,55014.71,19762.64,769,,0.159,48,7,Mortgage,Auto,Divorced,High School,0,0,0
65,51580.25,23833.85,655,1.2,0.197,24,4,Own,Business,Single,Master,1,0,0
54,57135.09,31516.71,627,5.0,0.045,36,4,Own,Home Improvement,Divorced,Master,0,1,0
42,51344.54,19305.8,702,1.4,0.098,48,5,Mortgage,Medical,Married,High School,0,1,0
52,91256.66,25587.83,571,3.4,0.565,48,3,Own,Business,Single,Bachelor,0,0,0
53,52141.4,4422.49,662,3.3,0.436,60,2,Mortgage,Debt Consolidation,Divorced,Bachelor,0,0,1
33,23644.68,15412.09,542,3.0,0.413,36,4,Own,Business,Divorced,Bachelor,0,0,1
30,110753.8,11755.74,657,8.0,0.487,36,5,Rent,Home Improvement,Married,High School,1,1,0
40,58992.77,43233.84,638,1.2,0.204,24,2,Rent,Auto,Married,High School,0,0,0
50,36511.16,25574.52,577,11.7,0.074,36,5,Rent,Auto,Single,Bachelor,1,1,0
41,26194.35,8592.87,664,7.8,0.06,60,6,Rent,Education,Single,Bachelor,0,0,0
21,59751.95,17343.2,664,2.0,0.257,60,1,Rent,Medical,Divorced,High School,0,0,0
30,46231.38,15023.59,755,1.0,0.283,60,3,Rent,Home Improvement,Single,Bachelor,1,0,0
39,107696.61,18361.88,505,1.6,0.264,36,8,Own,Education,Married,Master,0,1,0
39,41235.15,6547.31,643,2.0,0.093,48,5,Rent,Business,Married,Master,0,1,0
63,32251.17,17188.77,581,4.1,0.21,36,1,Own,Debt Consolidation,Married,Bachelor,0,0,0
23,76718.5,11387.76,728,0.2,0.26,36,3,Mortgage,Business,Married,Bachelor,0,0,1
46,77857.92,16280.36,717,12.3,0.173,24,8,Rent,Business,Single,Master,1,1,0
57,53333.81,8046.0,695,0.5,0.071,12,3,Own,Debt Consolidation,Single,High School,1,0,0
67,68746.32,8870.23,586,1.6,0.238,36,3,Own,Medical,Single,High School,0,0,0
35,48105.72,30384.55,729,0.6,0.18,24,4,Mortgage,Education,Married,Bachelor,1,0,0
45,55101.52,6399.13,512,1.5,0.198,60,3,Own,Auto,Single,Bachelor,0,0,0
46,87771.79,6738.36,493,9.1,0.177,48,3,Rent,Education,Married,High School,0,0,1
42,67014.16,12885.95,535,4.8,0.18,48,6,Mortgage,Auto,Single,Bachelor,0,0,0
38,45042.55,7782.84,646,1.3,0.411,12,7,Own,Education,Single,Master,0,1,1
45,96392.27,7190.24,710,10.3,0.686,48,2,Rent,Education,Single,High School,1,0,0
21,15026.53,14379.42,382,8.1,0.376,48,3,Own,Business,Single,Bachelor,1,0,0
48,136767.36,4658.52,769,7.0,0.358,36,5,Mortgage,Education,Married,High School,0,1,0
41,20889.89,6597.37,661,9.4,0.238,48,3,Own,Home Improvement,Married,High School,1,1,0
37,35826.87,56267.19,508,4.8,0.576,60,5,Own,Auto,Single,Bachelor,0,0,0
64,48028.09,18428.11,659,3.5,0.142,48,1,Own,Education,Single,Bachelor,1,1,0
31,45558.83,7922.05,748,2.3,0.149,36,1,Rent,Medical,Married,Bachelor,0,0,0
35,81081.13,17903.48,703,1.3,0.482,24,3,Own,Medical,Married,Bachelor,0,0,0
63,28885.12,19873.28,748,4.1,0.459,36,3,Own,Debt Consolidation,Single,Bachelor,1,0,0
30,55847.69,26798.2,527,11.0,0.557,60,7,Mortgage,Home Improvement,Single,Bachelor,0,0,0
33,36713.28,12221.97,612,4.5,0.299,48,3,Own,Auto,Married,Bachelor,1,0,0
38,56815.84,26464.21,566,12.6,0.132,12,6,Mortgage,Home Improvement,Single,Bachelor,0,0,0
50,47458.64,3206.99,804,2.2,0.197,48,3,Own,Auto,Single,High School,0,1,0
42,51352.44,6377.84,707,5.9,0.085,24,5,Mortgage,Debt Consolidation,Single,Bachelor,0,0,0
24,37236.23,14983.58,850,5.2,0.465,36,7,Mortgage,Home Improvement,Married,High School,1,0,0
33,37985.81,16827.06,607,5.5,0.246,48,4,Mortgage,Home Improvement,Divorced,High School,1,1,0
32,56592.76,7056.84,584,5.2,0.361,36,4,Mortgage,Auto,Single,Bachelor,0,0,0
39,78578.84,16020.01,637,1.3,0.435,36,2,Rent,Business,Married,High School,1,0,1
45,36346.76,8632.69,774,0.8,0.343,36,3,Rent,Auto,Single,Bachelor,0,2,0
45,31748.99,11005.26,617,19.2,0.124,36,3,Rent,Home Improvement,Single,Bachelor,0,1,0
21,66618.0,27373.8,661,0.2,0.197,48,12,Rent,Debt Consolidation,Married,PhD,0,0,0
52,48230.56,25241.79,658,3.2,0.047,48,2,Own,Debt Consolidation,Married,Bachelor,0,0,0
43,74254.16,6647.91,653,2.8,0.063,48,3,Rent,Business,Married,Bachelor,0,1,0
56,31166.57,6373.63,591,2.2,0.237,24,3,Mortgage,Business,Divorced,Bachelor,0,0,0
45,20136.32,10018.4,637,7.6,0.321,48,8,Mortgage,Home Improvement,Married,High School,0,0,0
53,37552.6,13111.93,633,6.8,0.542,12,5,Mortgage,Business,Single,Bachelor,1,1,1
45,33417.12,8429.32,649,,0.312,24,5,Rent,Debt Consolidation,Married,Master,0,1,0
56,47127.21,27679.57,734,,0.366,36,4,Rent,Home Improvement,Single,High School,1,1,0
46,35652.6,17037.51,808,4.2,0.074,36,4,Mortgage,Education,Married,Bachelor,0,0,0
38,71005.21,17752.11,574,,0.444,24,0,Own,Education,Single,Bachelor,1,0,1
67,42443.32,5505.06,614,25.5,0.225,12,4,Own,Business,Single,Bachelor,0,0,0
50,52851.28,30245.52,575,17.4,0.318,48,4,Mortgage,Debt Consolidation,Married,Master,0,0,0
46,53040.83,1855.45,666,6.3,0.482,36,0,Mortgage,Business,Married,Bachelor,1,0,0
24,54039.88,23952.76,601,0.8,0.301,12,4,Own,Debt Consolidation,Married,Bachelor,1,0,0
24,48432.94,25694.14,671,0.1,0.231,36,5,Rent,Education,Single,Bachelor,1,1,1
43,63278.47,9870.63,749,8.7,0.393,36,4,Mortgage,Home Improvement,Single,Master,1,0,0
41,32931.09,32566.43,422,9.2,0.393,36,4,Mortgage,Debt Consolidation,Divorced,Bachelor,0,0,1
32,98687.05,12782.49,694,6.9,0.117,60,6,Mortgage,Education,Married,Bachelor,0,1,0
41,43552.89,13956.52,608,1.6,0.276,36,4,Rent,Medical,Married,Bachelor,1,0,0
59,25443.75,16944.02,691,5.1,0.285,60,2,Mortgage,Auto,Married,Bachelor,0,2,0
48,53854.25,100000.0,569,1.9,0.424,12,5,Mortgage,Debt Consolidation,Single,Bachelor,1,0,1
26,32029.41,34238.42,757,3.0,0.251,12,1,Mortgage,Medical,Married,Master,1,1,0
38,68368.49,21824.57,732,2.4,0.186,48,3,Mortgage,Business,Single,Master,0,0,0
30,147975.62,7051.79,701,12.2,0.251,48,2,Own,Education,Single,Bachelor,1,1,0
35,33080.99,14772.36,721,1.3,0.127,36,1,Mortgage,Education,Married,Master,0,0,0
35,57883.41,7561.41,582,4.3,0.044,24,3,Rent,Auto,Single,Master,0,0,1
34,20378.73,23753.32,594,2.2,0.295,48,5,Rent,Debt Consolidation,Married,Bachelor,1,0,0
24,61509.85,14740.1,717,5.4,0.226,60,4,Mortgage,Debt Consolidation,Married,Bachelor,0,1,0
38,31481.11,6080.46,580,4.2,0.278,60,5,Rent,Home Improvement,Single,Bachelor,0,0,0
33,35867.35,14140.34,780,12.9,0.344,48,4,Mortgage,Debt Consolidation,Divorced,Master,1,0,0
21,28264.36,7371.73,620,0.5,0.328,48,2,Rent,Auto,Married,Bachelor,0,0,0
64,70691.15,14851.43,695,1.2,0.47,48,4,Own,Business,Married,Bachelor,0,1,1
53,81117.35,7322.05,838,7.3,0.246,48,3,Mortgage,Home Improvement,Married,High School,1,0,0
35,49597.35,13619.27,586,2.3,0.521,60,10,Mortgage,Auto,Single,Bachelor,1,0,0
40,31817.97,22591.5,656,0.9,0.404,48,2,Own,Debt Consolidation,Single,Bachelor,0,0,1
25,108527.79,12872.69,744,3.5,0.223,48,5,Rent,Education,Single,Master,0,0,0
60,33684.56,10161.67,735,5.3,0.364,36,8,Own,Auto,Single,Bachelor,0,0,0
62,16630.34,15402.63,620,0.2,0.172,36,4,Mortgage,Auto,Single,Master,1,1,0
41,61647.9,21764.33,603,1.7,0.372,60,5,Rent,Education,Married,High School,1,0,0
52,28215.1,6154.7,629,8.3,0.2,36,1,Rent,Business,Single,High School,1,0,0
42,80362.62,16033.88,780,3.7,0.353,12,1,Mortgage,Education,Single,High School,1,1,1
23,40515.15,33599.91,624,0.2,0.468,36,6,Mortgage,Education,Married,Master,0,0,1
35,66294.13,19961.48,657,1.7,0.377,60,2,Mortgage,Debt Consolidation,Single,Bachelor,0,0,0
41,98789.85,13910.9,611,5.1,0.331,48,3,Own,Medical,Single,High School,1,0,0
34,26784.28,20906.52,713,1.1,0.396,24,5,Rent,Education,Married,Bachelor,0,0,0
37,36939.3,18338.31,663,8.8,0.34,12,6,Own,Home Improvement,Divorced,Master,0,1,1
38,47200.72,22641.07,559,5.6,0.587,48,6,Mortgage,Education,Single,Bachelor,1,0,1
39,105743.93,3239.74,562,3.2,0.376,36,4,Own,Education,Married,High School,0,0,0
40,35270.73,4503.37,470,12.4,0.422,12,4,Rent,Business,Married,High School,1,0,0
27,36415.44,26994.28,575,2.5,0.295,60,5,Rent,Home Improvement,Single,Bachelor,1,1,0
31,62259.74,4657.83,721,1.3,0.177,48,2,Mortgage,Education,Single,PhD,0,2,0
24,36731.34,17695.7,769,5.4,0.266,48,5,Own,Debt Consolidation,Married,Bachelor,0,1,0
51,52905.52,10441.73,711,4.3,0.089,60,5,Rent,Education,Divorced,Master,1,0,0
21,22566.71,6651.96,699,2.0,0.409,36,0,Mortgage,Education,Single,Master,0,0,0
53,148325.58,17064.49,638,2.1,0.486,36,5,Own,Home Improvement,Single,High School,0,0,0
56,24987.86,15378.47,719,2.5,0.672,36,5,Own,Auto,Single,Master,0,0,0
36,41736.18,58526.79,675,1.7,0.389,60,3,Own,Auto,Divorced,High School,0,0,0
21,48231.11,8626.83,812,6.2,0.347,24,1,Own,Auto,Married,Bachelor,1,2,0
35,127560.25,36610.01,641,5.3,0.36,48,2,Own,Medical,Single,Bachelor,0,0,0
39,25275.15,17097.65,770,2.9,0.43,36,5,Rent,Auto,Single,Master,0,0,0
27,132171.03,8410.91,728,2.5,0.467,48,3,Own,Auto,Single,Master,0,1,0
33,71581.25,23376.17,716,2.3,0.14,48,6,Mortgage,Debt Consolidation,Single,High School,0,0,0
58,60388.12,19851.14,468,1.7,0.214,12,5,Rent,Auto,Divorced,Master,0,0,1
47,29961.94,13699.17,733,0.4,0.095,24,3,Rent,Medical,Divorced,High School,0,0,0
28,65223.21,16097.3,638,1.6,0.141,24,2,Rent,Medical,Single,PhD,0,0,0
21,34141.08,8796.5,610,1.9,0.288,36,1,Rent,Business,Single,PhD,0,0,0
36,92349.04,7494.68,516,4.0,0.446,60,6,Mortgage,Medical,Single,Bachelor,1,0,1
37,30165.95,22733.83,649,7.4,0.498,12,1,Rent,Auto,Single,Bachelor,0,0,0
45,46324.24,11421.38,653,2.5,0.075,36,3,Mortgage,Home Improvement,Divorced,PhD,0,0,0
33,37136.79,12631.41,532,14.5,0.161,60,4,Mortgage,Business,Divorced,High School,1,0,0
46,29918.69,16250.44,517,8.8,0.381,60,6,Own,Medical,Married,Bachelor,0,0,1
63,71015.96,16085.96,693,20.9,0.189,48,7,Rent,Business,Divorced,Bachelor,1,1,0
49,64069.86,4912.17,728,,0.111,48,5,Mortgage,Debt Consolidation,Married,High School,1,0,1
39,89725.03,32872.0,667,4.8,0.22,36,7,Own,Auto,Single,High School,0,0,1
37,20131.93,14542.45,753,4.6,0.098,24,4,Own,Auto,Married,Master,0,0,0
35,83456.88,11592.84,642,0.7,0.114,12,5,Rent,Education,Married,High School,1,0,0
54,171566.2,18062.48,645,6.4,0.196,36,6,Own,Education,Married,Bachelor,1,0,0
32,39111.8,15765.5,567,4.6,0.251,36,6,Rent,Business,Married,High School,0,0,0
40,126446.47,22855.43,509,3.5,0.302,36,3,Rent,Medical,Married,Bachelor,1,0,1
40,42976.96,19469.19,816,5.9,0.093,24,8,Mortgage,Home Improvement,Single,Master,0,0,0
33,24681.15,22081.43,751,2.9,0.324,24,3,Rent,Medical,Divorced,Bachelor,0,0,1
23,42073.94,34396.01,524,3.7,0.159,24,8,Mortgage,Business,Single,Master,0,0,0
43,82793.26,24798.47,664,2.5,0.205,60,7,Rent,Education,Married,Bachelor,0,1,1
39,32238.34,11940.12,640,6.3,0.101,60,2,Mortgage,Medical,Married,High School,0,2,0
46,36309.35,6087.36,625,10.5,0.695,12,2,Rent,Business,Single,Master,0,1,1
33,65957.75,42935.68,613,9.2,0.706,24,3,Rent,Auto,Single,Bachelor,0,1,0
54,49095.86,11311.71,684,7.7,0.135,60,2,Mortgage,Auto,Single,Master,0,0,0
29,65664.35,9593.34,723,0.1,0.3,12,4,Own,Auto,Divorced,High School,0,0,1
60,55210.85,3961.16,686,12.1,0.23,60,3,Rent,Business,Married,Bachelor,1,0,0
21,62305.98,16931.5,639,1.6,0.152,36,3,Mortgage,Education,Single,High School,0,0,0
45,39491.84,14827.23,635,10.9,0.27,36,2,Rent,Auto,Divorced,High School,0,2,0
45,55042.75,4625.87,734,1.1,0.037,48,5,Rent,Debt Consolidation,Single,PhD,0,0,0
30,30832.16,18348.29,691,2.9,0.055,24,4,Rent,Home Improvement,Married,High School,0,1,0
45,93359.86,9426.36,656,6.9,0.232,24,1,Rent,Business,Married,Bachelor,0,0,0
55,35698.45,87835.45,646,5.1,0.03,48,5,Mortgage,Education,Single,High School,0,1,0
21,86199.85,8968.26,681,2.7,0.25,60,4,Rent,Education,Married,Bachelor,0,2,0
46,43616.75,9851.36,607,5.7,0.123,48,10,Mortgage,Auto,Single,High School,0,0,1
21,54230.54,7242.03,723,4.0,0.253,48,10,Mortgage,Debt Consolidation,Single,Master,0,0,0
28,38273.68,32679.84,553,1.6,0.237,60,1,Own,Medical,Single,High School,0,1,0
59,29495.77,10291.33,612,5.2,0.489,24,6,Mortgage,Home Improvement,Married,Bachelor,1,0,0
33,20488.52,8043.02,704,1.1,0.254,36,4,Own,Education,Single,High School,1,0,0
25,28921.42,21913.73,548,5.9,0.381,24,5,Rent,Education,Single,High School,0,0,0
37,41691.21,5083.49,508,0.0,0.086,12,7,Mortgage,Home Improvement,Married,Bachelor,0,0,0
64,54499.11,20693.55,655,4.0,0.299,48,6,Mortgage,Auto,Single,Bachelor,1,0,1
21,81242.16,46489.41,497,2.6,0.266,24,2,Rent,Business,Single,Bachelor,0,0,0
27,39227.03,19863.23,533,1.8,0.269,12,3,Rent,Education,Married,Bachelor,0,0,1
57,31540.24,20879.62,718,3.6,0.264,36,3,Own,Business,Divorced,High School,0,1,1
62,23828.62,24564.12,631,5.2,0.495,12,3,Mortgage,Debt Consolidation,Married,Bachelor,1,1,1
38,62319.63,44213.95,765,16.8,0.344,24,7,Mortgage,Business,Single,Bachelor,0,0,0
25,97889.76,31161.1,541,9.0,0.313,12,2,Mortgage,Auto,Married,Bachelor,1,0,0
65,92333.76,18174.39,641,6.3,0.212,60,3,Mortgage,Home Improvement,Married,High School,1,0,0
59,69910.17,25152.79,685,3.3,0.367,48,6,Own,Home Improvement,Single,Bachelor,1,1,0
48,67458.76,7185.68,544,2.5,0.483,60,1,Mortgage,Home Improvement,Single,Master,0,0,0
30,114555.18,23003.59,742,0.2,0.32,60,7,Rent,Auto,Divorced,Master,0,0,0
39,57875.0,6608.49,695,2.2,0.218,60,0,Mortgage,Medical,Single,Bachelor,0,0,0
38,67715.12,10332.86,505,9.4,0.347,24,5,Mortgage,Auto,Married,High School,0,0,0
43,41756.4,1544.12,646,2.4,0.227,60,5,Rent,Home Improvement,Single,Master,0,0,0
57,24809.41,17694.35,684,3.1,0.417,36,3,Own,Home Improvement,Single,Bachelor,0,0,0
50,34824.47,8512.49,596,1.6,0.253,24,3,Mortgage,Business,Married,Master,0,0,0
27,48796.82,29079.88,516,1.6,0.144,48,1,Rent,Home Improvement,Married,High School,0,0,0
56,50533.55,17555.72,675,0.3,0.655,36,9,Own,Education,Married,Bachelor,1,0,1
43,128430.47,29344.7,849,4.8,0.51,12,5,Own,Debt Consolidation,Divorced,High School,0,0,0
48,51053.97,6257.16,615,3.0,0.452,12,4,Mortgage,Auto,Single,Master,0,1,1
57,88381.83,27635.88,791,4.7,0.274,36,4,Rent,Business,Single,Bachelor,0,0,0
26,39437.06,58343.28,582,4.0,0.251,48,4,Rent,Business,Divorced,Bachelor,1,1,0
39,41946.99,22809.01,669,8.0,0.472,36,3,Rent,Education,Married,Master,0,0,0
33,25222.61,23231.03,719,7.0,0.103,48,4,Rent,Medical,Divorced,Bachelor,0,0,0
21,33820.96,15043.76,649,7.4,0.323,12,2,Mortgage,Medical,Single,Bachelor,0,1,0
44,63798.87,9253.27,623,3.5,0.239,36,0,Mortgage,Home Improvement,Single,High School,0,0,0
70,49206.45,22761.7,715,2.2,0.186,24,4,Rent,Debt Consolidation,Married,Bachelor,0,1,0
21,78548.32,4655.21,820,13.5,0.166,60,2,Rent,Debt Consolidation,Single,High School,1,1,0
39,53670.94,9972.35,677,0.3,0.557,60,3,Mortgage,Business,Married,High School,0,0,0
47,41100.4,3867.1,603,0.8,0.432,36,5,Mortgage,Auto,Single,Bachelor,1,1,0
41,143508.34,8163.6,632,2.7,0.166,60,6,Mortgage,Medical,Single,High School,1,0,0
38,46772.38,20940.32,850,4.8,0.077,48,3,Mortgage,Business,Single,High School,1,0,0
24,87684.51,19030.06,662,0.0,0.054,12,5,Mortgage,Medical,Single,Master,0,1,0
42,40110.58,13844.45,596,6.4,0.354,36,5,Own,Medical,Single,Bachelor,0,0,0
30,69898.52,15052.22,546,4.1,0.74,48,4,Mortgage,Debt Consolidation,Single,Bachelor,1,0,1
21,77964.42,3568.48,485,3.3,0.3,36,4,Rent,Business,Married,Master,0,1,0
54,54406.88,10292.87,682,2.8,0.101,36,6,Mortgage,Debt Consolidation,Single,Bachelor,0,0,0
51,15104.66,8292.06,708,3.7,0.355,36,3,Own,Education,Single,Master,0,1,0
40,49470.22,8422.47,614,0.9,0.211,36,2,Rent,Debt Consolidation,Single,Bachelor,1,0,1
42,90692.51,20326.99,648,0.6,0.22,12,2,Rent,Business,Single,PhD,0,0,0
52,63814.8,7314.73,544,1.7,0.353,48,4,Rent,Auto,Single,Master,1,0,0
42,61262.27,8749.25,661,6.2,0.077,48,4,Rent,Medical,Single,Master,1,0,0
50,20720.35,3099.67,693,4.4,0.583,48,2,Rent,Debt Consolidation,Married,High School,0,0,1
36,34192.87,10873.82,601,3.3,0.315,48,5,Rent,Auto,Divorced,Master,1,0,1
55,60215.12,6238.62,802,4.2,0.324,36,1,Rent,Home Improvement,Married,Master,0,0,0
43,60185.79,14121.33,574,4.1,0.17,12,6,Mortgage,Business,Married,Bachelor,0,0,0
42,89979.16,6865.23,675,1.8,0.077,60,2,Mortgage,Home Improvement,Single,High School,1,0,0
24,45595.61,14374.05,726,0.5,0.273,36,7,Own,Education,Married,High School,0,0,0
43,60048.75,12072.92,643,11.4,0.2,48,3,Rent,Education,Single,Bachelor,0,1,0
30,49423.79,43063.42,633,4.6,0.438,24,7,Own,Home Improvement,Divorced,High School,0,0,1
32,29927.37,18921.47,521,6.0,0.1,24,3,Rent,Business,Single,Bachelor,0,1,0
30,15868.71,3685.84,772,3.1,0.521,12,3,Mortgage,Medical,Married,Bachelor,0,0,0
27,60809.72,5511.42,634,7.1,0.047,48,6,Rent,Auto,Single,High School,0,0,0
65,53475.22,13886.13,698,4.4,0.332,48,4,Mortgage,Home Improvement,Single,Bachelor,0,0,0
55,35986.98,6968.16,710,0.3,0.111,48,6,Mortgage,Home Improvement,Married,High School,1,0,0
63,21816.32,1672.61,593,,0.07,60,4,Mortgage,Auto,Single,Bachelor,1,0,0
25,67162.46,34361.17,632,1.8,0.297,24,1,Own,Home Improvement,Single,PhD,0,0,0
40,42917.72,22118.22,770,0.7,0.239,24,3,Own,Business,Divorced,Master,0,0,0
24,,19238.79,549,0.5,0.756,24,7,Mortgage,Auto,Single,Bachelor,0,0,0
31,124495.43,8733.08,841,6.4,0.229,36,4,Rent,Debt Consolidation,Married,Master,0,0,0
28,16802.53,18022.45,582,6.1,0.366,60,3,Mortgage,Debt Consolidation,Divorced,Bachelor,0,0,0
54,34551.27,8159.58,543,6.0,0.154,60,4,Rent,Medical,Married,Bachelor,0,0,0
35,44148.41,15419.68,661,12.4,0.315,36,1,Rent,Education,Single,Bachelor,1,1,0
52,101459.31,7013.5,848,2.1,0.259,48,5,Own,Home Improvement,Single,High School,0,0,0
47,21629.18,38615.23,478,4.1,0.059,60,3,Rent,Business,Single,High School,0,0,0
67,129046.81,4450.78,637,4.8,0.432,48,6,Mortgage,Auto,Married,Master,1,0,0
22,52466.38,31653.33,692,19.4,0.508,24,3,Own,Education,Single,High School,0,1,1
55,46723.37,13728.66,653,,0.273,48,6,Own,Education,Single,Bachelor,0,0,1
53,44398.91,9484.11,684,15.7,0.665,48,2,Own,Home Improvement,Married,Bachelor,0,1,0
28,39413.69,15016.46,585,0.8,0.283,48,4,Rent,Education,Married,High School,0,0,0
52,82789.65,22322.35,596,7.2,0.248,24,4,Mortgage,Business,Married,Master,0,0,0
44,28731.22,34777.39,636,5.0,0.229,36,6,Mortgage,Business,Married,Master,1,0,0
37,58262.1,16633.93,548,8.5,0.167,36,4,Rent,Debt Consolidation,Married,High School,0,1,0
30,40453.53,7161.77,645,0.1,0.361,24,7,Own,Debt Consolidation,Single,Bachelor,0,0,1
31,33487.69,13890.23,615,0.4,0.315,36,3,Rent,Business,Divorced,Bachelor,1,0,1
64,178614.94,47655.59,607,0.4,0.528,24,8,Rent,Home Improvement,Married,Bachelor,0,0,0
40,60447.19,34316.26,678,4.5,0.047,36,6,Mortgage,Auto,Single,Bachelor,0,1,0
49,66611.52,25238.72,486,4.6,0.411,12,4,Mortgage,Medical,Single,High School,0,0,0
30,86585.56,23318.0,629,11.8,0.118,60,5,Own,Home Improvement,Divorced,Bachelor,0,1,0
30,24084.53,21798.91,850,3.2,0.297,24,4,Mortgage,Business,Married,High School,0,0,0
52,117729.62,30065.34,552,0.4,0.243,36,7,Mortgage,Auto,Single,Bachelor,1,1,0
23,15000.0,9704.64,765,1.2,0.033,12,1,Rent,Medical,Married,Master,1,1,0
35,33376.82,5174.2,654,0.0,0.094,24,7,Rent,Business,Married,High School,0,0,0
40,38967.54,14020.87,595,7.5,0.61,48,4,Own,Auto,Single,High School,0,0,0
41,65569.22,7537.85,531,8.5,0.24,24,6,Mortgage,Auto,Married,High School,1,1,0
37,54685.79,6383.59,662,30.9,0.401,48,2,Rent,Medical,Single,Bachelor,0,1,0
44,45097.98,8069.16,780,2.7,0.302,12,7,Mortgage,Business,Divorced,Master,0,0,1
48,48727.62,76093.62,614,0.1,0.209,36,2,Mortgage,Education,Single,Bachelor,0,0,1
48,30061.14,14695.36,642,1.3,0.085,48,2,Rent,Debt Consolidation,Divorced,Bachelor,0,1,0
28,23187.85,17211.54,740,4.4,0.694,60,3,Rent,Home Improvement,Single,Master,0,0,0
36,70492.09,5677.95,680,16.3,0.389,36,3,Own,Education,Single,Bachelor,0,1,0
54,69345.26,3675.24,508,0.5,0.417,48,5,Own,Education,Married,PhD,1,1,0
50,108255.25,7530.1,658,0.6,0.158,48,8,Rent,Medical,Married,Master,0,1,0
23,33024.05,36560.98,786,6.0,0.384,24,4,Own,Home Improvement,Single,Master,0,1,0
44,69314.38,16881.82,646,5.5,0.045,60,5,Rent,Medical,Divorced,Bachelor,0,0,0
21,42537.73,20313.0,403,1.4,0.053,48,2,Mortgage,Debt Consolidation,Married,PhD,0,0,0
40,88897.34,22404.03,684,8.4,0.281,24,6,Own,Home Improvement,Single,Bachelor,0,0,0
62,81714.06,8831.28,632,0.7,0.14,60,4,Mortgage,Auto,Married,Bachelor,0,0,0
28,54480.86,35297.8,485,13.0,0.166,24,4,Own,Education,Married,High School,0,0,0
29,41366.84,8578.67,498,1.1,0.176,36,4,Own,Auto,Married,Master,0,0,0
49,79258.19,35752.04,737,0.4,0.174,36,5,Mortgage,Home Improvement,Married,Bachelor,0,2,0
21,67741.36,18207.91,584,2.1,0.105,48,2,Own,Business,Single,Bachelor,0,0,0
32,34814.17,3818.71,568,1.0,0.644,48,4,Own,Auto,Married,Bachelor,0,1,1
47,25237.86,7914.04,646,3.7,0.212,24,10,Own,Medical,Married,Master,0,0,0
32,42435.2,3829.7,592,5.8,0.19,36,3,Mortgage,Business,Married,High School,0,0,0
37,104579.93,30160.77,659,3.4,0.121,24,2,Rent,Medical,Divorced,Master,1,0,0
48,86963.48,13130.4,631,5.4,0.275,24,7,Own,Debt Consolidation,Married,Bachelor,0,0,0
45,28108.75,2807.81,542,2.3,0.677,48,5,Mortgage,Education,Divorced,PhD,0,0,0
43,27340.42,17379.09,603,0.1,0.266,48,5,Mortgage,Auto,Married,Bachelor,0,2,0
35,92720.23,9172.68,689,18.3,0.543,36,3,Own,Debt Consolidation,Single,Bachelor,1,0,0
44,27783.07,4728.37,653,,0.304,12,4,Own,Education,Single,Bachelor,0,1,0
38,63237.18,43242.37,642,0.4,0.196,36,0,Own,Business,Married,Bachelor,0,1,0
45,36024.85,14401.68,824,3.0,0.026,24,3,Rent,Medical,Married,High School,0,0,0
34,110031.55,10879.09,715,5.0,0.239,48,3,Rent,Auto,Divorced,Bachelor,0,0,0
37,33349.15,10101.13,726,1.1,0.268,12,5,Mortgage,Home Improvement,Married,Bachelor,0,1,0
28,86827.68,4631.82,635,4.3,0.132,36,4,Own,Debt Consolidation,Divorced,High School,0,0,0
39,53767.76,5360.52,669,3.8,0.23,36,3,Mortgage,Auto,Single,High School,0,0,0
30,55608.84,32841.29,611,1.2,0.129,60,6,Rent,Home Improvement,Divorced,Master,1,1,0
26,18303.47,9588.14,719,0.8,0.182,12,0,Own,Education,Married,High School,0,0,0
43,16293.86,13567.7,640,,0.147,24,3,Mortgage,Business,Single,High School,0,0,0
42,43902.08,3193.81,670,1.9,0.253,60,3,Own,Education,Single,High School,1,0,0
49,55461.98,5309.94,664,1.4,0.122,36,3,Own,Home Improvement,Divorced,Master,0,0,0
34,27928.45,20473.13,648,6.7,0.529,48,3,Mortgage,Education,Divorced,Master,0,1,1
44,28442.88,17403.01,850,6.7,0.298,48,3,Rent,Business,Single,Master,0,1,0
46,64908.66,45586.31,590,1.6,0.107,36,3,Rent,Debt Consolidation,Single,Master,0,0,0
45,64953.52,34203.03,589,10.3,0.148,24,6,Own,Home Improvement,Divorced,Bachelor,0,0,0
30,45758.35,11367.37,712,5.8,0.178,24,3,Own,Medical,Single,Bachelor,0,0,1
41,72410.08,868954.5616912532,596,2.1,0.4,48,4,Mortgage,Education,Divorced,Bachelor,1,0,0
44,27252.45,10704.05,623,2.8,0.385,48,2,Own,Education,Single,Master,1,0,0
40,41028.92,56295.33,552,6.5,0.117,48,2,Mortgage,Medical,Single,Master,0,0,0
21,111740.98,29861.05,694,1.2,0.593,36,2,Rent,Medical,Single,Bachelor,1,0,0
41,50724.34,15044.68,695,3.2,0.227,24,3,Mortgage,Business,Married,Bachelor,1,0,0
66,52216.63,15371.59,621,5.3,0.218,36,8,Rent,Education,Divorced,Bachelor,0,0,1
35,155278.15,36731.69,714,3.9,0.203,60,2,Rent,Home Improvement,Single,High School,0,1,0
31,24351.02,20044.39,482,4.7,0.219,60,3,Mortgage,Auto,Married,High School,1,0,1
44,73000.03,39776.82,586,4.0,0.249,36,2,Rent,Home Improvement,Divorced,Bachelor,0,0,0
43,112644.61,2876.84,634,1.1,0.148,36,4,Own,Home Improvement,Divorced,Bachelor,0,0,0
54,41671.43,18450.74,544,2.6,0.182,48,6,Own,Education,Single,Master,0,1,0
24,75343.69,9313.27,492,3.8,0.151,36,2,Rent,Education,Divorced,Master,0,1,0
48,30001.13,45682.23,622,7.6,0.144,36,10,Own,Debt Consolidation,Single,Bachelor,0,0,0
47,34774.3,39437.76,712,5.3,0.219,36,2,Own,Auto,Married,Bachelor,1,0,0
38,59425.77,13670.36,765,2.8,0.182,24,5,Mortgage,Medical,Married,Bachelor,0,1,0
44,,39141.62,600,18.3,0.439,24,0,Rent,Business,Married,Bachelor,0,0,0
52,85859.56,46545.25,715,0.6,0.335,24,3,Rent,Auto,Single,High School,0,0,0
50,,14074.0,707,1.2,0.288,12,3,Mortgage,Medical,Married,High School,0,1,0
26,47395.22,75384.25,759,2.1,0.348,24,3,Rent,Business,Married,Master,0,1,0
49,89036.87,13069.82,618,1.3,0.477,24,7,Rent,Auto,Single,Master,1,0,0
39,41309.49,11496.93,488,4.9,0.381,24,2,Own,Business,Single,Bachelor,0,1,1
40,76960.35,24492.22,656,0.2,0.372,12,3,Mortgage,Business,Single,High School,0,0,1
40,54379.6,10429.01,558,1.0,0.071,36,10,Mortgage,Medical,Divorced,High School,1,0,0
38,61257.34,14182.13,584,1.7,0.167,36,5,Own,Debt Consolidation,Divorced,Master,0,0,0
54,60582.05,35832.27,622,5.7,0.281,60,5,Mortgage,Medical,Single,Master,0,1,0
38,21974.71,13540.67,619,10.4,0.394,36,2,Rent,Auto,Married,Master,0,0,0
26,27943.48,4078.51,662,8.0,0.356,12,4,Mortgage,Medical,Married,Master,0,0,0
35,51599.68,17276.86,713,1.0,0.179,36,9,Rent,Medical,Divorced,Master,0,0,0
42,21085.91,8205.78,616,4.2,0.089,48,2,Mortgage,Medical,Single,Bachelor,1,0,0
54,74280.63,24481.91,685,0.2,0.282,36,1,Own,Education,Married,Bachelor,0,0,0
47,75794.27,21749.21,651,1.9,0.103,24,5,Own,Education,Single,High School,0,0,0
29,57733.06,37420.74,734,8.2,0.256,60,7,Rent,Education,Married,Master,1,0,1
69,27985.25,25216.97,633,3.1,0.207,24,7,Mortgage,Auto,Divorced,High School,0,0,0
43,97740.32,28657.52,642,0.8,0.099,60,6,Own,Auto,Single,Bachelor,1,0,0
55,135754.76,8363.5,616,2.9,0.411,48,7,Rent,Business,Married,Bachelor,1,1,0
38,52761.57,23453.86,635,1.1,0.45,48,3,Mortgage,Business,Married,PhD,0,0,0
46,63276.4,52993.04,579,2.5,0.251,36,3,Rent,Auto,Single,Bachelor,0,1,0
50,54223.48,8249.81,570,3.3,0.182,24,4,Mortgage,Education,Single,Bachelor,0,0,0
54,63907.03,47090.04,719,2.2,0.45,48,3,Rent,Business,Married,PhD,0,0,0
52,46176.24,9094.77,552,13.8,0.32,36,2,Mortgage,Medical,Divorced,Bachelor,0,2,0
50,48180.9,7358.56,621,4.1,0.156,36,6,Mortgage,Home Improvement,Married,Bachelor,0,0,0
36,77100.02,16437.82,741,9.3,0.4,24,4,Mortgage,Education,Single,Bachelor,0,1,1
33,158389.44,22051.53,618,7.2,0.172,24,5,Rent,Education,Single,Master,0,1,0
43,24342.14,25291.54,724,5.4,0.718,36,2,Own,Education,Divorced,High School,0,0,0
51,46541.22,6814.22,596,3.4,0.271,36,2,Rent,Home Improvement,Married,Master,0,0,0
37,27167.31,18109.25,555,0.0,0.404,36,6,Own,Business,Single,High School,0,0,0
52,108663.63,8267.7,506,4.8,0.616,36,3,Rent,Business,Married,Master,0,0,0
57,36538.84,4711.47,768,2.2,0.255,48,2,Mortgage,Debt Consolidation,Single,Master,0,0,0
29,23822.83,6973.58,547,0.6,0.054,36,1,Own,Medical,Divorced,Bachelor,0,1,0
29,67446.74,7898.04,717,2.9,0.125,36,4,Own,Medical,Single,Bachelor,1,1,0
38,117260.77,19247.12,560,6.7,0.33,48,2,Rent,Debt Consolidation,Single,Master,0,0,0
43,68309.15,29927.99,768,16.3,0.304,48,5,Rent,Debt Consolidation,Married,High School,0,0,0
33,54306.49,4763.58,848,2.3,0.103,36,3,Mortgage,Home Improvement,Married,Bachelor,0,0,0
56,60148.42,17092.12,498,3.9,0.365,60,3,Own,Medical,Single,High School,1,0,0
45,99451.0,5862.38,552,9.5,0.366,36,2,Mortgage,Medical,Single,Bachelor,1,0,0
40,31662.88,20751.21,719,2.0,0.213,24,7,Rent,Education,Single,High School,1,0,0
22,46354.63,8639.4,696,0.8,0.693,48,2,Rent,Auto,Married,High School,0,0,0
24,39091.29,6400.11,719,1.7,0.175,24,5,Rent,Medical,Single,Bachelor,1,0,0
43,27338.94,23383.01,598,11.5,0.312,60,4,Rent,Home Improvement,Single,Bachelor,1,0,1
21,41598.21,8858.69,828,0.9,0.125,36,3,Mortgage,Home Improvement,Single,Bachelor,1,0,0
52,85294.1,10708.84,660,2.0,0.135,48,3,Mortgage,Education,Divorced,Bachelor,1,1,0
38,65075.35,2824.28,540,3.1,0.147,36,6,Mortgage,Debt Consolidation,Married,High School,1,1,0
70,67653.56,25915.23,627,9.4,0.342,12,4,Mortgage,Home Improvement,Married,High School,0,0,0
67,52745.71,23733.34,541,13.9,0.191,48,5,Rent,Home Improvement,Married,High School,1,0,0
37,63682.3,13410.87,793,2.8,0.22,48,2,Mortgage,Education,Married,Bachelor,0,0,0
38,32849.93,4585.68,590,13.4,0.354,60,4,Mortgage,Auto,Married,Bachelor,0,0,0
51,41992.45,31149.65,694,0.9,0.108,36,5,Own,Home Improvement,Divorced,Bachelor,0,1,0
60,53960.21,8380.1,607,0.9,0.196,36,3,Own,Business,Single,Bachelor,0,1,1
21,56317.35,9726.92,594,14.9,0.408,60,4,Own,Business,Single,Bachelor,1,0,0
21,57531.85,67402.06,478,3.6,0.612,24,3,Mortgage,Debt Consolidation,Single,Bachelor,0,0,1
32,45744.75,8163.71,703,1.0,0.417,24,4,Own,Medical,Married,Bachelor,0,1,1
46,40590.46,22461.25,766,3.3,0.244,24,2,Mortgage,Medical,Married,High School,0,0,0
45,237728.76,19800.54,567,7.6,0.373,60,2,Mortgage,Auto,Married,Bachelor,0,0,0
52,77141.27,17555.46,510,8.8,0.353,24,3,Mortgage,Home Improvement,Divorced,Bachelor,0,0,0
25,60269.04,16275.24,722,10.0,0.381,48,4,Mortgage,Education,Married,Bachelor,0,0,0
21,43625.44,17386.89,501,4.2,0.261,36,5,Rent,Home Improvement,Single,Master,0,0,0
50,39120.06,16161.04,759,10.1,0.143,24,3,Rent,Education,Married,Master,0,0,0
30,45917.41,12882.91,568,3.6,0.298,60,7,Rent,Home Improvement,Single,Master,0,0,0
21,56750.2,38480.16,550,4.7,0.725,36,6,Rent,Home Improvement,Married,Bachelor,0,0,1
41,19144.72,5330.17,672,7.1,0.4,36,5,Own,Home Improvement,Single,Bachelor,0,1,0
49,22366.18,27310.34,556,2.8,0.267,24,2,Rent,Business,Married,High School,1,0,1
38,35651.94,23757.17,586,0.4,0.472,36,5,Own,Auto,Divorced,High School,0,0,0
34,54370.1,21782.87,681,2.2,0.066,48,5,Rent,Debt Consolidation,Single,Bachelor,0,0,0
38,43493.35,29198.88,431,4.9,0.226,36,4,Own,Debt Consolidation,Single,PhD,1,0,0
35,102647.97,12521.22,797,1.1,0.393,36,4,Mortgage,Education,Married,Master,0,1,0
23,23360.49,3610.92,653,0.8,0.465,24,2,Rent,Business,Married,Bachelor,1,0,0
31,33668.81,12700.48,533,1.7,0.174,60,4,Rent,Home Improvement,Married,High School,0,0,0
46,104824.82,6675.26,558,0.2,0.098,48,2,Own,Home Improvement,Single,High School,0,0,0
43,52342.28,8004.01,739,6.8,0.364,48,1,Own,Medical,Single,High School,0,0,0
42,76299.47,5598.79,704,1.5,0.238,24,7,Rent,Education,Divorced,Bachelor,1,0,0
28,136710.86,9564.93,774,0.7,0.397,36,3,Own,Debt Consolidation,Married,Bachelor,0,0,0
37,34651.55,8798.74,588,6.0,0.301,12,7,Rent,Medical,Divorced,Bachelor,0,0,0
21,46646.02,2529.31,676,9.3,0.355,36,2,Rent,Education,Married,High School,0,0,0
42,42778.31,21810.69,688,0.1,0.308,36,1,Own,Debt Consolidation,Married,High School,1,0,0
57,18447.86,63210.47,712,1.3,0.35,60,6,Own,Medical,Single,High School,0,0,0
22,41973.83,20421.96,751,14.5,0.074,60,1,Own,Home Improvement,Married,Bachelor,0,1,0
32,76155.39,11590.64,585,2.4,0.155,48,4,Own,Home Improvement,Married,High School,0,1,0
43,64234.44,12857.44,639,14.0,0.313,36,6,Mortgage,Home Improvement,Single,High School,0,0,0
55,66805.56,9949.82,595,1.6,0.148,36,5,Rent,Auto,Single,Bachelor,0,0,0
34,40629.33,14228.88,645,1.2,0.534,12,0,Mortgage,Medical,Married,Bachelor,1,0,0
31,35311.06,13018.08,712,1.2,0.297,48,7,Mortgage,Auto,Married,High School,0,1,1
21,92468.92,7415.04,501,0.4,0.501,48,7,Own,Auto,Married,High School,0,0,0
41,38228.68,43391.63,749,11.3,0.094,48,10,Own,Medical,Married,High School,0,0,0
64,56785.77,4717.3,547,19.5,0.586,48,5,Mortgage,Home Improvement,Married,High School,0,1,1
43,53192.22,22088.93,622,15.5,0.159,60,2,Rent,Business,Single,Master,1,0,0
39,101809.48,12446.09,761,9.6,0.051,36,4,Mortgage,Education,Married,Bachelor,0,0,0
43,79674.6,50543.13,679,9.4,0.118,36,8,Rent,Debt Consolidation,Divorced,Bachelor,1,1,0
39,25651.84,16959.87,680,5.4,0.629,60,7,Own,Medical,Single,Bachelor,1,0,1
30,27071.14,10384.46,543,8.7,0.246,48,4,Rent,Home Improvement,Married,High School,1,0,0
49,65477.05,11232.93,556,1.2,0.289,60,4,Mortgage,Auto,Single,Master,1,0,0
42,47468.95,13738.19,734,2.5,0.228,24,6,Rent,Home Improvement,Married,Master,1,0,0
40,39042.81,6003.19,596,5.1,0.302,36,5,Rent,Education,Single,High School,1,1,0
28,81455.65,7810.24,605,10.4,0.485,36,6,Rent,Medical,Single,Master,1,0,0
55,53837.72,3829.69,736,5.4,0.306,36,5,Mortgage,Medical,Married,Master,1,0,0
47,50323.56,7001.76,555,9.1,0.517,60,4,Mortgage,Debt Consolidation,Single,Master,1,0,0
33,72396.58,14267.43,674,,0.332,36,5,Mortgage,Debt Consolidation,Married,Bachelor,1,1,0
52,40637.46,16483.62,653,6.3,0.187,60,7,Mortgage,Medical,Single,Bachelor,0,0,0
34,107393.99,3342.48,649,19.6,0.296,36,3,Rent,Education,Single,High School,1,0,0
30,33056.59,12136.25,603,0.8,0.106,12,4,Rent,Debt Consolidation,Divorced,PhD,0,0,0
30,68081.75,19818.81,597,13.1,0.197,24,4,Own,Auto,Married,Master,0,0,0
21,100399.89,11919.86,552,3.7,0.284,24,8,Own,Home Improvement,Single,High School,1,0,0
45,24620.93,8572.79,693,5.2,0.26,48,3,Mortgage,Business,Married,Master,1,0,0
21,41288.22,10011.47,589,10.5,0.287,24,2,Rent,Home Improvement,Single,PhD,1,0,0
25,86777.59,9149.6,737,2.6,0.477,36,1,Own,Education,Married,Bachelor,1,0,0
21,87432.49,8555.15,629,2.7,0.181,48,6,Mortgage,Home Improvement,Single,Bachelor,0,0,1
38,44992.55,15088.32,554,3.7,0.378,24,4,Mortgage,Medical,Single,PhD,0,0,0
38,33950.69,67196.86,628,0.1,0.279,12,4,Mortgage,Education,Divorced,Bachelor,0,0,0
36,79060.44,7937.95,613,3.4,0.533,36,4,Rent,Business,Single,Bachelor,0,0,0
27,88590.03,10692.52,740,1.7,0.105,48,3,Rent,Debt Consolidation,Single,Bachelor,1,0,0
25,27382.74,12884.9,616,13.2,0.574,60,6,Mortgage,Debt Consolidation,Married,High School,1,1,0
45,26850.59,8257.29,625,0.5,0.178,48,4,Rent,Home Improvement,Single,Bachelor,0,1,0
33,54864.86,28818.28,777,3.1,0.133,60,2,Rent,Medical,Married,Master,0,1,0
43,67149.74,2541.17,695,14.7,0.506,24,3,Mortgage,Business,Divorced,High School,0,0,0
29,42212.24,9211.97,799,11.6,0.287,36,7,Mortgage,Medical,Single,Bachelor,0,0,1
42,68847.34,23690.27,763,6.0,0.465,48,5,Rent,Business,Married,Master,0,0,1
55,34369.74,10874.04,570,4.5,0.136,48,2,Rent,Education,Married,Bachelor,0,1,0
47,17028.66,7520.69,739,1.6,0.103,48,4,Own,Business,Single,PhD,0,0,0
35,39658.06,18188.23,787,2.3,0.194,36,5,Rent,Debt Consolidation,Married,Bachelor,0,0,0
43,50595.41,25195.99,787,0.5,0.074,12,5,Own,Home Improvement,Married,Master,0,1,0
37,42705.37,15482.18,738,7.7,0.193,24,2,Own,Debt Consolidation,Married,High School,1,0,0
40,27465.84,7624.68,737,2.0,0.482,24,5,Mortgage,Medical,Married,Bachelor,1,1,1
36,19775.03,18385.95,622,5.5,0.32,12,7,Mortgage,Debt Consolidation,Married,Master,1,0,0
38,37909.45,10082.59,574,2.2,0.252,48,3,Mortgage,Home Improvement,Married,High School,1,0,1
42,76789.86,22508.11,618,3.1,0.212,24,5,Mortgage,Auto,Single,High School,0,0,0
28,91867.14,37732.66,500,4.0,0.166,36,3,Own,Debt Consolidation,Married,High School,0,1,0
27,88774.67,2156.19,770,8.1,0.282,60,1,Mortgage,Medical,Married,High School,1,0,0
23,32599.27,14439.85,624,1.2,0.149,36,6,Rent,Home Improvement,Divorced,High School,1,0,0
21,27533.17,3963.91,766,2.5,0.324,24,5,Mortgage,Medical,Married,PhD,0,0,1
25,62838.13,73810.19,539,0.7,0.398,48,3,Mortgage,Education,Married,High School,0,0,0
41,67342.71,9626.86,747,0.4,0.06,48,6,Rent,Business,Married,Master,0,0,0
29,59879.22,22526.81,605,4.6,0.43,24,3,Rent,Home Improvement,Single,Bachelor,0,0,1
46,17907.38,13033.5,534,1.0,0.192,48,3,Mortgage,Business,Married,PhD,0,0,0
40,31778.9,7614.74,796,0.3,0.056,24,4,Own,Home Improvement,Married,High School,0,2,0
21,48298.49,7006.28,749,11.4,0.291,48,10,Rent,Auto,Single,Bachelor,1,1,0
47,62542.97,40537.2,669,3.8,0.399,24,5,Mortgage,Auto,Married,Bachelor,1,0,0
49,71944.75,26086.07,653,0.7,0.147,36,6,Mortgage,Home Improvement,Divorced,Master,0,0,0
28,52687.14,52078.57,689,0.3,0.046,36,1,Rent,Business,Divorced,Bachelor,0,0,0
45,57837.46,13888.51,667,0.6,0.095,48,6,Rent,Education,Married,Master,0,0,0
29,51145.65,16342.82,578,3.2,0.105,48,2,Rent,Business,Married,Master,0,0,0
41,69065.44,11080.76,612,5.5,0.149,60,3,Own,Medical,Single,High School,0,2,1
24,57321.6,10927.55,826,5.1,0.593,24,5,Rent,Home Improvement,Single,Master,0,0,0
21,50658.83,6442.55,850,0.8,0.403,48,3,Rent,Business,Married,Bachelor,1,0,0
35,42865.2,14168.93,790,5.0,0.303,24,3,Mortgage,Home Improvement,Married,High School,0,0,0
38,51054.33,7688.86,693,2.6,0.185,36,3,Own,Auto,Married,High School,1,0,0
35,62460.88,18202.9,619,3.1,0.277,36,2,Mortgage,Business,Married,Master,1,0,0
25,56035.33,15048.1,578,8.1,0.44,12,2,Own,Business,Married,Bachelor,0,0,0
35,59302.88,16340.1,584,2.0,0.489,12,3,Rent,Auto,Divorced,High School,0,0,0
43,95928.74,43156.61,600,0.8,0.252,48,0,Rent,Education,Single,Bachelor,0,0,0
39,55970.61,13011.61,843,10.3,0.184,24,4,Mortgage,Medical,Divorced,Master,1,0,0
42,35436.61,22690.67,812,1.2,0.295,36,4,Rent,Home Improvement,Single,High School,1,0,0
31,76252.34,56165.42,717,1.7,0.306,48,2,Mortgage,Home Improvement,Married,Bachelor,0,0,0
54,24757.92,33343.96,563,6.1,0.136,24,5,Own,Home Improvement,Single,High School,0,0,1
25,28546.61,29948.03,730,5.8,0.245,24,4,Mortgage,Home Improvement,Married,Bachelor,0,0,0
45,57984.07,10778.6,628,8.1,0.287,36,7,Rent,Education,Single,Bachelor,0,0,1
54,63462.11,15689.55,456,1.0,0.398,12,6,Rent,Debt Consolidation,Single,High School,1,0,1
45,26303.95,5309.25,675,2.2,0.569,60,5,Rent,Auto,Single,Bachelor,1,0,1
37,40481.13,18943.95,574,0.7,0.498,60,3,Own,Medical,Married,Bachelor,1,1,1
33,36205.2,16189.56,577,3.9,0.43,36,5,Own,Auto,Married,Bachelor,0,0,0
52,38432.62,13580.22,627,1.7,0.104,24,3,Own,Home Improvement,Single,Master,0,0,0
22,78574.22,27420.23,605,5.8,0.353,36,7,Rent,Debt Consolidation,Married,High School,1,0,0
28,69790.47,5736.23,646,0.0,0.67,12,10,Own,Debt Consolidation,Single,Bachelor,0,1,0
35,48554.34,41957.14,642,0.3,0.148,36,1,Mortgage,Auto,Divorced,High School,0,0,0
54,37310.09,25115.37,481,2.8,0.263,12,5,Mortgage,Business,Married,PhD,0,0,0
44,,12715.24,786,15.9,0.472,48,6,Rent,Education,Single,Master,0,0,1
28,99717.1,12038.79,561,11.1,0.152,24,3,Mortgage,Medical,Married,High School,0,0,0
36,65910.76,18702.79,564,25.6,0.488,36,2,Rent,Debt Consolidation,Divorced,Bachelor,0,2,1
32,34429.38,38738.76,620,2.7,0.237,12,4,Mortgage,Education,Married,High School,0,1,0
31,70248.89,14344.55,640,0.2,0.332,36,2,Mortgage,Home Improvement,Married,Master,0,0,0
51,47329.46,14776.92,781,1.8,0.291,12,5,Mortgage,Business,Single,Bachelor,0,0,0
23,42465.41,13530.25,674,5.6,0.369,60,3,Own,Medical,Single,Bachelor,0,1,1
59,60937.61,46509.73,700,0.7,0.16,36,9,Mortgage,Home Improvement,Married,Bachelor,1,0,0
49,33834.99,10319.41,674,1.8,0.138,24,1,Mortgage,Auto,Married,High School,0,0,0
53,41279.52,13086.61,670,0.3,0.306,36,2,Rent,Education,Single,High School,0,0,0
34,52090.12,37212.68,677,3.2,0.243,12,6,Mortgage,Debt Consolidation,Single,Master,0,2,0
38,38187.92,14807.77,476,1.2,0.256,36,3,Mortgage,Auto,Married,High School,1,0,0
22,68496.82,29612.18,627,0.5,0.183,24,5,Rent,Business,Married,Master,0,0,0
33,124808.18,7059.32,754,2.6,0.352,36,5,Mortgage,Debt Consolidation,Single,High School,0,0,0
45,33619.14,11571.44,850,2.2,0.043,36,4,Mortgage,Home Improvement,Married,Master,0,1,0
55,21320.78,37763.71,541,3.9,0.436,48,4,Mortgage,Business,Divorced,Bachelor,0,0,0
26,18018.06,8321.2,688,6.9,0.445,36,4,Own,Medical,Single,Bachelor,1,0,0
35,45468.08,12017.16,598,0.6,0.294,48,5,Own,Education,Divorced,Bachelor,0,1,0
38,35186.5,15989.37,834,7.8,0.256,60,1,Own,Home Improvement,Single,High School,0,1,0
23,54389.71,6684.8,528,0.1,0.476,60,8,Rent,Medical,Divorced,Bachelor,0,0,1
47,52380.98,9999.93,706,2.9,0.556,24,4,Mortgage,Debt Consolidation,Married,Master,0,0,0
31,21991.07,14455.72,523,4.4,0.46,48,3,Mortgage,Medical,Married,High School,1,0,0
37,19782.6,13803.5,621,15.7,0.292,36,2,Rent,Education,Single,High School,0,0,0
34,56838.35,32736.52,646,4.3,0.254,36,2,Rent,Debt Consolidation,Single,Master,0,1,0
30,52455.18,39301.58,746,0.9,0.58,60,2,Rent,Medical,Divorced,Master,0,0,0
39,39620.07,7337.41,553,,0.081,24,4,Own,Auto,Divorced,High School,0,0,0
37,21406.04,14441.89,709,2.5,0.222,36,6,Mortgage,Education,Single,PhD,0,1,0
35,62049.99,21417.72,651,,0.212,36,3,Own,Auto,Single,Bachelor,1,0,0
31,92591.24,38616.82,674,1.1,0.256,12,6,Own,Business,Single,Bachelor,0,0,0
43,56330.49,22091.39,736,3.5,0.152,60,5,Own,Education,Divorced,Bachelor,1,0,0
59,32088.82,16377.1,534,0.8,0.625,36,4,Mortgage,Education,Divorced,Bachelor,0,1,0
41,50125.05,21302.5,722,6.8,0.422,48,4,Own,Medical,Single,High School,0,0,1
51,24758.97,21410.53,598,,0.584,60,6,Mortgage,Debt Consolidation,Single,Master,0,0,1
23,83198.15,6978.57,748,0.4,0.165,48,2,Rent,Home Improvement,Divorced,High School,1,0,0
41,51068.45,15290.07,680,11.0,0.248,60,3,Rent,Debt Consolidation,Single,Bachelor,1,1,0
26,20250.23,37101.5,631,4.8,0.097,12,1,Mortgage,Auto,Divorced,Master,1,0,0
22,42178.37,11554.73,596,1.9,0.15,36,4,Rent,Education,Single,Master,0,0,0
31,61799.51,14626.83,724,0.2,0.435,36,7,Mortgage,Home Improvement,Single,High School,0,0,1
54,41501.14,11273.82,763,5.0,0.155,48,3,Mortgage,Medical,Single,Master,0,0,0
51,42704.18,2644.66,602,2.3,0.034,24,4,Rent,Education,Married,PhD,0,1,0
42,26576.93,13553.68,548,11.9,0.12,48,4,Mortgage,Education,Single,High School,1,0,0
21,65073.36,16502.29,712,0.2,0.332,24,3,Mortgage,Auto,Single,High School,0,0,0
37,35445.99,9332.47,519,0.2,0.325,12,6,Own,Medical,Married,High School,0,0,1
43,16676.86,5953.62,532,14.9,0.334,36,4,Mortgage,Auto,Married,High School,1,0,0
42,40715.79,7212.53,554,16.7,0.289,48,6,Rent,Medical,Divorced,Bachelor,1,1,1
21,,22809.48,612,0.1,0.127,60,4,Rent,Auto,Married,Master,1,1,0
29,40397.99,53144.36,529,6.3,0.057,48,3,Own,Business,Single,Bachelor,0,0,0
39,116890.45,35161.37,475,1.3,0.517,36,3,Mortgage,Debt Consolidation,Single,High School,0,0,1
46,60747.67,5213.25,547,6.0,0.407,24,2,Mortgage,Debt Consolidation,Married,Bachelor,1,1,1
21,58068.53,24300.18,707,10.2,0.201,24,2,Rent,Medical,Divorced,Master,0,0,0
38,45972.6,8398.31,535,0.5,0.73,48,4,Mortgage,Medical,Married,Bachelor,0,0,0
41,47375.33,8887.61,619,1.4,0.527,24,5,Own,Home Improvement,Single,High School,0,0,0
50,42971.32,9668.39,825,0.1,0.038,48,4,Own,Home Improvement,Married,PhD,0,0,0
48,42144.75,21900.11,645,0.2,0.206,24,3,Own,Debt Consolidation,Single,Bachelor,0,0,0
46,63922.94,26146.68,680,0.2,0.552,36,4,Rent,Debt Consolidation,Married,Bachelor,0,0,0
30,30702.04,12473.71,564,8.1,0.134,48,3,Mortgage,Business,Single,Bachelor,0,0,0
21,28625.5,12622.68,844,1.8,0.185,48,1,Mortgage,Medical,Divorced,Bachelor,1,1,0
35,27956.43,18489.99,601,3.4,0.056,36,3,Rent,Medical,Single,Master,0,0,0
52,136329.12,19882.52,629,7.8,0.266,24,3,Mortgage,Debt Consolidation,Single,Bachelor,1,0,0
56,63906.19,30435.29,768,3.4,0.064,60,7,Rent,Medical,Single,Bachelor,0,0,0
48,57082.11,5436.77,633,2.8,0.031,48,7,Rent,Home Improvement,Married,High School,0,1,0
45,28889.77,13548.34,654,0.1,0.039,48,4,Own,Medical,Single,Bachelor,1,1,0
44,66947.98,6325.74,624,4.2,0.124,24,2,Mortgage,Home Improvement,Single,Master,0,0,0
33,46245.26,12891.72,625,0.7,0.215,36,3,Rent,Auto,Married,High School,0,0,0
38,54561.54,11403.52,683,7.2,0.268,12,9,Mortgage,Medical,Divorced,Master,1,0,0
60,30082.23,12929.61,699,1.5,0.089,24,3,Rent,Auto,Married,High School,1,0,0
28,53110.74,7632.57,592,5.6,0.455,24,4,Rent,Debt Consolidation,Single,High School,0,1,1
59,39659.4,4716.85,581,5.2,0.337,36,5,Rent,Medical,Single,High School,0,0,0
36,33429.51,3083.73,595,4.8,0.074,60,4,Own,Education,Single,PhD,0,1,0
55,70760.28,12187.59,523,1.6,0.418,36,5,Own,Education,Married,Bachelor,0,0,0
23,22723.3,9880.31,506,1.6,0.33,48,7,Mortgage,Business,Single,Bachelor,1,0,0
47,65015.96,8323.55,676,9.9,0.137,60,2,Rent,Education,Married,High School,1,0,1
31,69026.31,33717.89,734,0.1,0.249,24,4,Own,Education,Married,Bachelor,0,2,0
23,31576.81,7320.2,728,1.0,0.234,24,4,Rent,Education,Married,Bachelor,0,0,0
42,32527.32,36018.35,435,4.7,0.481,24,1,Rent,Education,Married,Bachelor,0,1,1
52,43848.12,41634.76,627,8.5,0.222,60,4,Mortgage,Business,Divorced,High School,1,0,1
29,56444.78,3409.67,550,2.2,0.41,48,4,Mortgage,Education,Single,High School,0,1,1
22,45413.85,14252.21,662,5.3,0.298,36,1,Mortgage,Auto,Married,Master,1,1,0
38,60887.38,10099.21,612,4.1,0.298,48,3,Own,Business,Married,Bachelor,1,1,1
38,118360.44,1740.17,703,0.3,0.634,24,2,Own,Home Improvement,Single,Bachelor,1,0,0
46,38030.42,4859.79,648,4.9,0.094,24,8,Rent,Debt Consolidation,Divorced,High School,1,1,0
51,,22981.74,479,8.4,0.105,36,3,Mortgage,Education,Married,Bachelor,1,1,1
39,74084.51,54909.38,562,24.4,0.248,48,11,Mortgage,Education,Single,Bachelor,0,0,0
62,113738.51,25131.43,650,0.2,0.067,24,3,Mortgage,Home Improvement,Married,Master,0,1,0
42,59658.04,16756.52,658,5.4,0.185,24,5,Mortgage,Debt Consolidation,Single,Bachelor,1,0,0
35,28456.32,13161.71,523,2.7,0.575,36,0,Own,Business,Single,Bachelor,1,0,1
21,46076.29,43384.78,511,0.0,0.428,24,7,Rent,Debt Consolidation,Single,Master,1,0,0
36,28021.81,60100.14,655,4.8,0.493,48,5,Mortgage,Education,Single,Bachelor,0,1,1
35,67604.36,8859.19,523,0.7,0.186,36,4,Own,Home Improvement,Married,High School,0,0,0
51,24943.16,3294.5,499,2.4,0.143,36,6,Own,Auto,Married,High School,0,1,0
45,42189.88,3075.64,609,1.5,0.321,60,6,Own,Auto,Married,PhD,0,1,0
25,29668.2,33702.14,606,2.2,0.345,48,8,Own,Medical,Married,Bachelor,0,0,0
42,52230.0,12926.81,570,3.4,0.332,24,4,Own,Education,Single,High School,1,0,1
48,40815.99,15188.13,586,2.2,0.196,36,2,Own,Home Improvement,Single,Bachelor,0,2,0
58,53550.53,3814.42,651,4.0,0.099,36,1,Own,Home Improvement,Single,PhD,0,1,0
50,49571.69,7885.4,585,1.4,0.314,48,6,Mortgage,Auto,Single,High School,1,0,0
49,29931.61,10863.5,656,5.0,0.316,48,2,Own,Business,Divorced,Bachelor,1,0,0
40,67066.41,15451.89,615,9.6,0.449,36,6,Rent,Auto,Married,High School,1,0,0
44,47839.99,10107.02,665,1.3,0.389,48,6,Rent,Medical,Divorced,Bachelor,0,1,0
54,29903.64,6463.15,729,3.5,0.092,36,3,Mortgage,Medical,Single,Bachelor,0,0,0
24,150311.23,7714.08,725,5.2,0.192,48,1,Rent,Home Improvement,Married,Bachelor,1,2,0
35,62206.52,31126.86,765,4.2,0.248,12,5,Own,Home Improvement,Single,PhD,1,1,0
30,45404.65,15856.73,725,2.3,0.423,24,3,Mortgage,Medical,Married,Bachelor,0,0,1
44,99469.09,20506.76,671,5.1,0.248,48,5,Rent,Home Improvement,Married,PhD,0,0,0
54,123119.14,7120.89,610,0.1,0.115,24,1,Rent,Education,Married,Bachelor,0,0,0
32,45584.6,1689.73,615,2.3,0.399,48,1,Mortgage,Debt Consolidation,Married,High School,0,0,1
21,58319.91,9263.41,571,3.8,0.196,48,1,Mortgage,Medical,Married,High School,0,0,0
35,29911.51,7283.75,650,0.1,0.424,48,6,Mortgage,Medical,Married,High School,0,1,1
50,45542.61,17056.87,712,3.5,0.405,48,4,Mortgage,Home Improvement,Single,Master,0,0,0
46,44376.65,100000.0,584,5.3,0.293,36,6,Rent,Debt Consolidation,Single,High School,0,1,0
45,53766.91,21733.63,646,7.1,0.174,60,4,Mortgage,Education,Single,Master,0,0,0
36,57894.65,90687.26,589,0.6,0.384,36,3,Mortgage,Medical,Married,Bachelor,0,0,0
24,64855.32,19893.31,668,23.3,0.116,36,3,Rent,Debt Consolidation,Single,High School,0,0,0
46,55205.69,8596.24,600,4.7,0.518,36,4,Own,Medical,Single,Bachelor,1,0,0
29,26759.07,17043.79,583,2.3,0.369,60,9,Rent,Debt Consolidation,Married,High School,0,0,0
66,30661.6,46464.65,588,1.4,0.608,24,7,Rent,Auto,Married,Bachelor,1,1,0
46,37301.77,48083.47,695,4.3,0.243,48,6,Rent,Medical,Single,Master,0,1,0
33,42568.92,8930.82,641,10.7,0.231,24,5,Own,Debt Consolidation,Single,Master,0,0,0
32,,15950.23,611,,0.318,12,6,Own,Auto,Married,Master,1,1,0
38,27406.36,4912.38,673,5.4,0.534,60,3,Rent,Home Improvement,Married,Bachelor,1,0,0
37,40998.57,23795.89,612,2.2,0.326,24,3,Own,Business,Divorced,Bachelor,0,0,0
53,78944.85,39630.26,751,2.5,0.319,48,4,Mortgage,Debt Consolidation,Married,Bachelor,1,0,0
42,42195.18,13737.16,562,1.7,0.166,36,3,Own,Auto,Divorced,Master,0,1,0
31,61710.4,8373.53,633,6.1,0.302,48,6,Rent,Education,Married,Master,0,1,0
62,45717.16,17190.15,523,2.2,0.351,48,5,Own,Medical,Married,High School,0,0,1
40,55736.56,17894.01,618,1.1,0.43,24,8,Own,Auto,Married,PhD,0,0,1
49,43728.87,14140.53,498,2.3,0.349,36,6,Mortgage,Business,Single,Master,0,1,1
32,68427.68,15140.08,717,9.6,0.38,12,3,Own,Business,Single,Bachelor,0,0,0
44,22639.96,11829.24,718,6.7,0.436,36,1,Rent,Business,Married,Bachelor,0,1,0
43,40877.86,26827.12,720,2.0,0.065,48,3,Rent,Home Improvement,Divorced,Bachelor,0,0,1
21,56856.53,22367.39,652,11.9,0.379,24,5,Mortgage,Education,Married,Master,0,0,0
64,64013.39,6713.18,570,0.4,0.26,48,6,Rent,Debt Consolidation,Single,High School,0,0,0
55,103412.0,6585.24,577,0.3,0.219,12,3,Rent,Education,Married,Bachelor,1,0,0
35,40315.35,11180.63,787,0.7,0.446,12,2,Own,Medical,Married,High School,1,1,0
26,102717.82,22376.93,0,0.6,0.49,12,5,Own,Debt Consolidation,Married,Bachelor,1,0,0
44,35259.42,14818.63,661,0.5,0.275,24,2,Rent,Debt Consolidation,Single,High School,1,1,0
41,95255.99,8516.79,603,5.4,0.301,36,4,Rent,Home Improvement,Married,PhD,0,0,1
44,73771.93,16043.56,773,4.6,0.103,24,3,Rent,Medical,Married,High School,0,0,0
42,31047.41,10598.13,587,5.2,0.196,60,6,Own,Education,Married,Master,1,1,0
46,57154.86,24744.05,670,5.8,0.35,60,4,Own,Home Improvement,Married,Bachelor,0,0,0
57,47780.94,16867.45,771,7.1,0.106,36,3,Mortgage,Medical,Married,Master,1,1,0
46,67023.08,10713.99,574,1.2,0.287,36,4,Own,Education,Single,Bachelor,0,1,0
27,43842.73,15710.16,724,4.9,0.382,60,0,Mortgage,Auto,Divorced,PhD,0,0,0
56,42040.0,33541.33,696,4.3,0.381,48,3,Rent,Education,Married,Bachelor,1,0,1
59,97202.07,8966.57,646,14.4,0.177,24,5,Mortgage,Education,Married,Bachelor,0,2,0
70,46659.86,17709.56,560,1.3,0.529,48,4,Own,Medical,Single,Master,0,0,1
26,74102.99,12716.78,584,0.3,0.243,24,5,Rent,Home Improvement,Divorced,High School,0,0,0
42,43797.16,18013.71,676,5.3,0.063,36,2,Own,Auto,Single,Bachelor,0,0,0
21,112795.49,8449.01,521,6.7,0.239,36,2,Own,Medical,Divorced,Bachelor,0,0,0
46,34920.62,14432.46,661,1.7,0.509,48,3,Own,Business,Married,High School,0,0,0
33,36059.59,29012.33,698,4.2,0.233,24,6,Mortgage,Home Improvement,Single,Master,0,0,0
63,105057.03,6933.33,738,0.3,0.121,12,8,Mortgage,Auto,Single,Bachelor,0,0,0
30,39242.94,5268.05,524,,0.329,60,4,Own,Business,Married,Master,0,1,1
21,109156.42,5409.87,768,0.6,0.147,48,8,Own,Auto,Married,PhD,0,1,0
34,76566.91,5887.2,802,0.3,0.482,36,4,Mortgage,Education,Married,PhD,1,0,0
21,45373.12,20266.54,686,0.2,0.574,48,1,Rent,Medical,Married,Bachelor,1,1,1
49,19798.34,4993.53,556,2.8,0.549,48,7,Rent,Medical,Married,High School,0,0,0
21,48549.58,10845.15,620,0.5,0.015,36,4,Own,Auto,Married,Bachelor,0,0,0
40,51576.17,20594.98,645,6.8,0.014,24,3,Rent,Auto,Single,Master,1,1,0
21,87869.57,17883.99,674,11.5,0.417,36,8,Own,Medical,Single,High School,0,1,0
36,108469.42,10199.65,651,1.5,0.347,60,4,Own,Debt Consolidation,Married,High School,1,2,1
59,34804.65,15270.02,675,5.0,0.547,48,1,Mortgage,Education,Single,High School,0,0,0
44,73173.67,14400.26,641,0.2,0.025,36,2,Mortgage,Auto,Single,Master,0,0,0
29,71876.24,11418.97,673,2.4,0.114,24,3,Mortgage,Debt Consolidation,Married,High School,0,0,0
39,83843.43,11526.63,608,1.7,0.272,60,5,Own,Medical,Single,High School,0,0,0
40,62902.74,63882.4,619,1.3,0.149,48,5,Rent,Business,Single,Bachelor,1,0,0
45,18559.76,23541.44,598,5.2,0.357,36,6,Own,Business,Married,Bachelor,0,0,0
23,45355.59,75845.65,822,0.7,0.06,24,3,Own,Home Improvement,Single,High School,0,0,0
47,27505.64,9434.47,781,9.9,0.233,48,5,Mortgage,Home Improvement,Married,High School,0,0,0
21,44298.1,12588.3,699,5.5,0.5,36,1,Rent,Medical,Divorced,Bachelor,0,0,0
32,80017.62,5258.03,769,6.2,0.14,48,7,Rent,Auto,Single,PhD,0,0,0
34,57100.91,7580.26,721,13.7,0.219,36,3,Own,Business,Single,Bachelor,1,1,0
47,87033.24,50581.4,666,14.3,0.349,48,2,Own,Auto,Married,High School,1,0,0
40,58155.57,9270.35,514,4.0,0.335,36,1,Mortgage,Debt Consolidation,Divorced,PhD,0,0,0
23,25612.53,51200.11,626,3.4,0.273,48,5,Rent,Medical,Married,Bachelor,0,0,1
28,15000.0,5595.1,619,2.0,0.156,12,1,Rent,Education,Single,High School,0,1,0
42,52807.28,6390.52,548,6.3,0.151,48,3,Mortgage,Home Improvement,Married,Bachelor,1,0,0
39,44048.07,10521.1,516,3.9,0.037,24,5,Own,Medical,Single,Master,0,2,0
33,30077.33,12776.66,694,13.5,0.046,36,4,Own,Home Improvement,Married,Master,0,0,0
34,20945.65,25493.05,679,1.4,0.143,36,2,Rent,Medical,Married,Bachelor,0,0,0
48,33949.47,18316.17,544,1.9,0.539,48,5,Mortgage,Medical,Married,High School,1,0,0
33,44478.19,9982.4,582,1.9,0.409,48,6,Rent,Home Improvement,Single,Master,0,0,0
38,68387.06,12169.39,754,8.2,0.041,48,5,Mortgage,Debt Consolidation,Married,High School,0,0,0
66,53869.27,10685.64,571,0.5,0.029,12,8,Rent,Medical,Divorced,Master,1,1,0
22,,7042.67,665,3.0,0.114,36,3,Own,Business,Divorced,High School,1,0,0
21,29208.0,7175.49,632,2.8,0.188,24,3,Rent,Medical,Married,Bachelor,0,1,1
49,76155.26,27433.46,695,0.4,0.201,36,5,Rent,Auto,Single,PhD,0,1,0
31,50193.93,3715.56,572,2.6,0.366,48,3,Mortgage,Business,Single,Bachelor,1,1,0
36,69378.66,41446.18,658,,0.256,24,5,Own,Auto,Married,Bachelor,1,0,0
30,39408.73,10508.12,665,0.3,0.239,36,5,Own,Home Improvement,Married,Bachelor,0,0,0
36,83770.83,7779.47,670,3.6,0.323,60,4,Rent,Home Improvement,Married,Bachelor,1,0,0
59,56818.22,22422.75,657,16.0,0.285,48,5,Mortgage,Home Improvement,Single,Master,0,1,0
49,34901.24,37784.4,681,19.3,0.331,48,7,Own,Education,Married,High School,0,1,0
50,48726.97,29212.23,847,,0.059,48,2,Rent,Auto,Single,Bachelor,1,0,0
23,43487.21,18982.95,850,3.6,0.252,36,5,Rent,Home Improvement,Married,Bachelor,0,0,0
26,62604.3,28589.78,592,1.7,0.081,48,7,Rent,Business,Single,Master,0,1,0
21,27176.6,4017.65,441,29.2,0.502,12,5,Rent,Home Improvement,Married,Bachelor,1,0,0
30,48306.63,9271.67,703,1.6,0.125,12,6,Mortgage,Medical,Single,High School,0,0,0
51,59733.82,7059.86,666,3.0,0.218,36,4,Rent,Auto,Single,Bachelor,0,1,0
46,49836.93,944031.9698185559,745,0.0,0.435,24,4,Mortgage,Auto,Married,High School,0,0,0
37,96131.34,10214.52,675,2.1,0.196,36,4,Rent,Auto,Married,High School,0,0,0
39,72186.72,24143.84,655,0.4,0.066,24,1,Mortgage,Auto,Single,Master,0,1,0
31,48837.79,19440.23,751,6.8,0.065,60,3,Rent,Debt Consolidation,Married,Bachelor,0,1,0
42,54630.33,7305.52,764,4.1,0.136,60,1,Rent,Home Improvement,Single,Bachelor,0,0,0
49,56830.75,8858.47,525,4.2,0.407,60,1,Own,Medical,Divorced,Master,0,0,0
21,59973.0,33046.55,576,1.7,0.579,48,1,Own,Medical,Divorced,Bachelor,0,1,1
43,19676.32,7763.3,640,8.4,0.135,60,5,Rent,Education,Single,Bachelor,1,0,0
51,42160.41,14580.02,658,0.0,0.237,36,5,Own,Auto,Single,Master,0,0,0
35,23336.65,7725.03,629,2.0,0.47,36,4,Mortgage,Medical,Divorced,Bachelor,1,1,1
48,92887.14,10723.94,689,5.4,0.187,24,4,Mortgage,Home Improvement,Single,Master,0,0,0
70,,12934.93,739,11.9,0.578,48,0,Own,Business,Single,Bachelor,1,1,0
38,44503.79,7723.27,805,1.3,0.151,48,5,Rent,Medical,Divorced,High School,1,1,0
44,76756.91,6820.49,702,3.9,0.114,36,4,Rent,Education,Divorced,High School,0,0,0
31,60546.22,16323.99,573,3.9,0.317,24,5,Rent,Debt Consolidation,Single,Master,1,0,0
42,27880.5,7395.92,636,10.4,0.061,36,1,Own,Auto,Single,Master,1,0,1
45,47313.33,7574.48,643,0.3,0.199,12,3,Own,Business,Married,High School,1,0,0
42,41457.19,6923.4,696,2.8,0.31,48,3,Mortgage,Education,Single,Master,1,0,0
27,20490.85,12650.66,684,1.0,0.369,36,4,Rent,Business,Married,Master,0,0,0
42,34712.73,25863.58,834,0.1,0.106,60,3,Mortgage,Auto,Single,Master,0,0,0
57,44722.4,38352.31,608,0.8,0.127,60,2,Own,Auto,Married,Master,1,0,0
45,46282.75,8037.37,684,18.7,0.315,24,6,Mortgage,Medical,Married,High School,0,1,0
51,23362.43,60187.35,850,1.2,0.155,60,1,Mortgage,Auto,Married,High School,0,0,0
37,87188.94,6612.43,597,13.7,0.369,60,4,Mortgage,Debt Consolidation,Married,High School,0,0,0
48,46581.02,28523.51,663,1.1,0.119,48,4,Mortgage,Home Improvement,Married,Bachelor,0,0,1
43,49949.94,8061.16,564,13.4,0.444,48,2,Rent,Business,Single,Bachelor,0,0,0
28,59893.35,7261.59,657,5.3,0.242,12,7,Mortgage,Auto,Married,Master,0,0,0
43,33056.12,7932.08,579,0.6,0.449,60,0,Mortgage,Medical,Married,Bachelor,0,0,0
28,61585.27,12878.14,744,4.4,0.531,36,4,Rent,Auto,Married,Bachelor,0,0,0
32,40801.03,20049.92,663,1.9,0.508,60,4,Mortgage,Debt Consolidation,Single,High School,0,0,0
42,31310.45,21352.15,565,2.4,0.618,36,4,Rent,Auto,Single,PhD,1,0,1
43,65298.46,6899.54,725,2.9,0.424,48,4,Mortgage,Debt Consolidation,Married,Master,0,0,0
25,103345.9,6682.44,666,2.7,0.123,36,8,Mortgage,Auto,Married,High School,0,0,0
52,70432.82,7032.89,735,5.5,0.091,36,5,Mortgage,Home Improvement,Single,Bachelor,0,0,0
46,77768.27,12357.91,546,7.3,0.277,60,6,Mortgage,Medical,Married,Bachelor,0,0,0
31,37785.65,11532.12,683,2.0,0.311,48,0,Mortgage,Education,Single,Bachelor,0,0,0
21,22052.7,6869.71,719,12.9,0.364,48,1,Own,Debt Consolidation,Married,Bachelor,0,1,0
38,103266.55,16134.62,611,13.9,0.359,36,2,Rent,Auto,Single,Bachelor,0,0,0
34,136934.43,65107.7,536,0.2,0.271,60,6,Rent,Business,Divorced,Bachelor,0,0,0
41,106022.16,9383.42,646,0.1,0.268,48,3,Rent,Debt Consolidation,Divorced,High School,0,0,0
35,41444.36,9862.96,760,2.8,0.291,12,7,Mortgage,Home Improvement,Single,High School,0,0,1
21,27520.4,19766.88,751,4.5,0.221,48,1,Rent,Home Improvement,Single,Master,0,0,0
35,28772.02,9034.71,611,1.6,0.355,12,7,Rent,Business,Single,Bachelor,0,0,0
36,21123.34,21338.65,534,1.5,0.164,48,4,Mortgage,Auto,Married,Master,1,0,0
47,46458.31,8078.97,611,5.7,0.406,36,4,Mortgage,Auto,Single,Master,1,1,0
31,109407.97,48169.62,607,4.6,0.032,36,3,Mortgage,Auto,Married,High School,1,0,0
60,45668.71,17006.36,690,0.9,0.162,48,6,Own,Auto,Married,Bachelor,0,1,1
21,,8655.79,640,10.8,0.479,48,6,Mortgage,Education,Single,Master,1,0,0
55,97518.61,8847.73,582,5.7,0.422,48,5,Own,Education,Married,Bachelor,0,0,0
37,40052.74,9323.94,749,2.3,0.081,60,4,Rent,Auto,Married,Bachelor,0,0,0
50,135640.83,34923.83,662,5.8,0.289,36,3,Rent,Business,Married,High School,0,0,0
40,132726.67,5496.54,689,0.6,0.377,36,6,Mortgage,Education,Single,Bachelor,0,1,0
53,45910.28,8370.27,494,3.2,0.382,24,2,Mortgage,Education,Married,High School,0,0,0
35,36725.73,9016.74,431,0.9,0.557,36,4,Mortgage,Home Improvement,Single,Master,0,1,0
26,69467.83,13213.82,520,0.2,0.257,24,4,Rent,Business,Married,High School,0,1,1
57,41201.81,11050.41,606,2.1,0.118,48,1,Rent,Medical,Married,High School,1,0,0
38,27493.98,4703.87,701,0.8,0.105,36,4,Own,Medical,Divorced,Bachelor,1,0,1
42,93024.61,10098.32,439,,0.07,60,1,Rent,Debt Consolidation,Single,Bachelor,0,2,1
54,90059.31,12460.45,793,5.6,0.228,36,4,Rent,Auto,Married,Master,0,1,0
27,52984.56,8607.0,665,0.8,0.076,24,2,Own,Home Improvement,Married,High School,0,1,0
47,26070.71,21606.36,772,0.1,0.128,36,9,Rent,Debt Consolidation,Married,High School,1,0,0
32,26508.93,25427.48,570,7.9,0.302,24,3,Mortgage,Education,Single,Bachelor,0,0,0
38,51720.77,12646.42,695,0.0,0.259,24,3,Own,Medical,Married,High School,0,1,1
40,38179.9,15699.42,657,2.1,0.083,48,6,Mortgage,Debt Consolidation,Divorced,Bachelor,1,0,0
21,41334.53,2943.22,723,3.4,0.111,36,6,Mortgage,Education,Single,Bachelor,0,0,0
30,81714.08,9949.01,628,8.5,0.268,24,8,Mortgage,Medical,Single,Bachelor,1,0,0
56,70727.49,26994.14,692,9.1,0.108,12,3,Rent,Medical,Married,PhD,0,0,0
50,97642.81,9932.77,749,6.5,0.359,36,7,Own,Business,Married,Bachelor,0,0,0
39,29872.34,7973.8,591,1.4,0.476,48,3,Mortgage,Debt Consolidation,Married,Bachelor,1,0,0
42,41291.18,65800.47,671,6.4,0.314,36,6,Mortgage,Medical,Single,High School,0,0,0
36,71645.87,47731.84,480,1.4,0.7,24,6,Rent,Home Improvement,Single,High School,0,0,0
56,61330.91,18532.89,713,1.2,0.323,36,4,Own,Medical,Divorced,High School,0,0,1
37,105470.88,29650.59,825,4.0,0.538,60,4,Own,Business,Single,Bachelor,0,1,0
42,60492.12,2812.55,538,5.7,0.21,36,2,Rent,Debt Consolidation,Married,PhD,0,0,0
53,123507.18,7697.99,641,0.3,0.579,24,4,Mortgage,Medical,Married,Master,0,0,0
30,64216.08,9614.52,729,0.3,0.049,36,2,Rent,Auto,Single,Bachelor,1,0,0
58,83373.33,11325.52,652,7.7,0.131,48,1,Mortgage,Auto,Single,Master,0,1,0
21,41699.42,9480.94,664,9.8,0.114,12,1,Mortgage,Medical,Single,Master,1,1,0
59,49372.24,2241.68,614,4.6,0.188,36,7,Rent,Debt Consolidation,Single,Bachelor,0,0,0
35,77301.78,17504.57,611,2.8,0.04,48,11,Rent,Education,Single,Bachelor,0,0,0
37,109808.05,19546.62,642,9.3,0.285,24,2,Own,Business,Single,High School,0,1,0
21,70588.21,41000.07,653,6.5,0.353,60,2,Own,Home Improvement,Divorced,High School,0,0,0
34,47024.03,7693.9,543,4.3,0.19,36,1,Mortgage,Education,Married,High School,0,1,1
27,97603.39,7265.45,644,1.9,0.105,36,2,Own,Debt Consolidation,Single,Bachelor,0,1,0
32,16383.18,2046.75,791,1.1,0.195,60,3,Rent,Business,Married,High School,1,0,0
38,24073.88,10878.06,612,2.7,0.538,24,0,Rent,Medical,Married,Bachelor,0,0,0
51,68927.96,25103.89,538,1.7,0.253,48,3,Rent,Home Improvement,Divorced,Bachelor,0,0,0
42,49367.83,8705.95,636,2.1,0.829,48,3,Mortgage,Debt Consolidation,Married,Bachelor,1,2,1
43,66353.83,59898.78,585,3.6,0.38,36,5,Rent,Medical,Divorced,High School,0,1,0
26,50625.15,11163.26,529,0.9,0.084,12,6,Mortgage,Home Improvement,Married,PhD,0,0,0
29,65216.83,14807.58,662,8.2,0.038,36,5,Own,Medical,Single,Bachelor,0,0,0
61,32623.84,5145.24,586,,0.515,24,3,Mortgage,Auto,Married,Master,0,0,0
31,65201.84,16334.82,593,3.3,0.068,36,3,Rent,Education,Married,High School,1,0,0
59,80596.24,3342.51,663,6.9,0.348,48,4,Mortgage,Auto,Married,High School,1,1,0
37,90244.26,21711.31,512,3.3,0.626,36,1,Rent,Business,Divorced,Bachelor,0,0,1
40,134158.49,22183.4,493,2.2,0.264,48,5,Own,Home Improvement,Single,High School,1,1,0
52,55384.18,34596.37,710,3.2,0.456,24,5,Rent,Auto,Single,Master,0,1,1
55,56215.94,6542.15,476,9.4,0.071,12,4,Own,Medical,Married,Bachelor,0,0,0
38,22889.05,14948.91,562,23.2,0.259,60,7,Mortgage,Business,Married,High School,0,1,0
35,37582.52,19824.46,488,5.0,0.26,12,4,Mortgage,Auto,Married,Bachelor,1,0,0
39,44509.55,18207.65,606,7.9,0.122,24,3,Mortgage,Business,Single,Master,0,0,0
44,82880.89,7290.23,688,0.1,0.52,60,2,Mortgage,Education,Married,Master,0,0,1
50,36116.3,2503.92,660,10.6,0.28,36,6,Mortgage,Home Improvement,Single,Bachelor,0,0,0
40,72996.74,17032.39,850,15.4,0.1,48,4,Mortgage,Auto,Married,Bachelor,1,1,0
47,48981.07,12007.06,747,4.3,0.29,24,6,Mortgage,Auto,Married,Master,0,0,0
59,44865.12,8985.17,566,7.0,0.273,24,6,Mortgage,Debt Consolidation,Married,Master,1,0,0
44,55517.13,22805.61,542,3.6,0.202,36,3,Own,Debt Consolidation,Single,Master,0,0,0
43,40312.7,12946.18,850,1.7,0.112,48,5,Mortgage,Home Improvement,Married,Bachelor,0,0,0
21,39556.34,5305.84,745,,0.125,60,4,Rent,Home Improvement,Single,Master,0,0,0
21,20902.14,3456.4,703,4.5,0.373,36,3,Mortgage,Education,Married,Bachelor,0,0,1
44,43304.98,6061.58,656,4.3,0.322,12,2,Mortgage,Education,Single,Bachelor,0,0,0
38,38561.74,71332.59,674,5.4,0.043,36,3,Own,Debt Consolidation,Single,Master,0,0,1
33,37873.6,22157.78,516,9.7,0.385,24,6,Mortgage,Auto,Married,Bachelor,1,0,0
42,60381.41,15245.33,664,6.6,0.301,24,3,Own,Education,Divorced,Bachelor,0,0,0
39,68139.75,11764.45,656,1.2,0.167,36,3,Mortgage,Business,Married,PhD,1,0,0
53,55055.51,11235.4,568,3.1,0.107,36,4,Own,Home Improvement,Married,Master,0,0,0
41,80636.57,30243.52,601,19.6,0.248,24,2,Own,Debt Consolidation,Single,Master,0,0,0
31,65367.53,9476.62,786,4.0,0.476,60,1,Own,Business,Married,High School,0,0,0
51,42297.02,20007.14,638,13.9,0.266,36,5,Mortgage,Debt Consolidation,Single,Master,0,2,0
37,38893.09,10468.23,836,8.4,0.321,24,1,Rent,Medical,Divorced,High School,0,0,0
46,57320.36,51953.77,493,5.5,0.106,24,3,Mortgage,Auto,Married,High School,1,1,0
34,65308.9,22462.49,603,2.1,0.084,48,3,Rent,Business,Single,Bachelor,0,1,1
32,98609.43,31948.8,510,1.8,0.408,60,3,Own,Debt Consolidation,Married,Bachelor,0,0,0
41,88928.37,8874.29,541,5.2,0.401,48,0,Mortgage,Business,Divorced,Bachelor,1,0,0
40,37393.92,28020.6,575,2.8,0.313,36,4,Mortgage,Education,Married,High School,0,0,0
45,46583.28,10734.26,678,8.0,0.147,48,5,Rent,Medical,Single,High School,1,0,0
36,68563.04,14429.42,674,7.1,0.132,60,0,Rent,Medical,Married,Bachelor,0,1,0
21,83616.73,41962.57,588,1.9,0.138,24,3,Mortgage,Auto,Single,Bachelor,1,1,0
34,78392.59,6438.54,449,6.1,0.54,60,5,Mortgage,Debt Consolidation,Single,High School,0,0,1
49,47479.87,15402.32,782,3.4,0.409,48,0,Rent,Debt Consolidation,Married,Bachelor,1,0,0
36,26186.22,18153.23,624,2.0,0.183,36,3,Rent,Education,Married,Master,0,0,0
37,29748.44,19225.7,549,2.7,0.178,24,3,Mortgage,Education,Single,High School,0,0,0
51,56180.04,9744.43,674,11.3,0.236,36,5,Own,Debt Consolidation,Single,Master,0,0,0
31,58169.29,57548.59,668,2.2,0.411,24,5,Mortgage,Home Improvement,Divorced,Bachelor,0,0,0
21,28301.22,5396.73,620,1.7,0.254,24,6,Rent,Auto,Married,Bachelor,0,1,0
38,50125.48,37094.34,663,2.2,0.363,60,5,Mortgage,Medical,Divorced,High School,1,0,0
34,67212.34,31274.11,546,1.2,0.212,36,6,Mortgage,Auto,Single,Bachelor,1,0,0
28,27567.33,50545.14,718,3.9,0.497,36,5,Mortgage,Home Improvement,Married,High School,0,0,0
37,85178.01,4395.08,560,0.8,0.339,24,7,Rent,Debt Consolidation,Married,Master,0,0,0
45,40588.27,7272.23,595,,0.348,36,6,Mortgage,Medical,Single,High School,1,0,0
39,91932.19,37962.73,708,1.3,0.52,48,2,Mortgage,Debt Consolidation,Single,Bachelor,1,1,0
43,37544.18,3590.59,758,4.6,0.273,24,4,Own,Home Improvement,Married,High School,0,1,0
61,29339.42,4339.35,792,0.7,0.091,36,5,Rent,Home Improvement,Married,High School,1,2,0
35,38984.97,9491.81,745,19.2,0.449,24,3,Mortgage,Debt Consolidation,Single,Bachelor,0,0,0
43,46743.29,15281.46,620,3.0,0.434,36,4,Rent,Debt Consolidation,Married,High School,1,0,1
33,40366.68,40723.38,511,8.6,0.361,60,5,Own,Business,Married,High School,0,0,0
29,44002.39,11734.8,776,7.3,0.259,24,3,Rent,Medical,Single,Bachelor,1,0,0
32,57929.53,8727.49,773,6.3,0.196,12,3,Rent,Medical,Single,Bachelor,1,0,0
34,44999.66,16613.53,589,8.8,0.296,36,3,Mortgage,Auto,Married,Bachelor,0,0,0
44,47426.85,18559.14,732,0.5,0.3,36,4,Mortgage,Education,Divorced,Master,0,0,1
68,20855.79,18194.38,620,5.7,0.465,36,4,Mortgage,Auto,Married,High School,0,0,0
31,59626.12,11794.75,785,1.5,0.451,48,4,Rent,Education,Single,Bachelor,0,0,1
35,46882.43,3399.69,603,7.7,0.158,12,5,Mortgage,Home Improvement,Married,High School,0,0,0
39,109660.72,7028.08,828,15.7,0.212,36,3,Own,Education,Single,High School,0,0,0
44,30644.77,36105.11,720,11.6,0.238,24,5,Mortgage,Medical,Married,Master,0,0,1
43,19847.88,15228.87,811,0.6,0.309,24,4,Mortgage,Home Improvement,Single,PhD,0,0,0
55,66771.68,10659.8,608,2.3,0.323,36,7,Rent,Debt Consolidation,Divorced,PhD,0,0,0
21,58294.53,29223.19,686,2.3,0.098,36,1,Mortgage,Medical,Single,Master,0,0,0
21,29607.51,6056.69,562,0.7,0.342,12,2,Rent,Home Improvement,Married,High School,0,1,1
34,22813.91,11410.12,725,0.5,0.162,24,4,Rent,Business,Married,High School,1,0,0
53,105735.75,14712.18,730,2.4,0.184,48,3,Mortgage,Education,Married,High School,0,1,0
21,99414.69,9808.81,850,24.2,0.236,36,4,Mortgage,Education,Single,High School,0,1,0
21,15000.0,14336.07,693,,0.213,24,4,Mortgage,Business,Married,Master,0,0,0
46,38983.29,11714.87,715,4.9,0.146,24,4,Own,Medical,Married,Bachelor,0,1,0
42,112656.21,5016.36,607,3.2,0.387,48,3,Rent,Medical,Single,Bachelor,0,0,0
26,38637.12,15169.38,698,5.4,0.135,12,8,Mortgage,Auto,Single,Bachelor,0,0,0
28,38357.06,5271.94,615,,0.4,36,4,Mortgage,Education,Single,High School,0,1,0
28,42557.88,15001.88,660,4.4,0.171,36,5,Mortgage,Medical,Single,Bachelor,1,1,0
41,27988.57,34957.74,665,0.3,0.032,48,4,Own,Auto,Single,Bachelor,1,1,0
32,20902.25,10974.0,618,3.4,0.279,48,2,Rent,Education,Married,Master,0,0,1
45,82973.26,5883.82,655,24.6,0.142,48,0,Own,Business,Married,High School,0,1,0
21,19507.06,12223.41,616,2.5,0.321,36,7,Mortgage,Business,Divorced,High School,1,0,0
29,55472.11,7462.31,615,4.5,0.136,48,3,Rent,Business,Married,PhD,0,0,0
26,76365.76,20254.99,746,0.6,0.344,48,4,Mortgage,Debt Consolidation,Single,PhD,0,0,0
36,23727.43,12045.04,665,0.8,0.233,36,4,Rent,Medical,Single,Master,0,0,0
33,30880.06,44215.66,681,10.4,0.419,60,4,Own,Business,Married,High School,0,1,0
49,,30154.6,518,1.8,0.401,60,2,Own,Auto,Single,Bachelor,0,0,0
21,63987.68,12002.18,688,1.8,0.108,36,2,Own,Auto,Single,High School,1,1,0
40,36002.99,22046.88,697,2.4,0.092,48,1,Rent,Home Improvement,Married,Master,0,1,0
46,89422.22,10144.98,614,17.0,0.027,36,4,Own,Home Improvement,Married,Bachelor,0,0,0
62,89614.09,13681.09,837,,0.432,36,2,Rent,Debt Consolidation,Married,Bachelor,0,0,1
34,56079.54,10373.36,443,8.5,0.143,36,4,Mortgage,Auto,Divorced,High School,0,0,0
43,31254.54,22845.72,720,2.1,0.083,24,3,Rent,Education,Married,Master,0,1,1
21,39865.86,36427.96,714,9.5,0.366,60,3,Mortgage,Home Improvement,Married,Bachelor,0,0,0
21,56567.7,23366.39,698,24.0,0.266,48,5,Own,Medical,Divorced,Master,0,0,0
50,44609.52,25472.52,665,2.1,0.065,36,4,Rent,Medical,Married,Bachelor,0,0,0
39,78392.11,25492.09,699,0.7,0.12,48,6,Mortgage,Medical,Married,Bachelor,1,0,0
54,22813.62,19650.91,728,0.8,0.744,48,4,Mortgage,Medical,Single,Master,1,0,0
23,23222.3,6017.94,584,7.1,0.579,24,1,Mortgage,Home Improvement,Divorced,High School,0,1,0
46,53660.67,43944.38,676,0.8,0.504,24,5,Rent,Debt Consolidation,Single,Master,0,0,0
62,38339.19,47244.31,633,1.5,0.273,48,3,Own,Home Improvement,Single,High School,1,0,0
45,35827.67,11342.19,551,,0.332,48,5,Own,Medical,Divorced,High School,0,1,0
43,20251.25,10306.31,714,2.2,0.331,60,5,Own,Business,Single,Bachelor,0,0,0
40,49502.23,20510.42,599,0.4,0.389,12,4,Own,Education,Married,PhD,0,1,1
21,47744.66,19644.82,515,9.7,0.186,36,0,Rent,Education,Married,Master,1,0,0
56,67964.41,11598.58,601,9.8,0.469,48,4,Rent,Medical,Single,Bachelor,0,0,0
32,50739.15,5569.06,578,2.7,0.33,36,1,Own,Debt Consolidation,Married,Bachelor,0,1,0
46,45876.03,16547.51,742,4.7,0.032,48,5,Rent,Auto,Single,Bachelor,0,0,0
21,88300.44,19653.4,663,5.1,0.318,24,6,Mortgage,Auto,Divorced,Master,0,0,0
25,25432.07,22205.05,774,6.9,0.459,12,4,Mortgage,Medical,Married,Bachelor,0,1,0
57,64099.68,17060.22,590,3.7,0.239,12,7,Own,Debt Consolidation,Divorced,High School,0,0,0
35,21256.68,11050.37,728,,0.098,36,2,Mortgage,Home Improvement,Single,Master,0,0,0
57,32235.35,26790.47,850,5.0,0.017,36,5,Rent,Debt Consolidation,Married,Master,1,0,0
39,26733.47,13989.94,682,6.1,0.597,60,4,Mortgage,Education,Single,Master,0,1,0
21,72473.14,9648.46,727,2.1,0.189,12,6,Mortgage,Medical,Single,Bachelor,1,0,0
50,47443.5,11772.75,712,2.0,0.277,36,3,Rent,Home Improvement,Single,High School,0,0,1
32,48690.95,3935.61,522,1.6,0.58,60,4,Own,Auto,Married,High School,1,1,1
48,28187.49,11759.66,702,4.0,0.364,36,2,Own,Medical,Married,Bachelor,0,1,1
40,42199.06,21631.49,677,2.2,0.226,24,5,Rent,Auto,Single,High School,0,0,0
21,33465.4,16947.03,626,3.9,0.499,24,3,Rent,Medical,Single,Bachelor,0,1,0
41,59380.88,38733.69,570,2.6,0.11,48,2,Rent,Home Improvement,Married,High School,0,1,1
66,29865.36,11113.52,712,9.1,0.157,12,1,Mortgage,Debt Consolidation,Married,High School,1,0,0
45,95310.68,18790.74,562,0.4,0.089,60,3,Own,Education,Single,Bachelor,1,0,0
39,21209.61,23269.95,842,4.2,0.216,36,2,Mortgage,Education,Single,High School,0,0,0
52,32752.68,68871.65,660,4.3,0.116,48,6,Mortgage,Auto,Single,High School,0,0,0
42,113391.33,14784.52,539,2.4,0.722,36,7,Rent,Home Improvement,Married,High School,0,0,1
42,39435.85,6432.18,603,2.7,0.074,60,1,Rent,Auto,Married,High School,0,0,0
26,25401.43,24186.51,624,8.1,0.085,36,1,Mortgage,Business,Single,High School,1,1,0
42,54695.45,49316.26,850,1.6,0.128,48,5,Mortgage,Home Improvement,Married,Bachelor,0,0,0
52,38650.07,10659.6,570,10.3,0.617,60,7,Mortgage,Home Improvement,Married,High School,1,0,1
29,32275.54,24070.86,639,11.3,0.097,60,2,Rent,Debt Consolidation,Married,Master,0,0,0
57,28340.99,31574.64,601,5.3,0.215,12,4,Mortgage,Debt Consolidation,Divorced,Master,0,2,1
38,195670.38,27226.5,694,7.4,0.112,24,1,Mortgage,Medical,Married,Master,0,0,0
29,43227.15,14587.07,603,4.7,0.127,24,3,Rent,Debt Consolidation,Single,Bachelor,1,0,0
51,18717.54,8193.27,547,3.7,0.395,12,2,Rent,Education,Single,High School,0,1,0
36,103451.16,12620.84,632,17.0,0.209,60,5,Rent,Medical,Single,High School,1,0,1
49,66538.46,18416.83,623,1.7,0.606,36,5,Own,Education,Single,Bachelor,1,2,1
36,33415.22,25229.16,596,0.8,0.153,36,1,Rent,Debt Consolidation,Married,Master,1,0,0
39,30743.7,16877.92,601,1.7,0.588,12,5,Rent,Debt Consolidation,Married,High School,0,0,1
45,68647.25,10240.08,756,4.8,0.083,60,7,Rent,Education,Married,Master,0,1,1
43,43327.41,19707.72,621,1.0,0.146,48,3,Own,Medical,Married,Bachelor,0,0,0
21,18713.7,24393.2,547,12.0,0.119,36,8,Own,Business,Divorced,Bachelor,0,0,0
26,119804.91,17426.15,608,,0.252,48,4,Mortgage,Home Improvement,Married,Bachelor,0,0,0
51,39458.5,7440.32,654,9.5,0.145,48,5,Mortgage,Education,Single,High School,1,1,0
38,103547.51,11766.55,529,1.4,0.403,48,5,Rent,Medical,Married,Bachelor,0,0,1
33,92894.29,25938.26,796,1.9,0.447,24,7,Mortgage,Business,Single,Bachelor,0,1,0
23,29717.61,5074.01,728,0.3,0.381,48,4,Mortgage,Education,Single,Master,0,0,0
27,82174.06,3086.45,778,1.5,0.113,36,6,Rent,Debt Consolidation,Married,Bachelor,0,1,0
21,35393.33,38394.06,685,3.4,0.246,48,6,Own,Medical,Divorced,Bachelor,1,0,0
38,19276.65,19110.45,461,14.6,0.318,36,5,Own,Business,Divorced,Bachelor,0,0,0
32,39644.24,20429.01,788,,0.301,60,3,Rent,Business,Married,Bachelor,0,0,0
28,59803.46,6286.93,572,5.1,0.082,48,5,Mortgage,Education,Married,Bachelor,0,0,0
39,38895.42,22387.76,579,2.8,0.041,36,6,Own,Education,Divorced,High School,0,0,0
44,42044.16,16198.5,664,0.2,0.183,48,3,Mortgage,Home Improvement,Divorced,High School,0,0,0
65,86836.56,4407.09,774,3.5,0.038,36,2,Rent,Debt Consolidation,Married,Bachelor,1,0,0
21,51701.75,36206.66,744,0.3,0.531,36,4,Rent,Education,Single,Bachelor,0,1,1
53,32155.89,14929.26,731,10.8,0.238,36,3,Mortgage,Auto,Single,Bachelor,0,1,0
51,69634.48,10124.78,621,7.0,0.38,36,2,Mortgage,Education,Single,Master,0,0,0
30,54113.44,10253.84,620,2.4,0.292,24,8,Mortgage,Business,Married,Bachelor,0,1,1
42,15000.0,3259.55,681,5.1,0.166,48,5,Own,Medical,Single,Bachelor,1,0,0
34,60728.99,20238.37,638,0.6,0.06,48,5,Own,Education,Single,Bachelor,0,0,0
42,59630.02,16047.37,730,6.1,0.209,36,3,Mortgage,Debt Consolidation,Single,Bachelor,0,0,0
58,49516.47,11662.62,724,8.7,0.256,36,2,Mortgage,Auto,Married,High School,0,0,0
47,76561.55,32693.76,703,8.6,0.211,24,3,Mortgage,Auto,Married,High School,0,0,0
46,35024.5,5071.03,422,1.7,0.486,60,4,Rent,Auto,Single,Bachelor,1,0,0
34,58002.99,8797.82,661,1.5,0.429,48,7,Mortgage,Education,Married,High School,0,0,0
22,22393.37,7368.68,640,3.7,0.398,36,4,Rent,Business,Single,Master,0,0,0
37,60086.78,10991.13,665,17.2,0.339,48,6,Mortgage,Home Improvement,Divorced,Master,0,0,0
54,130161.32,14005.83,582,12.7,0.187,36,2,Mortgage,Auto,Divorced,High School,1,0,0
21,29809.18,18051.96,530,2.2,0.377,12,3,Own,Auto,Married,High School,1,1,0
27,33526.75,10478.9,691,7.6,0.584,24,7,Mortgage,Education,Married,Master,0,1,0
41,34371.82,7228.96,617,12.7,0.21,12,3,Own,Medical,Married,Bachelor,0,0,0
28,52312.94,43486.46,701,1.5,0.402,36,6,Mortgage,Auto,Divorced,High School,1,2,1
30,28810.12,72268.83,589,8.9,0.372,48,1,Rent,Debt Consolidation,Married,Bachelor,0,1,0
34,,14769.22,777,1.6,0.273,36,7,Own,Home Improvement,Married,High School,0,0,0
23,74863.37,7865.6,740,2.1,0.201,36,2,Mortgage,Home Improvement,Single,Bachelor,0,0,0
28,64034.26,37527.07,676,1.1,0.398,12,3,Own,Auto,Single,Bachelor,0,0,0
48,20247.61,4852.6,630,3.5,0.174,48,5,Mortgage,Business,Married,Master,0,0,1
24,80626.59,10568.77,726,9.3,0.188,12,2,Rent,Business,Divorced,Bachelor,0,0,0
21,78329.82,8206.8,685,3.8,0.151,48,5,Rent,Auto,Married,Master,0,2,0
32,74241.66,5933.24,671,0.7,0.433,36,2,Rent,Auto,Married,Master,0,0,0
48,59066.61,10981.67,743,1.5,0.225,24,9,Mortgage,Education,Married,Master,0,0,0
37,54726.03,7295.99,778,4.1,0.437,36,2,Mortgage,Business,Divorced,Bachelor,0,0,0
34,82141.18,13478.59,537,4.4,0.127,48,6,Mortgage,Auto,Married,Bachelor,0,0,0
40,128252.56,13616.32,555,4.3,0.331,36,3,Own,Medical,Married,Bachelor,0,0,0
21,30438.99,8647.87,579,0.4,0.42,36,0,Own,Medical,Single,High School,0,0,0
45,84041.22,10307.64,514,7.0,0.389,24,3,Own,Auto,Married,Bachelor,0,1,0
44,,11366.27,644,12.0,0.188,36,2,Mortgage,Business,Married,Master,0,1,0
35,45943.31,23550.26,704,3.6,0.493,48,4,Own,Medical,Single,Master,0,0,0
52,22736.68,12041.32,648,6.3,0.219,36,5,Rent,Education,Married,Bachelor,1,0,0
26,42514.71,23796.44,601,12.3,0.199,24,1,Mortgage,Education,Single,Bachelor,0,2,0
53,29773.31,20132.06,751,5.1,0.586,48,5,Own,Business,Single,Bachelor,0,0,1
41,38873.68,19931.8,662,5.6,0.287,12,1,Mortgage,Education,Married,Bachelor,0,0,0
35,28308.2,35294.84,680,6.4,0.149,48,1,Mortgage,Auto,Single,Master,0,0,0
39,39165.28,6102.33,753,1.5,0.096,60,2,Rent,Auto,Single,High School,0,0,0
38,40012.41,9592.84,638,4.4,0.255,36,9,Own,Auto,Married,High School,1,0,0
54,51450.6,45904.07,835,9.2,0.095,60,4,Mortgage,Medical,Married,High School,1,0,0
27,21864.62,11157.63,609,1.8,0.436,12,4,Rent,Home Improvement,Single,Master,0,0,0
30,23795.24,1862.01,829,11.4,0.297,24,5,Mortgage,Home Improvement,Divorced,Bachelor,0,1,0
52,58744.75,11590.28,562,4.8,0.196,36,4,Mortgage,Education,Married,High School,1,0,0
32,32901.74,14683.18,696,2.8,0.115,48,2,Mortgage,Home Improvement,Married,Master,0,1,0
50,83890.27,2138.84,592,4.9,0.093,36,4,Rent,Medical,Single,Bachelor,0,1,0
60,54865.22,33987.73,750,,0.345,36,3,Own,Business,Divorced,Bachelor,1,0,0
35,66395.27,8106.34,606,9.1,0.089,24,4,Rent,Education,Married,Bachelor,0,0,0
48,99244.93,16814.45,676,3.3,0.302,48,8,Own,Home Improvement,Married,Bachelor,0,1,0
26,41988.23,11405.07,591,11.6,0.244,12,9,Mortgage,Home Improvement,Married,High School,0,0,0
49,36781.73,5421.64,734,3.6,0.101,36,2,Mortgage,Education,Married,Bachelor,0,1,0
42,75799.83,6314.76,590,5.4,0.736,24,4,Mortgage,Education,Married,Master,1,1,1
45,63244.08,6942.67,801,30.5,0.162,24,5,Own,Debt Consolidation,Single,Bachelor,1,1,0
32,44637.73,28565.94,560,0.8,0.15,24,2,Mortgage,Education,Married,High School,0,1,1
21,98295.05,12048.84,528,6.7,0.47,36,4,Mortgage,Auto,Married,High School,0,0,0
46,44085.13,9271.44,735,0.7,0.251,36,3,Mortgage,Home Improvement,Single,Bachelor,0,0,0
21,49830.71,6944.98,596,9.1,0.161,36,3,Mortgage,Home Improvement,Married,Master,1,1,0
36,49543.75,30862.75,649,4.5,0.359,48,4,Own,Business,Married,PhD,1,0,0
51,30721.04,37232.63,620,13.9,0.37,60,3,Rent,Auto,Single,Bachelor,0,0,0
42,50959.82,30617.31,531,10.0,0.471,24,3,Rent,Medical,Single,Bachelor,0,1,1
63,98555.99,18858.26,643,0.4,0.058,12,3,Rent,Medical,Single,Master,0,0,0
52,61235.61,16364.69,763,0.7,0.231,36,5,Mortgage,Debt Consolidation,Married,High School,0,0,1
32,49788.12,5703.55,740,4.6,0.112,36,3,Rent,Business,Single,Master,1,0,0
40,45211.93,11247.79,670,3.7,0.271,12,2,Mortgage,Business,Married,Bachelor,0,0,0
39,57839.86,8277.51,750,0.9,0.051,48,7,Mortgage,Auto,Divorced,Master,0,0,0
21,71316.52,3722.47,554,0.7,0.293,36,3,Rent,Business,Single,Master,1,0,0
28,66477.54,27999.18,620,4.2,0.342,48,6,Mortgage,Education,Single,Bachelor,1,0,0
33,41525.69,8208.45,685,0.3,0.21,36,3,Own,Debt Consolidation,Single,Master,1,0,0
21,57664.14,30858.25,638,10.3,0.237,36,3,Rent,Auto,Married,Master,0,0,0
40,62315.77,24765.89,627,8.2,0.26,48,3,Mortgage,Business,Divorced,High School,1,0,0
37,29625.85,19726.19,541,7.7,0.101,24,4,Mortgage,Business,Single,Bachelor,1,0,0
21,53322.59,20517.2,462,0.1,0.15,36,6,Mortgage,Education,Single,Bachelor,1,0,0
44,16636.4,8684.37,723,0.2,0.052,12,4,Own,Home Improvement,Married,Master,0,0,1
48,62396.65,49045.08,671,4.0,0.286,36,2,Rent,Education,Divorced,PhD,0,0,0
42,68198.07,13769.18,731,25.9,0.365,60,4,Rent,Home Improvement,Divorced,High School,0,0,0
36,71237.39,16503.9,610,2.1,0.144,12,3,Rent,Debt Consolidation,Single,Bachelor,0,1,0
47,40234.36,8481.53,585,2.1,0.274,48,6,Mortgage,Home Improvement,Married,Bachelor,0,1,0
48,57212.26,6961.74,650,0.7,0.155,48,3,Rent,Business,Married,Master,1,1,0
43,99905.19,18659.44,726,5.6,0.033,36,4,Rent,Home Improvement,Married,Master,1,1,0
30,99397.76,15556.9,629,5.2,0.444,36,6,Mortgage,Business,Married,High School,1,2,0
43,48310.96,7688.29,722,0.5,0.185,60,1,Own,Auto,Single,Bachelor,0,0,0
54,52557.33,4880.98,559,3.2,0.237,12,4,Rent,Home Improvement,Single,Bachelor,0,0,0
32,85430.25,5492.03,635,5.5,0.263,24,4,Own,Debt Consolidation,Married,Bachelor,1,1,0
65,23146.5,30862.39,643,3.4,0.049,60,2,Rent,Medical,Married,Master,1,0,0
33,41708.58,8696.9,760,5.6,0.448,24,3,Mortgage,Business,Single,Bachelor,0,1,0
40,95586.34,10538.22,668,8.5,0.391,48,0,Mortgage,Debt Consolidation,Married,High School,0,1,0
31,79825.66,36873.12,807,5.8,0.158,36,4,Own,Business,Divorced,Bachelor,1,1,0
42,58961.02,6090.56,528,4.8,0.265,48,7,Mortgage,Business,Married,Bachelor,0,0,0
21,23088.36,8031.32,661,9.6,0.257,48,4,Mortgage,Auto,Married,Bachelor,0,1,0
33,47812.62,7799.88,666,11.5,0.055,36,5,Own,Business,Single,High School,0,0,0
26,36499.08,41466.78,705,2.5,0.203,36,7,Rent,Medical,Single,Master,0,1,0
41,57844.84,53926.02,576,1.0,0.055,24,5,Own,Medical,Married,Master,0,0,0
51,32706.42,22608.79,801,8.5,0.238,24,4,Mortgage,Education,Married,Bachelor,0,1,0
47,29352.66,23118.06,651,1.2,0.056,48,3,Mortgage,Medical,Married,Bachelor,0,0,0
21,17458.25,8899.51,552,13.2,0.403,48,4,Rent,Debt Consolidation,Single,Master,0,0,0
64,90300.87,52215.25,648,0.1,0.407,48,5,Rent,Auto,Married,Bachelor,0,0,1
43,40139.44,16113.09,621,12.7,0.215,60,3,Mortgage,Debt Consolidation,Single,High School,0,0,0
30,53027.87,24274.39,850,,0.244,60,3,Rent,Debt Consolidation,Married,Bachelor,1,0,0
41,48965.97,12408.44,744,7.5,0.405,48,5,Rent,Medical,Married,Bachelor,0,1,0
42,28746.84,11074.24,654,2.5,0.26,60,3,Own,Debt Consolidation,Single,Bachelor,1,0,0
31,26120.29,42792.99,639,24.0,0.064,24,3,Rent,Business,Single,Master,0,0,0
42,29653.71,19492.92,735,1.3,0.321,48,7,Rent,Home Improvement,Married,Bachelor,0,1,0
32,34146.51,36899.85,739,1.5,0.286,48,5,Rent,Business,Married,Master,0,0,1
35,58882.73,15974.19,387,0.3,0.072,24,3,Rent,Debt Consolidation,Married,High School,0,0,0
31,32930.06,7377.16,707,14.1,0.402,60,4,Own,Auto,Single,Bachelor,1,2,0
22,117388.63,8880.92,652,3.0,0.213,12,3,Own,Business,Married,Bachelor,1,0,0
41,81926.31,14358.19,531,5.6,0.141,36,4,Own,Debt Consolidation,Married,PhD,0,0,0
47,73436.75,8616.63,729,5.8,0.055,12,1,Rent,Auto,Married,High School,0,0,0
46,46173.93,6153.5,850,10.4,0.397,36,7,Mortgage,Medical,Single,Bachelor,0,1,0
49,104520.69,30976.74,700,5.5,0.468,36,3,Mortgage,Home Improvement,Married,Master,1,1,0
43,43958.32,9123.34,749,4.1,0.331,48,6,Own,Debt Consolidation,Single,Bachelor,0,0,0
33,48260.53,14716.65,812,6.2,0.319,48,3,Rent,Education,Married,High School,0,0,0
50,53369.1,16437.05,575,7.0,0.271,48,5,Mortgage,Business,Divorced,Master,0,0,0
23,69627.27,8851.06,482,1.0,0.392,48,1,Mortgage,Home Improvement,Married,Bachelor,0,0,0
29,67403.62,36884.98,709,0.6,0.555,24,5,Own,Medical,Married,Bachelor,1,0,0
28,38655.23,6111.95,627,0.4,0.05,36,3,Mortgage,Medical,Married,Bachelor,0,0,0
52,37552.8,16044.76,526,2.3,0.137,48,6,Own,Home Improvement,Single,High School,1,0,0
51,67504.63,15871.53,642,3.4,0.154,48,3,Rent,Debt Consolidation,Married,Bachelor,0,1,0
45,70095.81,12861.86,715,4.8,0.127,48,4,Own,Debt Consolidation,Married,Bachelor,0,0,1
52,40268.49,5389.25,636,15.9,0.182,24,6,Own,Auto,Married,Bachelor,0,0,0
29,22168.02,24577.15,579,2.0,0.137,36,6,Rent,Auto,Married,High School,0,0,0
44,44193.9,22481.71,629,7.2,0.535,60,5,Own,Debt Consolidation,Divorced,Bachelor,1,0,1
38,66954.12,8325.7,648,3.8,0.262,48,3,Own,Business,Divorced,Bachelor,0,0,0
50,120898.72,21921.89,476,1.2,0.122,24,0,Own,Medical,Married,Bachelor,0,0,0
38,26930.67,17368.88,637,4.8,0.112,36,5,Rent,Auto,Married,High School,0,0,1
35,39605.15,5451.09,529,17.1,0.168,36,1,Rent,Home Improvement,Married,Bachelor,0,1,0
46,40348.04,7348.49,709,0.7,0.296,36,3,Rent,Education,Divorced,Bachelor,0,1,0
50,96558.34,29637.54,509,3.5,0.223,36,1,Rent,Education,Single,Master,0,1,0
31,48171.81,16590.6,741,0.3,0.28,48,5,Own,Home Improvement,Married,High School,1,1,0
39,31142.75,9000.07,613,1.9,0.029,60,2,Own,Debt Consolidation,Married,Master,0,0,1
27,64818.58,7325.14,601,4.8,0.368,60,5,Rent,Home Improvement,Single,Bachelor,0,0,1
21,40041.86,9313.54,676,9.2,0.416,60,4,Rent,Home Improvement,Married,Bachelor,0,0,0
42,26577.13,9787.53,572,6.6,0.499,48,3,Rent,Debt Consolidation,Single,Master,1,1,0
47,31370.19,7389.58,675,3.1,0.486,12,3,Rent,Education,Married,Master,1,0,0
43,,3947.21,584,12.0,0.311,36,5,Rent,Education,Married,High School,0,2,0
21,,29673.49,599,1.8,0.512,36,7,Rent,Business,Single,Bachelor,1,2,0
35,51734.49,26355.8,686,7.0,0.025,48,4,Rent,Debt Consolidation,Single,Bachelor,0,0,0
21,43263.0,5479.24,547,3.2,0.121,60,3,Own,Medical,Single,Bachelor,1,2,0
56,56730.91,14697.28,536,11.4,0.461,36,3,Mortgage,Education,Married,Bachelor,0,1,0
26,56394.0,7104.14,672,,0.258,36,8,Mortgage,Auto,Divorced,Bachelor,0,0,0
55,56731.47,11124.48,647,11.6,0.517,36,3,Rent,Business,Single,Bachelor,0,0,0
51,51918.09,10495.1,665,1.2,0.19,36,5,Mortgage,Business,Married,Bachelor,1,0,0
29,75689.84,9902.24,679,5.5,0.428,24,6,Mortgage,Education,Single,Master,0,2,1
26,49590.38,54288.24,655,6.7,0.372,60,6,Mortgage,Home Improvement,Divorced,Master,1,0,0
44,30062.4,9816.03,704,6.8,0.211,36,4,Mortgage,Auto,Divorced,High School,0,0,0
29,36090.63,7587.18,658,3.5,0.04,60,8,Own,Auto,Single,Bachelor,1,0,0
41,18223.93,7833.72,469,0.1,0.159,24,2,Rent,Business,Married,Bachelor,0,1,0
34,135051.11,27740.37,492,1.5,0.201,24,4,Rent,Medical,Divorced,High School,1,0,0
21,75461.46,4202.89,823,2.0,0.474,36,4,Own,Medical,Married,Master,0,0,0
21,32369.27,7833.49,650,9.6,0.24,60,2,Mortgage,Home Improvement,Single,Bachelor,0,0,0
42,42577.34,36782.45,735,9.2,0.266,36,8,Rent,Home Improvement,Divorced,Master,0,0,0
33,35652.04,15847.87,618,0.6,0.325,48,3,Mortgage,Medical,Single,Bachelor,0,1,0
33,106008.4,15280.69,644,15.0,0.086,36,5,Mortgage,Auto,Single,Master,0,0,0
48,24102.27,59426.92,609,1.0,0.411,60,3,Rent,Medical,Divorced,Bachelor,0,0,0
54,51908.51,15874.09,850,2.7,0.413,24,4,Mortgage,Business,Married,Master,0,0,0
36,46431.62,8137.76,672,1.2,0.64,36,2,Own,Debt Consolidation,Single,High School,0,0,0
35,74118.42,10965.9,601,9.8,0.457,24,3,Mortgage,Education,Married,PhD,0,0,0
46,46536.65,6034.19,501,6.9,0.437,24,6,Mortgage,Debt Consolidation,Divorced,Bachelor,0,0,0
23,20351.21,32181.79,827,2.2,0.429,36,5,Mortgage,Debt Consolidation,Single,Bachelor,0,0,1
42,43236.53,19974.13,635,5.7,0.279,36,5,Rent,Auto,Single,Master,0,1,0
46,30149.36,29351.24,716,1.0,0.145,48,2,Mortgage,Medical,Married,Master,0,1,0
48,51010.65,31228.57,727,2.4,0.169,48,5,Mortgage,Business,Single,Master,0,0,0
21,100417.17,9997.12,608,2.4,0.221,36,2,Rent,Business,Divorced,High School,0,0,0
30,20543.24,6895.84,710,1.4,0.303,60,0,Mortgage,Home Improvement,Married,High School,1,0,0
29,32855.97,12884.76,595,10.4,0.11,60,3,Own,Auto,Married,Master,1,1,0
41,37184.73,7252.25,560,5.7,0.234,60,9,Mortgage,Business,Single,Master,0,0,0
45,40505.15,14994.97,754,1.6,0.288,36,5,Rent,Home Improvement,Married,Bachelor,0,0,0
57,70973.57,29509.51,635,1.4,0.35,36,0,Mortgage,Auto,Single,High School,0,0,0
34,44946.48,11876.33,696,,0.276,36,2,Mortgage,Business,Married,Bachelor,0,0,0
34,60349.1,14838.74,686,2.1,0.323,12,2,Mortgage,Medical,Single,Bachelor,0,0,0
53,35850.52,12510.31,707,3.7,0.135,48,5,Rent,Business,Married,High School,0,3,0
43,54993.05,23433.2,509,1.6,0.446,36,1,Own,Education,Married,Bachelor,0,0,1
55,72323.1,8371.2,597,6.0,0.064,48,4,Mortgage,Education,Married,Master,1,0,0
43,33990.97,2871.21,620,2.7,0.123,36,6,Rent,Auto,Married,Bachelor,0,0,0
26,72451.96,18575.67,575,1.9,0.358,24,7,Own,Home Improvement,Single,Bachelor,1,0,0
24,50321.43,26675.05,688,14.0,0.301,48,2,Rent,Auto,Single,PhD,0,0,0
21,82679.76,18259.89,756,1.5,0.094,36,3,Mortgage,Debt Consolidation,Single,Master,1,0,0
47,44324.38,8534.21,771,2.5,0.352,36,4,Rent,Business,Divorced,High School,1,0,0
54,59315.29,6035.97,619,2.4,0.162,36,10,Mortgage,Debt Consolidation,Single,Bachelor,1,0,0
62,48035.56,18885.47,676,1.4,0.071,12,3,Rent,Education,Single,Bachelor,0,0,0
50,46718.42,14750.54,690,1.2,0.134,60,4,Mortgage,Education,Single,Bachelor,0,1,0
53,55796.43,12233.64,705,,0.091,24,3,Mortgage,Medical,Single,Bachelor,0,0,0
33,64113.08,47845.12,570,10.0,0.037,36,5,Rent,Home Improvement,Married,Bachelor,0,0,0
26,26244.65,6885.96,813,7.3,0.407,60,5,Rent,Education,Single,Bachelor,0,0,0
50,100389.89,46282.81,733,5.7,0.116,24,4,Own,Medical,Single,High School,1,0,1
45,19344.6,13660.3,735,3.1,0.348,36,0,Own,Auto,Divorced,High School,1,0,0
41,34807.7,3696.35,758,3.5,0.578,36,5,Rent,Business,Single,Master,0,0,0
44,46763.84,11784.71,698,1.6,0.044,12,5,Mortgage,Home Improvement,Single,Master,1,0,0
43,60245.19,26151.12,557,0.4,0.339,36,2,Rent,Debt Consolidation,Married,High School,1,0,0
55,107805.75,10347.1,637,2.0,0.248,36,6,Own,Debt Consolidation,Divorced,Master,0,0,0
55,19357.87,4758.34,501,3.4,0.167,12,7,Mortgage,Auto,Divorced,Bachelor,1,0,0
46,38030.85,11906.5,687,0.3,0.594,36,2,Mortgage,Debt Consolidation,Married,Master,0,0,0
50,16925.61,7331.82,634,0.5,0.438,12,2,Own,Auto,Married,High School,0,0,0
46,49802.03,18850.04,646,1.5,0.631,60,4,Rent,Home Improvement,Married,High School,1,0,0
34,56153.36,22957.04,758,2.3,0.232,48,4,Rent,Education,Married,Bachelor,0,0,0
49,108596.87,6378.01,608,2.5,0.409,12,3,Rent,Education,Married,Master,0,0,0
23,52068.6,8151.34,627,0.6,0.204,48,7,Rent,Medical,Married,Bachelor,1,0,0
52,82620.45,22689.32,651,1.3,0.279,36,3,Own,Business,Married,Master,0,0,0
25,65638.56,7323.25,484,1.5,0.282,24,0,Mortgage,Medical,Married,Bachelor,0,0,0
43,39433.69,6263.47,626,,0.556,24,3,Rent,Medical,Married,High School,0,0,0
29,24234.19,5854.21,426,2.0,0.312,36,1,Own,Business,Divorced,Master,0,0,0
46,56246.62,17093.05,597,,0.433,12,10,Mortgage,Home Improvement,Married,High School,1,0,0
39,23247.41,16587.59,726,6.1,0.054,12,3,Rent,Auto,Married,Master,0,1,0
21,93676.58,8276.44,690,2.4,0.135,48,4,Rent,Debt Consolidation,Married,Master,0,0,0
45,45205.27,13407.37,596,2.0,0.277,60,9,Mortgage,Business,Married,High School,0,0,0
33,89106.6,38909.46,653,0.7,0.151,36,4,Mortgage,Education,Single,Bachelor,0,0,0
50,38556.99,6755.81,553,1.3,0.533,36,5,Mortgage,Medical,Divorced,High School,0,0,0
40,56073.88,3407.66,649,1.3,0.498,60,2,Rent,Business,Divorced,Bachelor,0,0,1
44,54430.2,18371.45,850,21.1,0.369,24,8,Mortgage,Home Improvement,Married,Master,0,0,1
28,47929.09,12366.16,816,9.0,0.108,24,1,Rent,Business,Married,Bachelor,0,0,0
32,39484.77,8127.29,654,0.1,0.167,60,5,Mortgage,Debt Consolidation,Married,High School,0,0,0
34,59648.72,21087.93,664,4.8,0.291,48,4,Mortgage,Medical,Single,High School,0,0,0
50,30850.81,24039.6,561,1.5,0.127,12,1,Mortgage,Debt Consolidation,Single,Master,0,0,0
60,26776.56,2847.52,577,0.6,0.148,48,4,Own,Education,Single,PhD,1,0,0
30,91255.03,8460.65,682,6.1,0.323,48,7,Own,Debt Consolidation,Married,High School,0,1,1
52,,67660.74,602,0.7,0.335,24,6,Mortgage,Debt Consolidation,Single,High School,0,0,0
21,50662.73,20098.16,731,2.9,0.393,36,5,Own,Debt Consolidation,Divorced,High School,1,0,0
25,112709.75,21445.55,791,5.0,0.618,24,7,Own,Education,Divorced,Bachelor,0,0,1
28,42878.13,30364.4,679,4.0,0.385,48,3,Mortgage,Business,Married,Bachelor,1,0,0
23,94973.35,13520.31,659,19.0,0.178,48,3,Mortgage,Business,Married,Bachelor,0,0,0
21,53518.73,23334.28,498,7.7,0.216,12,3,Own,Medical,Single,High School,0,1,0
44,29366.93,22084.77,717,7.4,0.459,48,3,Rent,Education,Divorced,Master,1,0,1
37,123502.92,19483.61,547,2.2,0.314,48,8,Mortgage,Auto,Married,Master,1,0,0
44,80447.13,10663.6,612,0.0,0.331,12,3,Mortgage,Auto,Single,Bachelor,0,0,0
48,46142.49,15069.7,736,6.6,0.214,36,2,Own,Debt Consolidation,Single,Master,0,0,0
43,70515.35,8849.77,742,40.0,0.381,48,2,Mortgage,Education,Divorced,Master,0,1,0
47,40060.59,13480.1,608,2.6,0.344,36,4,Mortgage,Home Improvement,Married,Bachelor,0,0,0
39,74204.09,5896.16,613,21.2,0.126,60,3,Mortgage,Debt Consolidation,Divorced,Bachelor,0,0,0
25,15000.0,7681.45,587,0.8,0.103,36,1,Own,Home Improvement,Single,Master,1,0,0
52,29439.7,10964.1,542,1.8,0.413,12,1,Own,Home Improvement,Married,Master,0,1,1
32,79987.84,6900.89,592,0.9,0.304,48,1,Mortgage,Education,Divorced,High School,0,0,0
28,43268.16,9381.43,504,3.2,0.194,48,1,Own,Debt Consolidation,Single,High School,1,0,0
37,54381.06,11911.41,711,8.0,0.405,60,5,Own,Education,Married,Bachelor,1,0,0
29,24999.4,17704.67,685,2.1,0.13,24,4,Rent,Medical,Married,High School,0,1,0
34,123492.23,25964.36,700,11.8,0.077,36,3,Own,Home Improvement,Single,High School,0,0,0
44,88899.77,9656.16,564,3.9,0.045,36,4,Own,Debt Consolidation,Married,Bachelor,1,3,0
44,44340.66,34015.56,542,3.1,0.241,60,7,Own,Debt Consolidation,Divorced,High School,0,0,0
29,40040.71,25771.58,654,7.7,0.621,36,2,Rent,Debt Consolidation,Married,Master,0,2,1
34,82026.87,19012.76,655,0.5,0.113,48,7,Own,Home Improvement,Married,Bachelor,0,0,0
52,132089.53,14876.74,636,7.4,0.315,24,3,Mortgage,Business,Married,Bachelor,0,0,0
45,78974.49,16703.68,623,1.4,0.183,36,7,Mortgage,Education,Single,High School,0,0,1
64,145204.93,30666.8,803,,0.155,24,4,Rent,Home Improvement,Single,Bachelor,1,0,0
54,30909.67,31461.06,688,4.6,0.433,60,3,Rent,Business,Married,Master,0,0,0
53,32542.64,34011.8,827,11.6,0.311,24,6,Own,Business,Single,PhD,0,1,0
23,27052.36,13751.85,764,4.3,0.176,36,4,Own,Medical,Married,Bachelor,0,0,0
49,61137.48,19702.03,803,5.2,0.027,12,3,Mortgage,Auto,Married,High School,0,0,0
39,53519.52,34217.16,553,7.5,0.212,60,1,Own,Debt Consolidation,Married,Bachelor,1,2,0
33,45434.38,8633.44,703,1.5,0.086,48,5,Rent,Debt Consolidation,Married,High School,0,0,0
42,73469.77,10690.47,611,8.8,0.102,60,11,Rent,Education,Divorced,Bachelor,1,0,0
51,90777.28,13510.54,500,2.7,0.135,12,3,Rent,Home Improvement,Single,Bachelor,1,0,1
46,22860.57,25077.32,784,1.0,0.155,24,6,Mortgage,Auto,Married,Bachelor,0,0,0
29,36370.53,25352.19,623,2.2,0.519,36,3,Mortgage,Education,Divorced,Master,0,0,0
48,73870.72,11366.15,555,1.4,0.289,48,6,Mortgage,Medical,Married,High School,1,0,0
32,38798.26,4646.98,612,1.3,0.282,36,4,Own,Debt Consolidation,Single,Bachelor,0,0,1
42,32889.11,15872.27,578,1.7,0.569,48,4,Mortgage,Home Improvement,Divorced,Bachelor,0,0,1
36,81574.23,7024.64,587,1.0,0.401,24,5,Rent,Medical,Married,PhD,0,1,0
37,25725.81,4708.12,630,5.5,0.261,48,3,Rent,Auto,Divorced,High School,0,0,0
49,42159.28,5515.35,805,4.3,0.48,36,4,Own,Home Improvement,Married,Master,0,0,0
27,57775.61,16788.79,590,5.2,0.405,36,5,Rent,Medical,Married,Bachelor,0,0,0
63,36794.0,34638.68,799,2.1,0.46,36,5,Own,Auto,Single,High School,1,0,1
21,72517.11,13728.46,726,7.3,0.28,12,4,Mortgage,Debt Consolidation,Married,Master,1,1,0
32,36885.05,15490.26,685,0.7,0.303,60,3,Rent,Auto,Married,High School,0,0,1
44,99142.13,30577.71,717,4.2,0.177,48,5,Own,Home Improvement,Divorced,Bachelor,0,0,0
47,46033.6,4531.83,651,1.6,0.322,36,4,Mortgage,Debt Consolidation,Divorced,High School,0,1,1
38,68571.69,19228.01,765,3.7,0.213,36,6,Own,Business,Married,Bachelor,0,1,0
39,71183.19,13251.78,701,2.0,0.185,12,8,Rent,Home Improvement,Single,Master,1,1,0
44,35818.87,19855.58,500,7.8,0.442,36,3,Own,Business,Married,Bachelor,1,1,0
37,17557.86,9523.91,676,11.1,0.288,36,3,Mortgage,Auto,Married,Master,1,1,0
56,58710.74,7535.98,720,6.8,0.667,36,1,Mortgage,Education,Married,Master,0,0,1
50,50825.03,14740.53,623,1.0,0.163,48,6,Mortgage,Education,Divorced,High School,0,1,0
50,64725.66,42380.09,661,1.6,0.064,24,6,Own,Medical,Married,Bachelor,0,1,0
28,43771.42,24407.29,594,12.6,0.423,24,5,Rent,Debt Consolidation,Married,PhD,0,0,0
39,39528.85,9363.88,526,2.9,0.308,36,8,Mortgage,Home Improvement,Divorced,Master,0,0,0
36,133818.07,5225.57,510,14.2,0.293,48,7,Own,Debt Consolidation,Single,Bachelor,0,1,0
27,23478.09,4115.65,511,,0.078,12,8,Rent,Auto,Married,High School,0,0,0
44,70754.77,33566.02,710,15.2,0.019,36,3,Rent,Education,Single,Master,0,0,0
33,36779.62,6846.15,425,13.0,0.175,24,3,Mortgage,Auto,Single,High School,0,0,0
47,41444.51,10637.5,590,5.4,0.251,48,3,Mortgage,Education,Married,Master,0,0,1
27,41833.33,33686.34,581,0.0,0.515,36,5,Mortgage,Medical,Divorced,High School,0,0,0
60,32803.25,4316.8,624,2.6,0.076,48,8,Mortgage,Medical,Single,Bachelor,0,1,0
29,65225.91,37971.27,482,12.1,0.332,36,3,Mortgage,Home Improvement,Married,Master,0,0,0
42,98255.04,11186.37,686,10.8,0.095,48,5,Rent,Education,Married,Master,0,0,0
49,62007.26,5978.9,535,1.0,0.271,48,5,Own,Debt Consolidation,Married,Bachelor,1,1,1
33,51621.37,11235.73,751,2.5,0.693,48,1,Mortgage,Home Improvement,Married,High School,1,0,0
50,,8056.08,594,9.0,0.238,48,4,Mortgage,Business,Married,Bachelor,1,0,0
25,63475.71,18189.03,641,4.3,0.096,36,7,Rent,Auto,Single,PhD,0,0,0
57,144087.32,8487.14,650,9.4,0.13,36,4,Rent,Business,Single,High School,0,2,0
40,40524.12,3504.67,671,8.8,0.262,48,2,Own,Business,Divorced,High School,0,1,0
32,,11448.41,653,11.9,0.141,36,2,Own,Debt Consolidation,Married,Bachelor,0,0,0
36,37028.95,5168.92,611,0.6,0.452,12,8,Mortgage,Business,Single,Bachelor,0,1,0
49,38380.04,15413.88,680,0.8,0.361,60,6,Mortgage,Business,Married,Bachelor,0,0,0
32,15000.0,5819.73,691,0.4,0.606,36,2,Rent,Medical,Married,Master,1,0,0
31,60025.08,9493.77,581,13.7,0.196,24,5,Own,Home Improvement,Married,Bachelor,1,0,0
37,32119.67,15181.18,688,3.2,0.391,48,5,Rent,Medical,Single,Bachelor,0,0,0
25,21913.73,11513.54,757,0.3,0.194,60,1,Own,Debt Consolidation,Married,Master,0,0,1
61,71438.7,15919.52,713,1.9,0.255,60,2,Rent,Home Improvement,Single,High School,0,0,0
33,28537.98,21508.45,733,2.2,0.051,36,5,Mortgage,Home Improvement,Single,High School,0,0,0
49,41384.66,5939.89,665,8.3,0.162,12,1,Mortgage,Auto,Married,High School,0,0,0
42,102050.31,12770.87,565,6.6,0.486,48,4,Mortgage,Education,Divorced,Master,0,0,0
28,24231.1,1299.0,577,5.8,0.253,48,4,Mortgage,Auto,Married,Master,0,0,0
39,22781.43,15885.04,678,0.1,0.503,24,2,Mortgage,Business,Married,Master,0,0,0
49,56086.65,10823.01,734,12.1,0.523,60,7,Rent,Home Improvement,Married,High School,0,0,0
37,87094.04,6711.55,850,1.2,0.424,12,1,Own,Home Improvement,Single,Bachelor,1,2,0
54,22310.87,16663.96,738,5.0,0.605,36,3,Mortgage,Auto,Married,Bachelor,0,0,0
52,60104.79,30360.21,544,0.3,0.323,12,2,Mortgage,Business,Single,Bachelor,0,0,0
51,65545.5,9573.82,580,0.4,0.224,60,2,Mortgage,Auto,Single,Master,0,0,0
34,17508.11,6895.54,850,0.0,0.229,12,4,Rent,Home Improvement,Married,High School,1,0,0
27,73075.66,14995.68,630,4.2,0.327,36,7,Rent,Debt Consolidation,Single,Bachelor,1,0,0
32,75985.89,5245.24,654,5.0,0.417,60,2,Own,Auto,Single,High School,0,0,0
42,41944.69,8414.68,563,0.3,0.274,24,4,Rent,Medical,Married,Master,1,0,1
46,91690.42,31435.14,790,1.7,0.291,24,5,Mortgage,Education,Married,PhD,0,0,0
21,86528.38,13954.06,695,9.5,0.347,24,1,Mortgage,Auto,Married,Master,1,0,0
39,51614.55,3584.5,580,0.5,0.446,36,0,Mortgage,Home Improvement,Married,High School,0,0,0
41,39115.63,3797.53,560,1.2,0.145,36,4,Own,Business,Single,Bachelor,0,0,0
36,30139.32,14964.86,677,2.8,0.092,48,1,Mortgage,Education,Married,High School,1,0,0
55,48108.7,24432.6,653,9.2,0.452,24,4,Rent,Home Improvement,Single,Master,0,1,0
45,65178.14,4305.57,724,1.5,0.136,48,5,Own,Business,Married,High School,0,0,0
55,41685.62,18302.61,699,29.3,0.082,60,9,Own,Home Improvement,Single,Master,0,0,0
37,16338.01,33902.38,626,2.2,0.203,60,3,Rent,Medical,Divorced,Bachelor,1,0,0
51,92443.87,50086.22,601,2.4,0.212,48,2,Mortgage,Medical,Single,Master,0,1,0
59,53912.17,16845.79,635,0.7,0.551,60,3,Rent,Business,Married,Bachelor,0,1,0
55,40545.81,19048.85,600,5.7,0.418,60,3,Mortgage,Medical,Single,Master,0,0,0
26,75250.6,3001.21,638,1.4,0.516,36,7,Own,Debt Consolidation,Single,Bachelor,1,0,0
36,105063.4,58094.53,651,5.0,0.262,24,5,Own,Education,Married,Bachelor,0,0,0
35,15000.0,8929.87,569,1.3,0.233,60,5,Own,Debt Consolidation,Single,Bachelor,0,0,0
45,60908.73,6950.51,706,2.5,0.235,48,5,Own,Medical,Single,Master,1,0,0
48,24020.8,11174.12,616,9.7,0.141,12,5,Own,Auto,Single,Master,0,0,0
29,62915.97,38490.68,574,6.7,0.141,60,2,Rent,Medical,Single,Bachelor,0,0,0
40,52258.8,62669.63,618,0.8,0.248,36,3,Mortgage,Business,Married,Master,0,0,0
21,67363.81,14585.54,671,4.7,0.384,36,3,Mortgage,Medical,Single,Master,1,1,1
57,38191.8,26867.13,657,5.0,0.473,36,7,Mortgage,Medical,Single,Master,0,0,0
33,19213.72,13769.93,687,0.5,0.456,36,5,Rent,Business,Married,PhD,0,0,1
40,39136.7,6461.02,730,3.1,0.226,36,9,Own,Debt Consolidation,Married,Master,0,1,0
36,60079.49,37560.96,767,1.5,0.079,36,4,Rent,Auto,Single,Master,0,0,0
53,81446.05,8643.05,675,3.1,0.544,36,7,Rent,Home Improvement,Single,High School,0,0,0
21,27284.78,39138.88,553,7.5,0.15,36,2,Mortgage,Auto,Married,Bachelor,0,0,0
39,81922.6,33156.0,625,0.9,0.303,48,2,Mortgage,Home Improvement,Divorced,Bachelor,0,0,0
38,35456.57,20533.75,559,0.7,0.128,12,5,Mortgage,Medical,Married,Bachelor,1,1,0
34,58760.49,48063.69,802,1.6,0.477,60,7,Mortgage,Debt Consolidation,Married,Master,0,0,0
60,37989.04,63744.76,828,15.2,0.244,48,8,Rent,Medical,Divorced,Bachelor,0,0,1
29,53695.54,11817.42,708,6.9,0.329,48,4,Rent,Education,Married,Master,0,0,0
49,76568.33,7584.36,727,0.1,0.303,36,4,Mortgage,Home Improvement,Married,High School,1,0,0
44,26542.25,3622.83,672,2.6,0.063,60,3,Rent,Debt Consolidation,Married,High School,0,0,0
55,34893.19,64297.6,682,1.5,0.015,12,7,Rent,Home Improvement,Single,Master,0,1,0
31,53770.56,9820.45,506,5.1,0.378,12,2,Mortgage,Medical,Divorced,High School,0,0,0
31,162883.72,29570.3,643,3.1,0.199,48,3,Mortgage,Home Improvement,Married,Master,1,1,0
53,31837.66,7951.54,570,16.7,0.415,48,10,Mortgage,Education,Divorced,Bachelor,0,0,0
45,135953.33,39213.88,675,1.2,0.212,24,2,Own,Debt Consolidation,Married,Bachelor,0,1,0
21,133547.39,8183.85,644,4.4,0.119,36,6,Mortgage,Education,Single,Master,1,2,0
33,46692.76,5801.06,825,,0.44,36,5,Mortgage,Auto,Single,PhD,0,0,0
44,42231.59,11545.44,732,,0.762,36,7,Own,Medical,Single,High School,0,0,0
50,34681.7,9207.35,675,2.6,0.269,36,7,Own,Home Improvement,Single,Bachelor,0,0,0
31,47377.31,20280.39,625,5.8,0.418,60,5,Own,Home Improvement,Single,High School,0,1,0
21,24261.36,12887.63,800,1.8,0.214,60,4,Rent,Education,Divorced,Bachelor,0,0,0
46,47187.32,20731.13,647,2.9,0.376,60,6,Own,Auto,Single,Master,1,1,0
25,103615.29,10897.46,679,11.3,0.176,36,5,Mortgage,Debt Consolidation,Married,Bachelor,0,1,1
21,36114.78,8386.89,653,15.0,0.253,36,3,Own,Education,Married,High School,0,0,0
21,43461.81,8879.56,613,6.3,0.208,36,2,Mortgage,Business,Married,Bachelor,0,0,0
49,20940.28,55907.69,653,2.3,0.285,48,5,Rent,Business,Married,Master,1,0,0
41,59102.65,15640.51,473,8.6,0.29,36,2,Rent,Business,Divorced,Master,0,0,0
37,55951.52,3332.13,510,0.1,0.13,48,4,Mortgage,Medical,Married,Bachelor,0,0,0
56,50607.3,9282.2,681,0.5,0.311,48,4,Rent,Education,Single,High School,0,3,0
47,43984.23,14297.02,791,5.4,0.177,60,4,Rent,Business,Married,Bachelor,0,0,0
59,42345.65,48619.49,681,1.7,0.17,24,6,Own,Education,Single,Bachelor,0,1,0
23,63003.79,27449.11,585,15.1,0.29,48,1,Mortgage,Business,Married,Master,1,2,0
39,48319.56,7007.93,520,2.9,0.155,36,6,Rent,Auto,Married,High School,0,0,0
21,57382.0,72609.35,720,2.8,0.45,24,9,Mortgage,Business,Married,Master,0,0,1
37,54583.75,13071.48,598,5.7,0.026,36,2,Rent,Home Improvement,Divorced,Bachelor,1,0,1
37,85966.56,31966.09,707,,0.241,12,2,Mortgage,Auto,Divorced,Master,1,3,0
47,68768.22,5952.07,685,3.2,0.344,36,8,Mortgage,Home Improvement,Single,High School,0,0,0
40,53983.35,2493.11,693,1.2,0.422,12,4,Rent,Medical,Married,Master,0,0,0
47,104737.34,4984.55,653,,0.278,60,1,Mortgage,Auto,Married,Bachelor,1,1,0
48,60484.01,1373.02,684,1.9,0.448,24,3,Mortgage,Home Improvement,Single,Master,0,0,1
65,94134.64,58598.39,639,1.0,0.098,48,2,Own,Home Improvement,Married,High School,0,1,0
36,66401.26,15524.47,592,5.0,0.209,60,7,Own,Debt Consolidation,Divorced,Bachelor,0,0,0
28,19516.99,6993.59,563,0.5,0.225,36,5,Rent,Debt Consolidation,Single,Bachelor,0,0,0
42,94128.62,18339.95,435,17.8,0.247,12,5,Mortgage,Debt Consolidation,Single,Bachelor,0,0,0
30,52448.56,15253.04,633,5.0,0.371,36,7,Own,Debt Consolidation,Divorced,Bachelor,0,0,0
57,47763.77,20633.13,786,21.3,0.041,24,2,Own,Business,Single,High School,0,0,0
36,56425.37,31153.19,715,2.1,0.44,24,4,Mortgage,Medical,Married,Master,1,0,0
33,41254.21,10905.86,670,17.7,0.371,36,3,Mortgage,Business,Married,Master,0,0,0
34,54913.5,7216.41,583,0.8,0.085,36,6,Rent,Medical,Single,High School,1,0,0
48,36463.32,23847.69,739,0.2,0.056,48,9,Rent,Auto,Married,Bachelor,0,2,0
38,92701.15,23426.73,639,0.2,0.668,36,3,Own,Medical,Single,Master,0,1,1
32,46314.3,14335.8,791,3.1,0.406,48,8,Rent,Business,Single,Master,0,0,0
59,40485.86,61346.16,561,0.4,0.13,12,6,Mortgage,Auto,Single,PhD,0,0,1
29,30869.91,9833.25,582,3.6,0.208,24,3,Own,Education,Married,Master,1,1,0
40,56071.78,7115.99,573,2.0,0.115,36,4,Rent,Auto,Single,Master,0,0,0
47,53828.24,17901.93,516,2.0,0.372,60,5,Own,Education,Married,Bachelor,0,2,1
21,59528.61,8329.37,565,5.0,0.552,48,4,Rent,Auto,Married,Bachelor,1,0,1
45,29330.23,18898.95,659,0.9,0.434,48,2,Rent,Debt Consolidation,Married,Bachelor,0,0,0
27,22013.46,7456.89,585,7.3,0.207,36,6,Rent,Business,Divorced,Master,0,0,0
49,67023.3,10095.35,302,4.4,0.418,48,7,Rent,Debt Consolidation,Married,High School,0,0,0
28,102983.18,50190.86,746,12.3,0.37,24,4,Rent,Education,Married,Master,0,1,0
48,29343.41,10057.65,498,2.3,0.502,36,3,Rent,Home Improvement,Married,Master,0,0,0
53,108523.35,7637.33,703,20.3,0.314,36,3,Rent,Auto,Married,High School,1,1,0
50,56497.72,30317.34,652,4.3,0.382,36,3,Own,Auto,Single,Master,0,1,1
43,48847.99,6401.39,840,18.1,0.335,60,6,Own,Auto,Divorced,Master,0,1,0
37,40184.06,8225.05,739,0.1,0.213,48,4,Rent,Business,Single,High School,0,1,0
33,24532.18,20002.1,604,6.5,0.353,12,1,Rent,Auto,Single,PhD,0,1,0
57,80327.26,25767.98,586,8.5,0.59,60,4,Rent,Business,Married,Bachelor,0,1,0
31,33262.86,31392.79,785,,0.184,24,4,Mortgage,Home Improvement,Single,Bachelor,0,0,0
27,33193.08,7918.4,517,4.3,0.48,24,4,Own,Home Improvement,Married,Bachelor,1,0,0
47,80496.03,20276.26,667,8.1,0.058,60,10,Rent,Home Improvement,Single,High School,1,0,0
30,19120.35,9640.46,638,4.1,0.611,36,3,Mortgage,Debt Consolidation,Divorced,Bachelor,0,2,1
28,22884.18,8743.28,619,0.3,0.238,48,5,Mortgage,Auto,Divorced,Master,1,0,0
22,48578.33,31015.7,681,5.9,0.33,24,4,Rent,Home Improvement,Divorced,Bachelor,0,0,1
34,56763.13,9093.47,667,0.3,0.227,60,1,Rent,Medical,Single,High School,0,0,0
39,62465.35,16232.05,691,8.5,0.072,48,6,Mortgage,Education,Single,Master,0,0,0
42,42154.67,14896.86,662,0.2,0.218,36,2,Mortgage,Education,Married,Bachelor,1,0,0
51,173717.35,6313.67,687,0.7,0.431,48,6,Own,Business,Single,Bachelor,1,0,0
46,43741.55,26272.16,658,1.6,0.51,60,5,Rent,Education,Married,Master,0,0,1
37,43678.31,19775.45,590,,0.517,36,0,Own,Medical,Married,Master,1,0,1
37,32909.17,3326.24,650,18.7,0.444,36,5,Rent,Home Improvement,Single,Bachelor,0,0,0
46,52153.86,16223.15,585,0.6,0.536,48,4,Own,Debt Consolidation,Single,High School,1,1,0
55,66668.02,7776.94,579,0.8,0.195,36,5,Rent,Debt Consolidation,Divorced,Bachelor,0,0,1
41,89481.67,28794.88,619,2.3,0.469,60,4,Mortgage,Medical,Married,High School,1,0,0
34,23280.19,4857.21,639,9.0,0.177,12,3,Mortgage,Home Improvement,Single,Bachelor,0,0,0
28,43347.41,10409.42,653,3.1,0.103,36,2,Own,Auto,Married,Bachelor,0,0,0
22,,17212.95,732,1.9,0.411,48,1,Mortgage,Business,Married,Master,0,1,0
47,65744.33,13877.7,605,4.1,0.244,36,4,Mortgage,Business,Married,Master,0,0,0
46,49181.57,22789.86,667,1.5,0.528,24,2,Own,Debt Consolidation,Married,High School,0,0,0
46,64293.38,4615.17,660,2.6,0.225,36,10,Rent,Education,Married,Bachelor,0,0,0
38,32712.68,42460.95,595,2.0,0.328,60,6,Rent,Medical,Married,Bachelor,1,0,0
56,106825.58,19295.0,656,8.2,0.202,36,4,Own,Home Improvement,Married,Bachelor,1,0,1
34,80524.28,34606.71,740,12.9,0.232,36,6,Mortgage,Home Improvement,Divorced,Bachelor,0,2,0
51,25022.64,24636.1,666,7.1,0.536,48,5,Own,Auto,Divorced,PhD,0,0,1
39,28636.82,13251.59,670,2.9,0.428,48,4,Rent,Auto,Married,Bachelor,0,1,1
32,29043.18,5437.43,586,,0.278,36,5,Own,Education,Married,High School,1,0,1
47,68801.79,9004.8,827,0.7,0.582,36,9,Own,Home Improvement,Single,Master,1,0,0
44,25787.27,40647.57,591,6.9,0.356,12,3,Rent,Home Improvement,Single,Bachelor,0,0,1
44,41543.15,35235.4,499,4.5,0.285,48,3,Mortgage,Business,Divorced,Bachelor,1,1,1
40,61534.43,8658.35,727,11.6,0.24,36,2,Own,Education,Married,Master,1,0,0
39,47425.58,1857.87,639,1.1,0.259,36,6,Mortgage,Medical,Married,High School,1,0,0
68,55795.24,11511.68,622,,0.145,24,3,Rent,Business,Married,Bachelor,0,0,0
54,28770.29,10922.8,600,5.8,0.349,24,7,Mortgage,Auto,Single,Master,0,0,1
48,66001.13,11216.7,818,1.5,0.199,48,1,Mortgage,Debt Consolidation,Divorced,Master,0,0,0
41,36076.4,19340.9,681,5.5,0.358,36,8,Mortgage,Education,Married,Bachelor,0,0,0
52,41676.39,24670.14,699,12.9,0.084,24,3,Rent,Home Improvement,Single,Bachelor,1,0,0
46,55208.15,26721.12,664,12.5,0.158,12,4,Mortgage,Home Improvement,Single,High School,0,0,0
40,51613.53,18251.39,674,6.4,0.296,24,5,Mortgage,Medical,Married,High School,0,0,0
36,49612.1,3787.5,775,0.2,0.67,36,4,Rent,Auto,Divorced,High School,1,0,0
39,33680.91,10521.33,627,10.3,0.247,48,4,Own,Home Improvement,Married,Bachelor,0,0,0
21,42202.1,67027.81,518,5.4,0.42,24,4,Mortgage,Business,Single,Bachelor,0,0,0
42,49074.35,17360.48,728,1.9,0.27,36,7,Own,Education,Married,Master,0,0,0
34,24648.16,17282.91,694,1.0,0.385,12,4,Rent,Education,Married,Master,0,2,0
59,38899.38,17182.39,659,0.6,0.326,12,4,Mortgage,Education,Married,Bachelor,1,1,0
40,59506.45,17867.98,692,0.3,0.473,60,3,Rent,Medical,Single,Master,0,0,0
25,25881.45,2519.51,616,7.0,0.23,48,4,Mortgage,Home Improvement,Divorced,High School,0,0,0
39,87403.52,11297.46,651,1.3,0.253,48,6,Own,Debt Consolidation,Married,High School,1,0,0
27,92485.45,13010.02,638,0.1,0.077,24,4,Own,Auto,Married,High School,1,0,0
45,26302.64,32762.73,596,2.5,0.101,36,2,Rent,Medical,Divorced,High School,0,0,0
43,96645.97,13813.08,757,3.3,0.17,36,4,Own,Business,Married,High School,0,1,0
51,45624.91,4219.37,522,0.9,0.31,48,4,Mortgage,Auto,Married,Bachelor,0,0,0
30,60430.99,18052.91,850,0.2,0.382,36,2,Own,Home Improvement,Married,Bachelor,0,0,0
40,38241.42,7610.79,728,1.0,0.333,36,3,Own,Debt Consolidation,Single,Bachelor,0,0,0
23,77770.89,5700.16,489,5.7,0.234,24,2,Own,Business,Divorced,Bachelor,1,0,1
48,60056.86,7450.89,629,0.4,0.605,36,3,Rent,Auto,Married,PhD,0,0,0
46,32627.91,19530.9,634,4.0,0.326,48,5,Own,Home Improvement,Single,Bachelor,0,1,0
45,27375.37,32245.47,685,0.8,0.718,36,5,Own,Medical,Divorced,Master,0,0,1
40,23619.99,18733.17,560,,0.062,24,5,Mortgage,Education,Married,Master,0,0,0
44,53850.71,20793.93,652,2.5,0.115,36,3,Mortgage,Home Improvement,Married,High School,0,0,0
59,65266.6,18604.0,639,0.5,0.116,48,3,Rent,Medical,Divorced,Bachelor,0,0,0
36,67879.06,14341.73,583,1.0,0.252,24,2,Own,Medical,Married,Master,0,0,0
41,46212.68,21760.49,571,2.1,0.436,36,4,Rent,Home Improvement,Single,Master,0,1,0
26,27487.92,2457.4,732,2.0,0.538,60,1,Rent,Debt Consolidation,Single,Bachelor,0,1,0
29,34855.37,14440.06,497,6.9,0.198,36,4,Mortgage,Education,Married,Master,1,0,0
41,87218.72,6428.86,693,0.4,0.033,12,6,Mortgage,Medical,Single,Bachelor,1,0,0
53,38471.99,30152.76,721,9.8,0.451,48,7,Own,Education,Married,High School,0,0,0
36,52665.13,12052.06,630,8.5,0.278,12,7,Own,Medical,Married,Bachelor,1,0,0
37,28628.98,13652.31,654,7.3,0.043,24,2,Mortgage,Home Improvement,Married,Master,0,2,0
35,58005.41,4658.5,754,1.9,0.056,12,5,Own,Medical,Married,Bachelor,0,0,0
33,38993.79,27222.02,586,8.7,0.509,24,5,Rent,Business,Married,High School,0,0,1
43,82731.55,20725.7,595,1.0,0.423,60,3,Mortgage,Auto,Married,High School,0,0,0
22,72169.94,19729.37,605,0.7,0.229,48,1,Mortgage,Home Improvement,Single,Bachelor,0,1,0
55,38259.49,7561.95,754,0.2,0.223,36,3,Mortgage,Business,Single,Bachelor,1,0,0
32,46012.48,7773.32,766,14.0,0.199,60,1,Own,Education,Married,High School,0,1,0
48,37214.06,15623.31,524,1.8,0.426,48,2,Mortgage,Medical,Married,Master,1,0,0
24,24107.62,8216.1,740,12.5,0.158,36,7,Own,Medical,Single,High School,0,0,0
48,31929.28,18113.72,723,1.6,0.458,12,5,Rent,Medical,Married,High School,0,0,0
48,54128.1,2943.52,789,11.9,0.198,48,5,Mortgage,Auto,Divorced,Master,0,0,0
44,57677.92,9496.88,684,11.7,0.228,36,2,Own,Debt Consolidation,Single,Bachelor,1,0,0
28,52800.4,46991.75,646,12.9,0.324,36,5,Mortgage,Home Improvement,Single,High School,0,0,0
42,42156.05,18172.05,753,3.4,0.283,24,1,Own,Business,Married,High School,1,0,0
25,78161.56,15014.26,712,10.0,0.125,12,2,Rent,Debt Consolidation,Divorced,Master,0,0,0
36,50603.24,53618.99,850,15.1,0.075,48,6,Rent,Home Improvement,Single,Bachelor,1,0,0
52,69677.09,2604.07,736,2.0,0.124,24,6,Rent,Medical,Single,Bachelor,0,0,0
49,20193.43,7549.84,663,2.7,0.328,36,4,Mortgage,Medical,Single,Bachelor,0,1,1
40,15000.0,10088.78,544,6.4,0.056,12,2,Rent,Business,Single,High School,1,0,0
28,56494.24,24363.61,597,1.8,0.161,48,3,Own,Debt Consolidation,Married,Master,0,1,0
47,24043.43,24660.53,520,,0.245,36,4,Own,Medical,Married,Master,0,2,0
40,44080.56,7286.62,630,0.4,0.334,48,4,Rent,Auto,Single,PhD,0,0,0
21,42148.38,26864.69,733,3.7,0.065,12,5,Rent,Home Improvement,Single,High School,0,0,0
49,108412.68,10073.66,649,0.7,0.051,24,4,Rent,Business,Married,High School,1,1,0
39,59874.04,31199.2,741,1.7,0.066,24,3,Rent,Auto,Married,Master,0,0,1
54,53259.4,6484.37,680,1.5,0.157,48,3,Mortgage,Business,Married,High School,0,0,1
26,74495.62,12254.91,613,9.1,0.092,24,7,Mortgage,Home Improvement,Married,Bachelor,0,0,0
21,58938.44,9479.46,657,1.1,0.252,48,6,Mortgage,Debt Consolidation,Married,Bachelor,1,1,0
43,38993.94,27979.33,692,8.3,0.368,24,4,Rent,Auto,Divorced,Bachelor,0,0,1
43,83762.27,9265.5,662,7.9,0.295,60,5,Own,Medical,Single,High School,0,0,0
21,28145.0,12968.6,663,3.5,0.077,36,6,Mortgage,Business,Divorced,Bachelor,0,0,0
28,57619.92,19048.96,580,1.3,0.556,24,3,Own,Debt Consolidation,Single,Bachelor,1,0,0
70,22611.53,19568.59,611,1.3,0.124,12,2,Mortgage,Home Improvement,Married,High School,0,2,1
36,54283.3,24856.31,850,3.1,0.179,36,4,Own,Medical,Married,Master,0,0,0
48,53986.8,15487.48,760,0.0,0.41,60,1,Mortgage,Business,Married,Master,0,0,0
32,113349.07,9968.9,517,3.8,0.212,24,0,Mortgage,Debt Consolidation,Married,High School,1,0,0
21,22415.61,10458.92,436,15.3,0.523,48,2,Mortgage,Home Improvement,Married,Bachelor,1,0,1
37,36299.4,13601.98,656,0.8,0.481,36,4,Rent,Education,Married,Bachelor,0,0,0
36,73964.55,15910.18,730,4.3,0.421,48,3,Mortgage,Education,Single,Bachelor,0,0,0
35,57968.71,12051.93,603,16.3,0.491,60,7,Rent,Education,Married,High School,1,0,0
38,53645.48,13540.53,741,9.8,0.288,60,5,Rent,Debt Consolidation,Single,Bachelor,1,1,1
43,30391.92,4618.95,655,9.5,0.468,12,1,Rent,Home Improvement,Single,Master,1,0,0
38,36482.6,21314.62,635,8.6,0.156,48,3,Mortgage,Medical,Married,Master,1,0,0
24,91356.12,15165.5,718,1.8,0.272,12,5,Own,Education,Married,Bachelor,0,1,0
45,47774.41,26938.43,602,11.1,0.172,36,3,Rent,Auto,Married,Master,0,0,0
21,59141.01,13361.23,624,14.2,0.572,48,7,Mortgage,Business,Divorced,Bachelor,0,2,1
21,46277.25,3956.53,710,3.4,0.615,36,3,Own,Auto,Married,Bachelor,0,0,1
48,27131.68,10395.08,647,2.2,0.14,36,4,Rent,Medical,Single,High School,0,1,0
46,78190.64,11614.96,821,2.7,0.439,60,2,Own,Auto,Single,High School,0,1,0
39,63045.77,22472.16,712,2.0,0.117,48,3,Mortgage,Business,Single,High School,1,1,0
23,155254.1,3136.33,706,1.2,0.274,36,8,Rent,Medical,Married,Bachelor,0,0,0
31,29501.88,13750.43,645,4.8,0.659,36,4,Rent,Business,Single,Master,0,0,1
36,73960.5,19140.71,728,4.1,0.113,12,2,Own,Auto,Married,High School,0,0,0
21,25443.82,8408.16,620,3.1,0.159,36,7,Own,Debt Consolidation,Divorced,Bachelor,1,0,0
31,53033.19,14076.18,675,0.5,0.415,48,6,Rent,Education,Married,High School,1,2,0
47,79877.8,8613.4,567,8.0,0.507,48,3,Mortgage,Debt Consolidation,Married,Bachelor,0,1,1
57,17394.9,8016.83,743,1.0,0.633,60,3,Rent,Business,Single,Master,0,0,0
34,44246.6,10037.73,676,0.6,0.13,24,5,Mortgage,Debt Consolidation,Married,Master,0,0,0
49,36989.71,8123.49,828,4.9,0.625,60,7,Rent,Business,Single,Master,1,0,1
21,34510.58,21558.66,850,2.5,0.409,48,0,Mortgage,Auto,Divorced,Master,0,0,0
47,59433.08,7986.71,718,0.3,0.174,12,3,Own,Home Improvement,Single,Bachelor,0,0,0
30,85848.8,7100.8,656,2.2,0.141,36,5,Rent,Medical,Single,High School,0,0,0
43,45860.55,46053.09,564,7.4,0.267,36,3,Own,Auto,Married,Master,1,0,1
37,54325.19,26173.9,731,4.8,0.258,36,1,Rent,Home Improvement,Single,Master,1,1,0
55,51904.17,3629.83,668,2.3,0.232,24,3,Rent,Education,Single,High School,1,0,0
29,49065.03,7821.74,698,1.1,0.182,36,4,Rent,Auto,Married,High School,0,0,0
47,28433.65,15830.98,805,5.0,0.124,24,4,Mortgage,Home Improvement,Single,High School,0,0,0
36,85324.96,16757.96,575,10.9,0.131,60,5,Own,Business,Divorced,Bachelor,0,0,0
38,56817.39,4706.29,566,5.2,0.212,60,3,Mortgage,Medical,Single,Bachelor,0,0,0
37,59721.1,30061.36,628,8.4,0.273,36,3,Rent,Education,Single,Master,0,0,0
29,32752.85,23805.15,723,3.7,0.325,12,8,Rent,Business,Single,High School,1,0,0
39,38963.86,18719.69,699,6.3,0.233,36,1,Own,Medical,Single,Bachelor,1,0,0
39,44888.32,34534.36,569,11.3,0.16,36,1,Mortgage,Home Improvement,Married,Master,0,0,1
42,22764.05,18335.66,718,7.4,0.199,60,5,Mortgage,Education,Single,PhD,0,0,1
41,21077.95,18288.11,541,12.0,0.073,12,2,Rent,Debt Consolidation,Married,Master,0,1,0
49,36301.92,39750.41,574,2.8,0.298,48,6,Rent,Debt Consolidation,Divorced,Master,1,0,0
51,63656.73,28878.53,639,11.7,0.142,36,4,Rent,Debt Consolidation,Single,High School,0,0,0
27,35363.35,7412.66,600,4.9,0.087,24,4,Own,Education,Married,Master,1,1,0
50,29454.37,20810.99,730,10.2,0.468,24,5,Own,Education,Married,Bachelor,0,2,0
25,32619.23,8391.82,675,0.2,0.312,48,4,Own,Debt Consolidation,Married,Bachelor,0,1,1
47,39039.48,19013.57,808,5.4,0.35,36,7,Own,Education,Divorced,Bachelor,0,2,0
47,41071.53,18650.52,627,9.4,0.327,60,3,Mortgage,Auto,Married,Bachelor,0,0,0
21,144749.61,5072.42,639,1.0,0.612,60,4,Mortgage,Auto,Single,High School,0,0,1
41,83059.32,12267.49,758,5.4,0.282,36,9,Own,Debt Consolidation,Single,Bachelor,1,0,0
34,81829.01,16085.6,641,8.7,0.074,48,1,Own,Education,Single,High School,0,0,0
30,87929.46,9843.8,784,1.7,0.323,24,4,Mortgage,Business,Single,High School,1,0,0
56,29750.15,16652.19,698,2.6,0.051,60,5,Rent,Home Improvement,Married,Bachelor,0,0,0
32,26604.02,23485.26,438,4.2,0.313,36,5,Rent,Debt Consolidation,Married,High School,0,0,0
30,28185.55,13076.67,755,3.7,0.162,36,5,Own,Business,Married,High School,0,0,0
40,95535.49,15634.26,732,0.2,0.188,60,1,Rent,Business,Divorced,Master,1,0,0
48,37287.15,35185.76,735,0.5,0.218,12,7,Mortgage,Business,Married,Bachelor,0,0,0
38,26221.16,18605.97,478,0.5,0.421,36,2,Mortgage,Auto,Divorced,Bachelor,0,0,0
53,39517.62,15376.21,590,1.5,0.165,48,5,Mortgage,Medical,Single,Bachelor,1,0,0
46,43507.87,6831.81,597,1.4,0.112,24,5,Rent,Education,Married,High School,1,0,0
21,56061.62,21369.46,574,6.8,0.521,12,5,Mortgage,Auto,Single,High School,0,1,0
33,55574.26,16833.14,806,4.3,0.307,36,4,Own,Debt Consolidation,Married,High School,1,1,0
33,32399.87,32814.23,648,7.2,0.231,36,3,Rent,Education,Married,Master,1,0,0
45,69066.71,13805.4,646,0.4,0.299,36,3,Mortgage,Debt Consolidation,Single,High School,0,1,1
21,35610.76,3746.64,699,3.3,0.213,60,5,Own,Debt Consolidation,Single,High School,0,2,0
70,45336.23,4063.97,701,2.0,0.112,36,4,Mortgage,Home Improvement,Single,Master,0,1,0
46,69105.32,22358.83,349,9.5,0.293,36,5,Rent,Home Improvement,Married,Master,0,0,0
41,35564.0,8963.04,591,6.2,0.181,24,2,Mortgage,Medical,Married,High School,1,0,0
54,36876.3,18137.51,522,10.2,0.438,12,5,Rent,Auto,Married,Bachelor,0,1,0
68,65896.07,14471.88,686,0.2,0.168,36,8,Rent,Business,Married,Bachelor,0,1,0
50,31924.64,11887.14,623,6.4,0.153,36,5,Mortgage,Education,Married,Bachelor,0,1,0
51,40441.19,12488.3,651,3.9,0.091,48,4,Own,Auto,Divorced,Bachelor,0,0,0
41,64722.95,7289.77,462,8.7,0.707,36,6,Mortgage,Debt Consolidation,Married,High School,0,0,0
38,136905.5,13212.99,622,3.5,0.273,24,3,Mortgage,Medical,Married,PhD,0,0,0
34,66350.21,8873.77,750,3.9,0.172,48,3,Rent,Home Improvement,Divorced,High School,0,1,0
30,62088.74,10295.07,776,0.3,0.155,36,7,Mortgage,Education,Married,High School,0,0,0
31,63920.84,10651.39,714,5.5,0.03,24,7,Mortgage,Medical,Single,Bachelor,1,1,0
23,28664.22,11399.39,529,1.6,0.448,60,6,Mortgage,Business,Married,High School,0,1,1
39,51937.6,25476.75,763,0.1,0.554,36,5,Mortgage,Medical,Married,Bachelor,1,0,0
21,48296.62,12199.45,715,0.3,0.447,24,2,Own,Medical,Single,High School,1,0,0
42,57572.04,27353.28,639,15.8,0.1,48,3,Mortgage,Medical,Single,Bachelor,0,0,0
39,51961.28,39202.6,467,2.1,0.161,48,6,Mortgage,Debt Consolidation,Single,High School,1,0,0
41,59269.48,24305.58,735,10.1,0.131,48,3,Rent,Business,Married,PhD,0,0,0
33,41951.37,19421.34,596,16.1,0.304,36,5,Mortgage,Home Improvement,Single,High School,0,0,1
70,50478.58,16794.09,681,14.3,0.2,36,8,Mortgage,Auto,Divorced,High School,0,1,0
56,26531.44,24483.41,656,10.7,0.308,48,4,Mortgage,Home Improvement,Married,High School,0,0,1
25,41774.71,14222.1,788,11.3,0.164,48,2,Own,Medical,Divorced,Bachelor,0,1,0
42,98264.37,26614.17,638,1.7,0.308,36,2,Own,Medical,Single,Master,0,0,0
32,57492.18,20534.75,648,0.8,0.296,48,2,Rent,Auto,Divorced,Bachelor,0,0,1
27,48510.69,10384.94,792,5.1,0.161,24,3,Mortgage,Business,Divorced,Master,0,0,0
23,126508.1,25011.62,590,3.3,0.061,12,7,Rent,Medical,Single,Bachelor,0,0,0
45,24824.4,14243.22,723,0.5,0.555,60,6,Rent,Debt Consolidation,Single,High School,0,0,0
31,28149.14,12403.17,632,5.7,0.517,60,3,Mortgage,Education,Married,High School,1,0,0
51,115422.63,9572.6,559,4.1,0.226,48,7,Own,Debt Consolidation,Married,Bachelor,0,0,0
51,50160.37,15006.12,650,9.9,0.222,36,3,Mortgage,Home Improvement,Married,Master,0,0,0
56,43421.43,26836.65,712,4.7,0.163,24,1,Own,Debt Consolidation,Single,Bachelor,0,0,0
29,26913.89,24890.91,771,4.3,0.371,36,1,Rent,Home Improvement,Married,Master,0,0,0
45,61319.19,17109.27,782,2.9,0.243,48,7,Own,Medical,Single,High School,0,0,1
47,64358.86,20327.92,623,3.1,0.377,36,2,Rent,Debt Consolidation,Single,Bachelor,0,0,0
34,28360.51,32538.78,561,15.4,0.115,48,3,Mortgage,Debt Consolidation,Married,Bachelor,0,0,0
30,45700.39,12028.37,621,0.7,0.096,48,3,Mortgage,Auto,Single,High School,0,1,0
59,41449.96,6119.32,543,3.0,0.208,48,3,Mortgage,Home Improvement,Married,High School,1,0,0
42,55714.1,33216.13,630,5.3,0.349,60,4,Mortgage,Auto,Single,Bachelor,0,0,0
47,28011.62,9220.23,619,2.8,0.595,60,8,Rent,Business,Married,Master,0,2,0
30,91672.13,8240.06,715,1.7,0.411,48,5,Mortgage,Education,Married,Bachelor,0,0,1
25,77490.6,3799.64,451,1.7,0.377,24,3,Rent,Auto,Married,Bachelor,0,1,0
33,40880.65,19928.34,583,1.3,0.328,60,5,Mortgage,Debt Consolidation,Single,Master,1,0,1
38,43993.21,4294.04,584,2.1,0.216,24,5,Rent,Debt Consolidation,Single,High School,0,0,0
27,45788.53,7901.59,756,10.3,0.191,36,4,Own,Business,Married,High School,0,0,0
39,33217.95,20166.25,549,3.5,0.218,48,6,Rent,Home Improvement,Single,Bachelor,1,0,0
21,39272.72,22144.51,670,1.4,0.123,24,7,Mortgage,Home Improvement,Divorced,Bachelor,0,0,0
26,42824.46,8465.95,638,2.4,0.4,48,5,Mortgage,Education,Married,Bachelor,1,0,0
48,109802.02,12162.26,743,0.6,0.349,36,7,Mortgage,Home Improvement,Married,Bachelor,0,2,0
47,78692.97,7253.1,703,11.7,0.088,48,3,Mortgage,Business,Divorced,High School,0,0,0
35,78223.65,9100.84,660,,0.082,60,3,Rent,Medical,Married,High School,0,0,0
27,58980.54,16096.4,600,19.7,0.292,48,5,Mortgage,Medical,Single,Master,0,0,0
27,28038.57,9403.59,483,2.1,0.127,24,2,Own,Business,Single,Bachelor,0,0,0
35,48014.31,11260.42,672,9.1,0.163,12,1,Rent,Auto,Married,High School,0,0,0
47,79637.81,4792.01,697,1.5,0.228,60,1,Mortgage,Business,Married,Bachelor,0,0,0
51,26130.74,29527.26,508,0.4,0.169,36,5,Mortgage,Medical,Single,Bachelor,0,0,0
34,67391.66,19092.42,538,0.2,0.057,24,5,Rent,Education,Single,Master,0,0,0
26,156577.22,23272.64,672,4.7,0.258,48,3,Mortgage,Education,Married,Master,0,0,1
43,83358.71,32968.17,680,1.9,0.487,12,2,Mortgage,Medical,Married,Master,0,0,1
30,99410.65,7497.7,560,2.9,0.317,24,3,Rent,Auto,Divorced,High School,1,1,0
33,54675.41,10395.45,598,8.5,0.285,48,4,Own,Debt Consolidation,Divorced,High School,0,0,0
55,79536.08,3546.14,484,1.4,0.3,36,1,Mortgage,Debt Consolidation,Divorced,Bachelor,0,0,1
49,,100000.0,773,1.8,0.527,36,3,Rent,Debt Consolidation,Married,High School,1,0,0
41,72979.36,12031.58,533,9.3,0.178,48,7,Rent,Home Improvement,Married,PhD,0,0,0
24,67995.31,27642.49,698,3.4,0.503,60,4,Own,Medical,Single,High School,0,0,1
42,56667.47,5615.51,646,8.8,0.471,48,6,Own,Business,Divorced,High School,0,0,0
52,94655.92,26835.26,766,2.3,0.148,36,9,Rent,Auto,Married,Bachelor,1,0,0
35,37444.22,49036.18,578,2.5,0.176,48,5,Mortgage,Medical,Married,Bachelor,0,0,0
56,44643.82,12807.72,655,0.9,0.231,48,2,Rent,Debt Consolidation,Married,Bachelor,1,0,1
55,51417.35,6583.9,497,12.4,0.479,48,0,Rent,Auto,Married,High School,0,0,1
59,29295.66,12122.79,475,11.4,0.361,36,4,Own,Business,Divorced,Master,0,0,1
43,54910.84,2810.92,703,20.7,0.224,24,9,Rent,Medical,Married,Master,0,0,0
47,20754.84,13010.07,489,2.6,0.289,48,1,Rent,Business,Married,Master,0,0,0
56,82741.56,23734.31,629,8.5,0.223,24,3,Rent,Medical,Married,Master,1,0,0
45,50177.33,13029.48,741,2.7,0.478,36,0,Mortgage,Medical,Married,Master,0,0,0
33,37780.7,10950.08,717,3.0,0.38,24,8,Mortgage,Debt Consolidation,Married,Master,0,2,0
34,32299.7,19327.76,590,8.9,0.28,36,4,Mortgage,Auto,Married,Master,0,0,0
42,43595.56,20390.36,507,1.0,0.152,36,3,Mortgage,Education,Married,High School,0,0,0
24,69156.67,4180.0,695,1.2,0.536,60,4,Rent,Education,Single,High School,0,0,0
38,64464.47,14216.75,770,1.9,0.36,48,4,Mortgage,Education,Single,High School,0,1,0
53,34448.85,73510.95,590,7.8,0.288,24,4,Own,Debt Consolidation,Married,Bachelor,0,0,1
21,32111.84,5247.4,577,2.3,0.226,60,5,Rent,Medical,Divorced,High School,0,0,0
58,68080.72,12584.32,602,2.2,0.285,36,2,Own,Debt Consolidation,Married,High School,0,0,0
53,34160.53,52011.61,701,33.7,0.394,24,1,Rent,Medical,Single,High School,1,1,0
34,50511.43,28938.34,760,2.4,0.28,36,1,Mortgage,Education,Married,High School,0,1,0
46,52149.89,9326.57,538,1.4,0.149,24,2,Rent,Education,Married,Bachelor,0,2,0
40,57298.58,15433.48,515,4.9,0.056,36,4,Own,Debt Consolidation,Married,High School,0,0,0
54,75292.46,13339.99,850,8.1,0.202,48,4,Mortgage,Medical,Divorced,Master,0,0,0
51,26069.43,7913.69,634,0.4,0.581,48,1,Own,Education,Single,PhD,1,0,0
23,18852.87,12683.07,672,4.8,0.204,36,2,Mortgage,Home Improvement,Single,Bachelor,0,1,1
47,36911.42,10982.12,587,0.2,0.037,24,2,Mortgage,Home Improvement,Married,Bachelor,1,0,0
37,120663.89,14456.86,694,3.7,0.421,24,5,Mortgage,Education,Married,High School,0,0,0
40,134737.95,7911.97,736,1.5,0.458,60,4,Mortgage,Business,Single,Bachelor,1,0,0
31,122465.98,5466.35,676,1.8,0.159,36,3,Own,Medical,Divorced,Master,1,0,0
60,44511.79,12979.2,806,3.1,0.364,48,3,Own,Debt Consolidation,Divorced,High School,0,0,0
52,20109.4,44381.71,620,13.1,0.354,36,5,Rent,Medical,Married,PhD,1,1,0
31,15191.33,14151.02,626,6.2,0.118,12,3,Rent,Debt Consolidation,Single,High School,0,1,0
23,36061.49,10592.32,670,13.8,0.141,60,4,Rent,Business,Single,High School,0,0,0
35,44398.6,22648.75,691,5.4,0.415,12,5,Own,Education,Single,Master,1,0,0
45,93930.71,11958.24,670,0.0,0.232,48,4,Own,Education,Single,Bachelor,0,0,1
42,75652.27,49395.92,534,1.5,0.499,48,0,Own,Education,Married,High School,0,0,0
55,54923.83,13323.19,678,11.8,0.26,48,8,Mortgage,Medical,Single,Master,1,3,0
49,31416.16,21814.89,616,,0.501,48,3,Mortgage,Business,Single,Bachelor,1,1,0
51,30321.44,7877.59,597,20.0,0.252,48,5,Own,Debt Consolidation,Single,Master,1,1,1
43,55662.61,18999.4,652,0.8,0.426,36,4,Mortgage,Auto,Single,High School,1,0,0
23,69461.33,16196.74,563,1.8,0.26,60,7,Mortgage,Education,Single,Master,0,0,0
37,59631.58,12841.61,547,2.2,0.354,60,3,Rent,Debt Consolidation,Divorced,Master,0,0,0
52,29222.7,9402.86,414,2.0,0.095,36,3,Rent,Business,Divorced,PhD,0,0,0
39,67868.94,8547.37,807,1.5,0.197,36,4,Mortgage,Medical,Married,Bachelor,1,1,0
46,60654.89,16279.25,700,2.9,0.24,36,2,Own,Medical,Single,Bachelor,0,1,0
36,28700.41,20749.08,639,5.1,0.192,24,5,Mortgage,Business,Married,Master,0,0,1
27,33118.24,12221.92,589,1.9,0.261,24,2,Own,Medical,Divorced,High School,1,0,0
38,69164.84,16335.36,391,0.4,0.47,24,3,Mortgage,Home Improvement,Divorced,High School,1,0,0
43,43597.11,13009.82,584,6.2,0.016,48,2,Mortgage,Education,Married,High School,0,0,0
32,108507.4,14313.64,714,3.1,0.093,36,3,Mortgage,Auto,Single,Master,0,0,0
37,62979.51,11610.77,734,4.1,0.392,60,1,Mortgage,Business,Married,High School,0,0,0
28,38433.49,13528.86,707,3.0,0.157,48,1,Mortgage,Auto,Married,PhD,1,0,0
53,48771.29,88311.74,664,11.1,0.575,36,3,Rent,Business,Married,Bachelor,1,0,0
36,50599.23,16616.38,767,4.1,0.365,24,0,Own,Auto,Single,Bachelor,0,0,0
57,34057.48,20988.04,620,12.8,0.031,36,9,Own,Debt Consolidation,Single,Bachelor,0,0,0
58,31060.93,18153.46,747,3.6,0.09,60,5,Rent,Business,Married,Master,0,0,0
39,69612.19,11114.75,615,1.7,0.296,48,4,Own,Medical,Single,PhD,0,0,0
27,74804.75,33050.52,570,2.2,0.479,48,6,Own,Auto,Married,Bachelor,1,0,0
21,66296.39,10896.37,559,3.7,0.189,48,0,Mortgage,Debt Consolidation,Married,High School,0,0,0
22,104574.92,27960.22,554,3.8,0.169,36,5,Rent,Debt Consolidation,Divorced,High School,0,0,0
23,37388.31,10572.96,709,5.8,0.125,24,8,Mortgage,Education,Single,High School,1,1,0
56,113225.35,6822.76,583,1.3,0.615,24,1,Mortgage,Debt Consolidation,Married,High School,0,1,1
41,31242.65,17253.62,557,5.4,0.381,36,2,Own,Medical,Single,High School,0,0,0
44,29544.63,6165.55,714,7.5,0.269,36,5,Rent,Debt Consolidation,Divorced,Master,1,1,0
21,20333.41,19437.28,679,5.6,0.084,48,4,Mortgage,Auto,Married,Bachelor,0,0,0
25,39226.29,5791.17,736,3.3,0.061,36,8,Rent,Medical,Single,Bachelor,0,0,0
50,38106.45,10686.05,696,23.9,0.185,24,4,Mortgage,Education,Married,High School,0,0,0
43,63765.57,4903.92,582,2.6,0.251,48,6,Mortgage,Business,Married,High School,0,0,0
38,55378.43,96463.2,656,0.6,0.149,48,4,Mortgage,Medical,Married,Bachelor,0,0,0
46,26997.87,4197.43,661,8.6,0.216,24,6,Own,Business,Divorced,High School,0,0,0
59,40281.07,13451.82,567,1.2,0.268,60,8,Mortgage,Business,Divorced,High School,0,0,0
37,40711.63,29741.93,550,6.2,0.142,36,4,Mortgage,Business,Single,High School,0,0,1
40,20171.15,27597.21,588,1.0,0.092,48,4,Rent,Business,Married,Master,0,0,0
42,30017.22,24244.36,833,0.1,0.221,60,4,Rent,Education,Married,Master,1,0,0
68,33342.67,10699.37,612,0.9,0.412,24,2,Mortgage,Medical,Married,Bachelor,1,0,0
21,100389.46,34398.29,760,2.4,0.081,60,3,Own,Education,Divorced,Bachelor,0,0,0
48,53945.27,25320.6,607,0.6,0.18,48,3,Rent,Education,Married,Bachelor,1,1,0
38,68260.35,15500.22,729,1.1,0.204,24,4,Mortgage,Home Improvement,Single,Bachelor,0,0,0
46,23171.59,15810.14,731,7.2,0.329,48,2,Own,Home Improvement,Married,Master,1,0,0
32,89063.71,10799.49,735,7.3,0.225,60,4,Rent,Debt Consolidation,Single,Bachelor,0,0,0
39,93953.1,7067.37,684,8.5,0.188,48,4,Mortgage,Auto,Single,High School,1,0,0
48,18048.67,31761.36,773,9.2,0.13,48,6,Rent,Auto,Married,High School,0,1,0
70,34452.67,33474.71,684,2.7,0.248,24,5,Own,Education,Single,High School,1,0,0
49,62810.83,7194.87,804,10.1,0.451,24,1,Rent,Auto,Married,Master,1,0,0
29,67656.2,11996.26,504,3.7,0.377,36,5,Rent,Debt Consolidation,Divorced,Bachelor,1,1,0
